month,year,sku_id,sku_name,category,subcategory,monthly_units_sold,avg_daily_sales,total_revenue,spike_percentage,spike_reason,event_type,inventory_impact,demand_trend,festival_effect,seasonal_effect,promotion_effect,weekend_effect,stockout_days,lost_sales_units,business_notes
January,2024,SKU0264,Air Freshener Spray 300ml,Household,Air Freshener,219,7.1,34821.0,-11.7,Regular consumer demand,Normal Trading,Adequate inventory maintained,Moderate Decline,None,No Winter relevance,None,1% avg weekend uplift,0,0,Seasonal factor: No Winter relevance; Niche product - irregular demand pattern
January,2024,SKU0176,Water Bottle 1L,Household,Kitchenware,559,18.0,128011.0,-5.1,Regular consumer demand,Normal Trading,Adequate inventory maintained,Stable,None,No Winter relevance,None,3% avg weekend uplift,0,0,Seasonal factor: No Winter relevance
January,2024,SKU0060,Black Channa 1kg,Grocery,Pulses,774,25.0,76626.0,-10.8,Regular consumer demand,Normal Trading,Adequate inventory maintained,Moderate Decline,None,No Winter relevance,None,4% avg weekend uplift,0,0,Seasonal factor: No Winter relevance
January,2024,SKU0094,Energy Drink 250ml,Beverages,Beverages,171,5.5,23769.0,10.3,Regular consumer demand,Normal Trading,Adequate inventory maintained,Stable,None,No Winter relevance,None,3% avg weekend uplift,0,0,Seasonal factor: No Winter relevance; Niche product - irregular demand pattern
January,2024,SKU0097,Green Tea 100g,Beverages,Tea,116,3.7,19604.0,-6.5,Regular consumer demand,Normal Trading,Low stock impact - 3 units missed opportunity,Stable,None,No Winter relevance,None,3% avg weekend uplift,0,3,Seasonal factor: No Winter relevance; Niche product - irregular demand pattern
January,2024,SKU0062,Fresh Milk 1L,Dairy,Milk,1188,38.3,60588.0,3.6,Regular consumer demand,Normal Trading,Adequate inventory maintained,Stable,None,No Winter relevance,None,7% avg weekend uplift,0,0,Seasonal factor: No Winter relevance
January,2024,SKU0138,Tomato 1kg,Fruits & Vegetables,Vegetables,960,31.0,40320.0,3.2,Regular consumer demand,Normal Trading,Adequate inventory maintained,Stable,None,No Winter relevance,None,9% avg weekend uplift,0,0,Seasonal factor: No Winter relevance
January,2024,SKU0139,Onion 1kg,Fruits & Vegetables,Vegetables,1233,39.8,39456.0,-0.6,Regular consumer demand,Normal Trading,Low stock impact - 43 units missed opportunity,Stable,None,No Winter relevance,None,9% avg weekend uplift,0,43,Seasonal factor: No Winter relevance
January,2024,SKU0294,Men's Kurta Set XL,Lifestyle,Clothing,815,26.3,1710685.0,75.3,Pongal demand surge - Festival,Festival - Pongal,Adequate inventory maintained,Strong Increase,Pongal,No Winter relevance,None,7% avg weekend uplift,0,0,Festival demand: Pongal; Seasonal factor: No Winter relevance; Significant demand spike - review forecast
January,2024,SKU0123,Muffins 2pcs,Bakery,Bakery,83,2.7,6557.0,-10.8,Regular consumer demand,Normal Trading,Adequate inventory maintained,Moderate Decline,None,No Winter relevance,None,3% avg weekend uplift,0,0,Seasonal factor: No Winter relevance; Niche product - irregular demand pattern
January,2024,SKU0178,Pooja Plate Set,Household,Religious,970,31.3,260930.0,56.5,"Pongal demand surge - Pooja, Religious, Festival",Festival - Pongal,Low stock impact - 64 units missed opportunity,Strong Increase,Pongal,No Winter relevance,None,3% avg weekend uplift,0,64,Festival demand: Pongal; Seasonal factor: No Winter relevance; Significant demand spike - review forecast
January,2024,SKU0206,Gift Wrap Paper 5 sheets,Stationery,Gift Wrap,662,21.4,41044.0,64.3,Pongal demand surge - Festival,Festival - Pongal,Adequate inventory maintained,Strong Increase,Pongal,No Winter relevance,None,3% avg weekend uplift,0,0,Festival demand: Pongal; Seasonal factor: No Winter relevance; Significant demand spike - review forecast
January,2024,SKU0021,Sugar 1kg,Grocery,Sweeteners,726,23.4,30492.0,46.4,Pongal demand surge - Sugar,Festival - Pongal,Low stock impact - 72 units missed opportunity,Moderate Increase,Pongal,No Winter relevance,None,4% avg weekend uplift,0,72,Festival demand: Pongal; Seasonal factor: No Winter relevance
January,2024,SKU0132,Frozen Nuggets 500g,Frozen Foods,Frozen Foods,192,6.2,43968.0,3.2,Regular consumer demand,Normal Trading,Adequate inventory maintained,Stable,None,No Winter relevance,None,4% avg weekend uplift,0,0,Seasonal factor: No Winter relevance; Niche product - irregular demand pattern
January,2024,SKU0268,Lip Balm 10g,Personal Care,Lip Care,602,19.4,47558.0,-7.5,Regular consumer demand,Normal Trading,Adequate inventory maintained,Stable,None,No Winter relevance,None,6% avg weekend uplift,0,0,Seasonal factor: No Winter relevance
January,2024,SKU0086,Health Drink 1kg,Beverages,Health Drinks,868,28.0,285572.0,0.0,Regular consumer demand,Normal Trading,Adequate inventory maintained,Stable,None,No Winter relevance,None,12% avg weekend uplift,0,0,Seasonal factor: No Winter relevance
January,2024,SKU0130,Frozen Parotta 400g,Frozen Foods,Frozen Foods,913,29.5,56606.0,1.6,Regular consumer demand,Normal Trading,Adequate inventory maintained,Stable,None,No Winter relevance,None,15% avg weekend uplift,0,0,Seasonal factor: No Winter relevance
January,2024,SKU0081,Tea Powder 1kg,Beverages,Tea,582,18.8,156558.0,17.3,Regular consumer demand,Normal Trading,Adequate inventory maintained,Stable,None,No Winter relevance,None,12% avg weekend uplift,0,0,Seasonal factor: No Winter relevance
January,2024,SKU0084,Instant Coffee 200g,Beverages,Coffee,804,25.9,135876.0,23.5,Regular consumer demand,Weekend/Demand Surge,Adequate inventory maintained,Moderate Increase,None,No Winter relevance,None,12% avg weekend uplift,0,0,Seasonal factor: No Winter relevance
January,2024,SKU0246,Frozen Chapati 20pcs,Frozen Foods,Frozen Foods,1094,35.3,152066.0,17.6,Regular consumer demand,Normal Trading,Adequate inventory maintained,Stable,None,No Winter relevance,None,15% avg weekend uplift,0,0,Seasonal factor: No Winter relevance
January,2024,SKU0291,Christmas Chocolates 24pcs,Snacks,Chocolates,535,17.3,748465.0,23.3,Regular consumer demand,Weekend/Demand Surge,Adequate inventory maintained,Moderate Increase,None,No Winter relevance,None,17% avg weekend uplift,0,0,Seasonal factor: No Winter relevance
January,2024,SKU0026,Coriander Powder 200g,Grocery,Spices,771,24.9,40092.0,3.6,Regular consumer demand,Normal Trading,Low stock impact - 80 units missed opportunity,Stable,None,No Winter relevance,None,4% avg weekend uplift,0,80,Seasonal factor: No Winter relevance
January,2024,SKU0036,Vermicelli 500g,Grocery,Pasta,355,11.5,25560.0,4.1,Regular consumer demand,Normal Trading,Stockout for 2 days - lost 17 units,Stable,None,No Winter relevance,None,4% avg weekend uplift,2,17,Seasonal factor: No Winter relevance; Inventory issue: Stockout for 2 days - lost 17 units
January,2024,SKU0077,Lassi 200ml,Dairy,Beverages,769,24.8,24608.0,7.9,Regular consumer demand,Normal Trading,Adequate inventory maintained,Stable,None,No Winter relevance,None,7% avg weekend uplift,0,0,Seasonal factor: No Winter relevance
January,2024,SKU0150,Sugarcane Per Stick,Fruits & Vegetables,Fruits,854,27.5,19642.0,83.7,Pongal demand surge - Pongal,Festival - Pongal,Adequate inventory maintained,Strong Increase,Pongal,No Winter relevance,None,9% avg weekend uplift,0,0,Festival demand: Pongal; Seasonal factor: No Winter relevance; Significant demand spike - review forecast
January,2024,SKU0210,Earphones Wired,Electronics,Electronics,144,4.6,60336.0,-7.1,Regular consumer demand,Normal Trading,Adequate inventory maintained,Stable,None,No Winter relevance,None,2% avg weekend uplift,0,0,Seasonal factor: No Winter relevance; Niche product - irregular demand pattern
January,2024,SKU0119,Bread Loaf 400g,Bakery,Bakery,1541,49.7,64722.0,13.0,Regular consumer demand,Normal Trading,Adequate inventory maintained,Stable,None,No Winter relevance,None,10% avg weekend uplift,0,0,Seasonal factor: No Winter relevance
January,2024,SKU0161,Diya Lamps 10pcs,Household,Religious,527,17.0,73253.0,30.8,Pongal demand surge - Religious,Festival - Pongal,Stockout for 3 days - lost 37 units,Moderate Increase,Pongal,No Winter relevance,None,3% avg weekend uplift,3,37,Festival demand: Pongal; Seasonal factor: No Winter relevance; Inventory issue: Stockout for 3 days - lost 37 units
January,2024,SKU0261,Cheese Balls 150g,Snacks,Snacks,378,12.2,44982.0,52.4,Buy 1 Get 1 on select snacks,Promotion - New Year Sale,Adequate inventory maintained,Strong Increase,None,No Winter relevance,New Year Sale,5% avg weekend uplift,0,0,Seasonal factor: No Winter relevance; Promotion active: New Year Sale; Significant demand spike - review forecast; Niche product - irregular demand pattern
January,2024,SKU0193,Shaving Razor 2pcs,Personal Care,Grooming,787,25.4,133003.0,10.4,Regular consumer demand,Normal Trading,Adequate inventory maintained,Stable,None,No Winter relevance,None,6% avg weekend uplift,0,0,Seasonal factor: No Winter relevance
January,2024,SKU0011,Urad Dal 1kg,Grocery,Pulses,571,18.4,107919.0,-12.3,Regular consumer demand,Normal Trading,Low stock impact - 46 units missed opportunity,Moderate Decline,None,No Winter relevance,None,4% avg weekend uplift,0,46,Seasonal factor: No Winter relevance
January,2024,SKU0052,Quinoa 500g,Grocery,Grains,213,6.9,57297.0,14.5,Regular consumer demand,Normal Trading,Adequate inventory maintained,Stable,None,No Winter relevance,None,1% avg weekend uplift,0,0,Seasonal factor: No Winter relevance; Niche product - irregular demand pattern
January,2024,SKU0020,Jaggery 1kg,Grocery,Sweeteners,1615,52.1,127585.0,73.7,"Pongal demand surge - Pongal, Jaggery",Festival - Pongal,Adequate inventory maintained,Strong Increase,Pongal,No Winter relevance,None,4% avg weekend uplift,0,0,Festival demand: Pongal; Seasonal factor: No Winter relevance; Significant demand spike - review forecast
January,2024,SKU0149,Coconut Per Piece,Fruits & Vegetables,Fruits,540,17.4,17280.0,93.5,"Pongal demand surge - Pongal, Coconut",Festival - Pongal,Adequate inventory maintained,Strong Increase,Pongal,No Winter relevance,None,9% avg weekend uplift,0,0,Festival demand: Pongal; Seasonal factor: No Winter relevance; Significant demand spike - review forecast
January,2024,SKU0253,Dry Fruit Mix 1kg,Grocery,Nuts,437,14.1,349163.0,41.0,Winter demand - Dry Fruit,Seasonal - Winter,Adequate inventory maintained,Moderate Increase,None,Winter demand - Dry Fruit,None,4% avg weekend uplift,0,0,Seasonal factor: Winter demand - Dry Fruit
January,2024,SKU0031,Cashew Nuts 500g,Grocery,Nuts,548,17.7,218652.0,-7.0,Regular consumer demand,Normal Trading,Adequate inventory maintained,Stable,None,No Winter relevance,None,4% avg weekend uplift,0,0,Seasonal factor: No Winter relevance
January,2024,SKU0213,Mixer Grinder 750W,Electronics,Appliances,100,3.2,269900.0,7.5,Regular consumer demand,Normal Trading,Stockout for 4 days - lost 8 units,Stable,None,No Winter relevance,None,2% avg weekend uplift,4,8,Seasonal factor: No Winter relevance; Inventory issue: Stockout for 4 days - lost 8 units; Niche product - irregular demand pattern
January,2024,SKU0245,Instant Upma Mix 500g,Grocery,Mixes,792,25.5,70488.0,-8.8,Regular consumer demand,Normal Trading,Adequate inventory maintained,Stable,None,No Winter relevance,None,4% avg weekend uplift,0,0,Seasonal factor: No Winter relevance
January,2024,SKU0181,Bath Soap 150g,Personal Care,Bath Soaps,1027,33.1,43134.0,18.3,Regular consumer demand,Normal Trading,Adequate inventory maintained,Stable,None,No Winter relevance,None,6% avg weekend uplift,0,0,Seasonal factor: No Winter relevance
January,2024,SKU0143,Garlic 250g,Fruits & Vegetables,Vegetables,525,16.9,27300.0,12.9,Regular consumer demand,Normal Trading,Adequate inventory maintained,Stable,None,No Winter relevance,None,9% avg weekend uplift,0,0,Seasonal factor: No Winter relevance
January,2024,SKU0044,Cornflakes 500g,Grocery,Breakfast,414,13.4,65826.0,-11.0,Regular consumer demand,Normal Trading,Adequate inventory maintained,Moderate Decline,None,No Winter relevance,None,4% avg weekend uplift,0,0,Seasonal factor: No Winter relevance
January,2024,SKU0290,Decorative Candles 6pcs,Household,Decorations,1049,33.8,145811.0,78.1,Pongal demand surge - Decorative,Festival - Pongal,Adequate inventory maintained,Strong Increase,Pongal,No Winter relevance,None,3% avg weekend uplift,0,0,Festival demand: Pongal; Seasonal factor: No Winter relevance; Significant demand spike - review forecast
January,2024,SKU0234,Bluetooth Speaker Portable,Electronics,Electronics,221,7.1,309179.0,-10.9,Regular consumer demand,Normal Trading,Adequate inventory maintained,Moderate Decline,None,No Winter relevance,None,2% avg weekend uplift,0,0,Seasonal factor: No Winter relevance; Niche product - irregular demand pattern
January,2024,SKU0230,Pongal Pot Set,Household,Religious,572,18.5,262548.0,84.5,"Pongal demand surge - Pongal, Religious",Festival - Pongal,Adequate inventory maintained,Strong Increase,Pongal,No Winter relevance,None,3% avg weekend uplift,0,0,Festival demand: Pongal; Seasonal factor: No Winter relevance; Significant demand spike - review forecast
January,2024,SKU0115,Salted Peanuts 200g,Snacks,Nuts,635,20.5,50165.0,13.8,Regular consumer demand,Normal Trading,Adequate inventory maintained,Stable,None,No Winter relevance,None,17% avg weekend uplift,0,0,Seasonal factor: No Winter relevance
January,2024,SKU0090,Mineral Water 1L,Beverages,Beverages,1047,33.8,19893.0,16.5,Regular consumer demand,Normal Trading,Low stock impact - 86 units missed opportunity,Stable,None,No Winter relevance,None,12% avg weekend uplift,0,86,Seasonal factor: No Winter relevance
January,2024,SKU0108,Chocolate Cookies 200g,Snacks,Biscuits,863,27.8,68177.0,21.0,Regular consumer demand,Weekend/Demand Surge,Adequate inventory maintained,Moderate Increase,None,No Winter relevance,None,17% avg weekend uplift,0,0,Seasonal factor: No Winter relevance
January,2024,SKU0229,Santa Cap Free Size,Lifestyle,Clothing,243,7.8,33777.0,-12.9,Regular consumer demand,Normal Trading,Stockout for 2 days - lost 13 units,Moderate Decline,None,No Winter relevance,None,7% avg weekend uplift,2,13,Seasonal factor: No Winter relevance; Inventory issue: Stockout for 2 days - lost 13 units
January,2024,SKU0225,Plastic Chairs Single,Lifestyle,Furniture,115,3.7,71185.0,-7.3,Regular consumer demand,Normal Trading,Low stock impact - 3 units missed opportunity,Stable,None,No Winter relevance,None,2% avg weekend uplift,0,3,Seasonal factor: No Winter relevance; Niche product - irregular demand pattern
January,2024,SKU0259,Fresh Lime Soda 250ml,Beverages,Beverages,414,13.4,17388.0,21.4,Regular consumer demand,Weekend/Demand Surge,Adequate inventory maintained,Moderate Increase,None,No Winter relevance,None,12% avg weekend uplift,0,0,Seasonal factor: No Winter relevance
January,2024,SKU0059,Green Gram 1kg,Grocery,Pulses,488,15.7,43432.0,4.9,Regular consumer demand,Normal Trading,Adequate inventory maintained,Stable,None,No Winter relevance,None,4% avg weekend uplift,0,0,Seasonal factor: No Winter relevance
January,2024,SKU0293,Silk Saree Combo Festival Pack,Lifestyle,Clothing,451,14.5,1668249.0,32.3,"Pongal demand surge - Pongal, Saree, Festival",Festival - Pongal,Stockout for 5 days - lost 76 units,Moderate Increase,Pongal,No Winter relevance,None,7% avg weekend uplift,5,76,Festival demand: Pongal; Seasonal factor: No Winter relevance; Inventory issue: Stockout for 5 days - lost 76 units
January,2024,SKU0124,Birthday Cake 1kg,Bakery,Bakery,118,3.8,54162.0,-4.8,Regular consumer demand,Normal Trading,Adequate inventory maintained,Stable,None,No Winter relevance,None,3% avg weekend uplift,0,0,Seasonal factor: No Winter relevance; Niche product - irregular demand pattern
January,2024,SKU0260,Sports Drink 250ml,Beverages,Beverages,329,10.6,17108.0,17.9,Regular consumer demand,Normal Trading,Low stock impact - 11 units missed opportunity,Stable,None,No Winter relevance,None,12% avg weekend uplift,0,11,Seasonal factor: No Winter relevance
January,2024,SKU0103,Murukku 250g,Snacks,Traditional Snacks,796,25.7,94724.0,35.1,Buy 1 Get 1 on select snacks,Promotion - New Year Sale,Adequate inventory maintained,Moderate Increase,None,No Winter relevance,New Year Sale,17% avg weekend uplift,0,0,Seasonal factor: No Winter relevance; Promotion active: New Year Sale
January,2024,SKU0166,Detergent Powder 2kg,Household,Laundry,783,25.3,179307.0,-9.8,Regular consumer demand,Normal Trading,Adequate inventory maintained,Stable,None,No Winter relevance,None,3% avg weekend uplift,0,0,Seasonal factor: No Winter relevance
January,2024,SKU0164,Dishwash Liquid 750ml,Household,Cleaning,853,27.5,118567.0,-5.1,Regular consumer demand,Normal Trading,Adequate inventory maintained,Stable,None,No Winter relevance,None,3% avg weekend uplift,0,0,Seasonal factor: No Winter relevance
January,2024,SKU0167,Detergent Powder 2kg,Household,Laundry,968,31.2,260392.0,4.1,Regular consumer demand,Normal Trading,Adequate inventory maintained,Stable,None,No Winter relevance,None,3% avg weekend uplift,0,0,Seasonal factor: No Winter relevance
January,2024,SKU0105,Banana Chips 250g,Snacks,Chips,1574,50.8,140086.0,75.1,Pongal demand surge - Banana,Festival - Pongal,Adequate inventory maintained,Strong Increase,Pongal,No Winter relevance,None,17% avg weekend uplift,0,0,Festival demand: Pongal; Seasonal factor: No Winter relevance; Significant demand spike - review forecast
January,2024,SKU0035,Dates Premium 500g,Grocery,Nuts,416,13.4,111904.0,3.2,Regular consumer demand,Normal Trading,Adequate inventory maintained,Stable,None,No Winter relevance,None,4% avg weekend uplift,0,0,Seasonal factor: No Winter relevance
January,2024,SKU0042,Pickle Jar 500g,Grocery,Condiments,797,25.7,94843.0,11.8,Regular consumer demand,Normal Trading,Adequate inventory maintained,Stable,None,No Winter relevance,None,4% avg weekend uplift,0,0,Seasonal factor: No Winter relevance
January,2024,SKU0095,Badam Milk 180ml,Beverages,Beverages,443,14.3,18606.0,9.9,Regular consumer demand,Normal Trading,Adequate inventory maintained,Stable,None,No Winter relevance,None,12% avg weekend uplift,0,0,Seasonal factor: No Winter relevance
January,2024,SKU0203,Pencil Box 10pcs,Stationery,Stationery,96,3.1,13344.0,3.2,Regular consumer demand,Normal Trading,Adequate inventory maintained,Stable,None,No Winter relevance,None,1% avg weekend uplift,0,0,Seasonal factor: No Winter relevance
January,2024,SKU0111,Halwa Pack 500g,Snacks,Traditional Sweets,535,17.3,143915.0,7.9,Regular consumer demand,Normal Trading,Adequate inventory maintained,Stable,None,No Winter relevance,None,17% avg weekend uplift,0,0,Seasonal factor: No Winter relevance
January,2024,SKU0156,Cucumber 1kg,Fruits & Vegetables,Vegetables,1106,35.7,35392.0,-0.9,Regular consumer demand,Normal Trading,Low stock impact - 73 units missed opportunity,Stable,None,No Winter relevance,None,9% avg weekend uplift,0,73,Seasonal factor: No Winter relevance
January,2024,SKU0023,Rock Salt 500g,Grocery,Salt,489,15.8,15648.0,-7.2,Regular consumer demand,Normal Trading,Low stock impact - 31 units missed opportunity,Stable,None,No Winter relevance,None,4% avg weekend uplift,0,31,Seasonal factor: No Winter relevance
January,2024,SKU0002,Ponni Rice 10kg,Grocery,Rice,1387,44.7,1801713.0,54.3,"Pongal demand surge - Pongal, Rice",Festival - Pongal,Adequate inventory maintained,Strong Increase,Pongal,No Winter relevance,None,4% avg weekend uplift,0,0,Festival demand: Pongal; Seasonal factor: No Winter relevance; Significant demand spike - review forecast
January,2024,SKU0187,Toothpaste 150g,Personal Care,Oral Care,893,28.8,64296.0,2.9,Regular consumer demand,Normal Trading,Adequate inventory maintained,Stable,None,No Winter relevance,None,6% avg weekend uplift,0,0,Seasonal factor: No Winter relevance
January,2024,SKU0275,Kitchen Towels 2 Rolls,Household,Kitchenware,653,21.1,77707.0,-12.2,Regular consumer demand,Normal Trading,Adequate inventory maintained,Moderate Decline,None,No Winter relevance,None,3% avg weekend uplift,0,0,Seasonal factor: No Winter relevance
January,2024,SKU0192,Perfume Gift Set,Personal Care,Fragrances,522,16.8,417078.0,-6.5,Regular consumer demand,Normal Trading,Adequate inventory maintained,Stable,None,No Winter relevance,None,6% avg weekend uplift,0,0,Seasonal factor: No Winter relevance
January,2024,SKU0008,Maida Flour 1kg,Grocery,Flour,766,24.7,32172.0,-8.5,Regular consumer demand,Normal Trading,Low stock impact - 26 units missed opportunity,Stable,None,No Winter relevance,None,4% avg weekend uplift,0,26,Seasonal factor: No Winter relevance
January,2024,SKU0239,Vitamin Supplements 30 tabs,Personal Care,Health,734,23.7,241486.0,7.6,Regular consumer demand,Normal Trading,Low stock impact - 27 units missed opportunity,Stable,None,No Winter relevance,None,6% avg weekend uplift,0,27,Seasonal factor: No Winter relevance
January,2024,SKU0160,Camphor 100g,Household,Religious,488,15.7,43432.0,43.1,"Pongal demand surge - Religious, Festival",Festival - Pongal,Adequate inventory maintained,Moderate Increase,Pongal,No Winter relevance,None,3% avg weekend uplift,0,0,Festival demand: Pongal; Seasonal factor: No Winter relevance
January,2024,SKU0298,Pongal Sugar Pack 2kg,Grocery,Sweeteners,1007,32.5,170183.0,80.5,"Pongal demand surge - Pongal, Sugar",Festival - Pongal,Adequate inventory maintained,Strong Increase,Pongal,No Winter relevance,None,4% avg weekend uplift,0,0,Festival demand: Pongal; Seasonal factor: No Winter relevance; Significant demand spike - review forecast
January,2024,SKU0054,Honey 500g,Grocery,Sweeteners,773,24.9,122907.0,8.4,Regular consumer demand,Normal Trading,Low stock impact - 56 units missed opportunity,Stable,None,No Winter relevance,None,4% avg weekend uplift,0,56,Seasonal factor: No Winter relevance
January,2024,SKU0263,Frozen Veg Burger Patty 400g,Frozen Foods,Frozen Foods,113,3.6,22487.0,-8.9,Regular consumer demand,Normal Trading,Adequate inventory maintained,Stable,None,No Winter relevance,None,4% avg weekend uplift,0,0,Seasonal factor: No Winter relevance; Niche product - irregular demand pattern
January,2024,SKU0019,Ghee 1L,Grocery,Ghee,1080,34.8,560520.0,104.9,Pongal demand surge - Ghee; Winter demand - Ghee,Festival - Pongal,Adequate inventory maintained,Strong Increase,Pongal,Winter demand - Ghee,None,4% avg weekend uplift,0,0,Festival demand: Pongal; Seasonal factor: Winter demand - Ghee; Significant demand spike - review forecast
January,2024,SKU0070,Ice Cream Family Pack 1L,Dairy,Frozen,408,13.2,68952.0,9.7,Regular consumer demand,Normal Trading,Adequate inventory maintained,Stable,None,No Winter relevance,None,7% avg weekend uplift,0,0,Seasonal factor: No Winter relevance
January,2024,SKU0147,Watermelon Per Piece,Fruits & Vegetables,Fruits,289,9.3,17918.0,3.6,Regular consumer demand,Normal Trading,Low stock impact - 12 units missed opportunity,Stable,None,No Winter relevance,None,9% avg weekend uplift,0,12,Seasonal factor: No Winter relevance
January,2024,SKU0286,Dry Fruit Gift Hamper Combo,Grocery,Gift Sets,579,18.7,694221.0,55.6,Winter demand - Dry Fruit,Seasonal - Winter,Stockout for 3 days - lost 40 units,Strong Increase,None,Winter demand - Dry Fruit,None,4% avg weekend uplift,3,40,Seasonal factor: Winter demand - Dry Fruit; Inventory issue: Stockout for 3 days - lost 40 units; Significant demand spike - review forecast
January,2024,SKU0047,Biryani Masala 100g,Grocery,Spices,393,12.7,16506.0,-15.5,Regular consumer demand,Normal Trading,Stockout for 5 days - lost 56 units,Moderate Decline,None,No Winter relevance,None,4% avg weekend uplift,5,56,Seasonal factor: No Winter relevance; Inventory issue: Stockout for 5 days - lost 56 units
January,2024,SKU0182,Bath Soap 125g,Personal Care,Bath Soaps,933,30.1,57846.0,0.3,Regular consumer demand,Normal Trading,Adequate inventory maintained,Stable,None,No Winter relevance,None,6% avg weekend uplift,0,0,Seasonal factor: No Winter relevance
January,2024,SKU0183,Shampoo Sachet 6ml,Personal Care,Hair Care,575,18.5,2875.0,15.9,Regular consumer demand,Normal Trading,Adequate inventory maintained,Stable,None,No Winter relevance,None,6% avg weekend uplift,0,0,Seasonal factor: No Winter relevance
January,2024,SKU0069,Flavored Yogurt 90g,Dairy,Dairy,86,2.8,3612.0,-7.5,Regular consumer demand,Normal Trading,Adequate inventory maintained,Stable,None,No Winter relevance,None,2% avg weekend uplift,0,0,Seasonal factor: No Winter relevance; Niche product - irregular demand pattern
January,2024,SKU0007,Wheat Flour Atta 5kg,Grocery,Atta,1026,33.1,306774.0,18.2,Regular consumer demand,Normal Trading,Adequate inventory maintained,Stable,None,No Winter relevance,None,4% avg weekend uplift,0,0,Seasonal factor: No Winter relevance
January,2024,SKU0276,Match Box 10pcs,Household,Household,716,23.1,16468.0,-11.2,Regular consumer demand,Normal Trading,Adequate inventory maintained,Moderate Decline,None,No Winter relevance,None,3% avg weekend uplift,0,0,Seasonal factor: No Winter relevance
January,2024,SKU0096,Fruit Syrup 750ml,Beverages,Syrups,588,19.0,93492.0,5.4,Regular consumer demand,Normal Trading,Adequate inventory maintained,Stable,None,No Winter relevance,None,12% avg weekend uplift,0,0,Seasonal factor: No Winter relevance
January,2024,SKU0079,Probiotic Drink 5pcs,Dairy,Beverages,146,4.7,17374.0,-5.8,Regular consumer demand,Normal Trading,Adequate inventory maintained,Stable,None,No Winter relevance,None,2% avg weekend uplift,0,0,Seasonal factor: No Winter relevance; Niche product - irregular demand pattern
January,2024,SKU0078,Dairy Whitener 400g,Dairy,Dairy,742,23.9,103138.0,-14.5,Regular consumer demand,Normal Trading,Low stock impact - 73 units missed opportunity,Moderate Decline,None,No Winter relevance,None,7% avg weekend uplift,0,73,Seasonal factor: No Winter relevance
January,2024,SKU0116,Namkeen Mix 400g,Snacks,Traditional Snacks,626,20.2,87014.0,18.8,Regular consumer demand,Normal Trading,Adequate inventory maintained,Stable,None,No Winter relevance,None,17% avg weekend uplift,0,0,Seasonal factor: No Winter relevance
January,2024,SKU0281,Mosquito Bat Rechargeable,Household,Pest Control,715,23.1,235235.0,15.3,Regular consumer demand,Normal Trading,Adequate inventory maintained,Stable,None,No Winter relevance,None,3% avg weekend uplift,0,0,Seasonal factor: No Winter relevance
January,2024,SKU0226,Saree Gift Pack Silk Blend,Lifestyle,Clothing,720,23.2,1943280.0,54.8,Pongal demand surge - Saree,Festival - Pongal,Adequate inventory maintained,Strong Increase,Pongal,No Winter relevance,None,7% avg weekend uplift,0,0,Festival demand: Pongal; Seasonal factor: No Winter relevance; Significant demand spike - review forecast
January,2024,SKU0238,Face Mask Pack 3pcs,Personal Care,Beauty,156,5.0,35724.0,0.6,Regular consumer demand,Normal Trading,Adequate inventory maintained,Stable,None,No Winter relevance,None,2% avg weekend uplift,0,0,Seasonal factor: No Winter relevance; Niche product - irregular demand pattern
January,2024,SKU0299,Ramadan Combo Kit,Grocery,Gift Sets,305,9.8,243695.0,-18.0,Regular consumer demand,Normal Trading,Stockout for 4 days - lost 29 units,Moderate Decline,None,No Winter relevance,None,4% avg weekend uplift,4,29,Seasonal factor: No Winter relevance; Inventory issue: Stockout for 4 days - lost 29 units
January,2024,SKU0050,Sugar Candy 250g,Grocery,Sweeteners,665,21.5,47880.0,65.0,"Pongal demand surge - Sugar, Festival",Festival - Pongal,Stockout for 3 days - lost 53 units,Strong Increase,Pongal,No Winter relevance,None,4% avg weekend uplift,3,53,Festival demand: Pongal; Seasonal factor: No Winter relevance; Inventory issue: Stockout for 3 days - lost 53 units; Significant demand spike - review forecast
January,2024,SKU0128,Donuts 2pcs,Bakery,Bakery,131,4.2,15589.0,5.6,Regular consumer demand,Normal Trading,Adequate inventory maintained,Stable,None,No Winter relevance,None,3% avg weekend uplift,0,0,Seasonal factor: No Winter relevance; Niche product - irregular demand pattern
January,2024,SKU0272,Lunch Box Medium,Household,Kitchenware,584,18.8,157096.0,17.7,Regular consumer demand,Normal Trading,Adequate inventory maintained,Stable,None,No Winter relevance,None,3% avg weekend uplift,0,0,Seasonal factor: No Winter relevance
January,2024,SKU0244,Green Peas Masala 200g,Grocery,Mixes,223,7.2,17617.0,2.8,Regular consumer demand,Normal Trading,Low stock impact - 13 units missed opportunity,Stable,None,No Winter relevance,None,1% avg weekend uplift,0,13,Seasonal factor: No Winter relevance; Niche product - irregular demand pattern
January,2024,SKU0014,Groundnut Oil 1L,Grocery,Oil,870,28.1,112230.0,75.4,Pongal demand surge - Oil,Festival - Pongal,Adequate inventory maintained,Strong Increase,Pongal,No Winter relevance,None,4% avg weekend uplift,0,0,Festival demand: Pongal; Seasonal factor: No Winter relevance; Significant demand spike - review forecast
January,2024,SKU0106,Popcorn 100g,Snacks,Chips,839,27.1,35238.0,50.4,Buy 1 Get 1 on select snacks,Promotion - New Year Sale,Adequate inventory maintained,Strong Increase,None,No Winter relevance,New Year Sale,17% avg weekend uplift,0,0,Seasonal factor: No Winter relevance; Promotion active: New Year Sale; Significant demand spike - review forecast
January,2024,SKU0013,Chana Dal 1kg,Grocery,Pulses,845,27.3,134355.0,-6.0,Regular consumer demand,Normal Trading,Adequate inventory maintained,Stable,None,No Winter relevance,None,4% avg weekend uplift,0,0,Seasonal factor: No Winter relevance
January,2024,SKU0029,Pepper Powder 100g,Grocery,Spices,943,30.4,112217.0,8.6,Regular consumer demand,Normal Trading,Adequate inventory maintained,Stable,None,No Winter relevance,None,4% avg weekend uplift,0,0,Seasonal factor: No Winter relevance
January,2024,SKU0218,Umbrella Large,Lifestyle,Rainwear,351,11.3,115479.0,2.9,Regular consumer demand,Normal Trading,Low stock impact - 26 units missed opportunity,Stable,None,No Winter relevance,None,7% avg weekend uplift,0,26,Seasonal factor: No Winter relevance
January,2024,SKU0287,Festival Sweet Combo 2kg,Snacks,Traditional Sweets,1152,37.2,920448.0,95.6,Pongal demand surge - Festival; Winter demand - Sweet,Festival - Pongal,Low stock impact - 104 units missed opportunity,Strong Increase,Pongal,Winter demand - Sweet,None,17% avg weekend uplift,0,104,Festival demand: Pongal; Seasonal factor: Winter demand - Sweet; Significant demand spike - review forecast
January,2024,SKU0037,Aval / Poha 1kg,Grocery,Breakfast,507,16.4,31434.0,9.0,Regular consumer demand,Normal Trading,Adequate inventory maintained,Stable,None,No Winter relevance,None,4% avg weekend uplift,0,0,Seasonal factor: No Winter relevance
January,2024,SKU0127,Plum Cake 500g,Bakery,Bakery,770,24.8,207130.0,24.2,Regular consumer demand,Weekend/Demand Surge,Adequate inventory maintained,Moderate Increase,None,No Winter relevance,None,10% avg weekend uplift,0,0,Seasonal factor: No Winter relevance
January,2024,SKU0198,Baby Powder 200g,Personal Care,Baby Care,765,24.7,106335.0,-8.6,Regular consumer demand,Normal Trading,Adequate inventory maintained,Stable,None,No Winter relevance,None,6% avg weekend uplift,0,0,Seasonal factor: No Winter relevance
January,2024,SKU0028,Rasam Powder 200g,Grocery,Spices,716,23.1,51552.0,5.0,Regular consumer demand,Normal Trading,Adequate inventory maintained,Stable,None,No Winter relevance,None,4% avg weekend uplift,0,0,Seasonal factor: No Winter relevance
January,2024,SKU0121,Burger Buns 4pcs,Bakery,Bakery,1046,33.7,33472.0,16.4,Regular consumer demand,Normal Trading,Adequate inventory maintained,Stable,None,No Winter relevance,None,10% avg weekend uplift,0,0,Seasonal factor: No Winter relevance
January,2024,SKU0269,Hair Gel 100ml,Personal Care,Hair Care,218,7.0,30302.0,-12.1,Regular consumer demand,Normal Trading,Adequate inventory maintained,Moderate Decline,None,No Winter relevance,None,2% avg weekend uplift,0,0,Seasonal factor: No Winter relevance; Niche product - irregular demand pattern
January,2024,SKU0284,Coconut Scraper Manual,Household,Kitchenware,255,8.2,68595.0,64.5,Pongal demand surge - Coconut,Festival - Pongal,Low stock impact - 22 units missed opportunity,Strong Increase,Pongal,No Winter relevance,None,1% avg weekend uplift,0,22,Festival demand: Pongal; Seasonal factor: No Winter relevance; Significant demand spike - review forecast; Niche product - irregular demand pattern
January,2024,SKU0135,Ice Cubes 1kg,Frozen Foods,Frozen Foods,414,13.4,17388.0,2.7,Regular consumer demand,Normal Trading,Adequate inventory maintained,Stable,None,No Winter relevance,None,15% avg weekend uplift,0,0,Seasonal factor: No Winter relevance
January,2024,SKU0243,Instant Soup 3 Pack,Grocery,Instant Foods,377,12.2,52403.0,1.3,Regular consumer demand,Normal Trading,Stockout for 4 days - lost 47 units,Stable,None,No Winter relevance,None,4% avg weekend uplift,4,47,Seasonal factor: No Winter relevance; Inventory issue: Stockout for 4 days - lost 47 units
January,2024,SKU0040,Tamarind 500g,Grocery,Spices,891,28.7,79299.0,-0.9,Regular consumer demand,Normal Trading,Adequate inventory maintained,Stable,None,No Winter relevance,None,4% avg weekend uplift,0,0,Seasonal factor: No Winter relevance
January,2024,SKU0258,Instant Coffee Sachet 10pcs,Beverages,Coffee,644,20.8,39928.0,3.9,Regular consumer demand,Normal Trading,Adequate inventory maintained,Stable,None,No Winter relevance,None,12% avg weekend uplift,0,0,Seasonal factor: No Winter relevance
January,2024,SKU0242,Salt Biscuits 300g,Snacks,Biscuits,905,29.2,56110.0,21.6,Regular consumer demand,Weekend/Demand Surge,Adequate inventory maintained,Moderate Increase,None,No Winter relevance,None,17% avg weekend uplift,0,0,Seasonal factor: No Winter relevance
January,2024,SKU0112,Sweet Box Assorted 1kg,Snacks,Traditional Sweets,471,15.2,216189.0,68.8,Winter demand - Sweet; Buy 1 Get 1 on select snacks,Promotion - New Year Sale,Stockout for 3 days - lost 41 units,Strong Increase,None,Winter demand - Sweet,New Year Sale,17% avg weekend uplift,3,41,Seasonal factor: Winter demand - Sweet; Promotion active: New Year Sale; Inventory issue: Stockout for 3 days - lost 41 units; Significant demand spike - review forecast
January,2024,SKU0211,USB Cable 1m,Electronics,Electronics,208,6.7,47632.0,11.8,Regular consumer demand,Normal Trading,Adequate inventory maintained,Stable,None,No Winter relevance,None,2% avg weekend uplift,0,0,Seasonal factor: No Winter relevance; Niche product - irregular demand pattern
January,2024,SKU0273,Vacuum Flask 1L,Household,Kitchenware,132,4.3,55308.0,6.5,Regular consumer demand,Normal Trading,Adequate inventory maintained,Stable,None,No Winter relevance,None,1% avg weekend uplift,0,0,Seasonal factor: No Winter relevance; Niche product - irregular demand pattern
January,2024,SKU0274,Plastic Storage Container Set,Household,Kitchenware,168,5.4,134232.0,-9.7,Regular consumer demand,Normal Trading,Adequate inventory maintained,Stable,None,No Winter relevance,None,1% avg weekend uplift,0,0,Seasonal factor: No Winter relevance; Niche product - irregular demand pattern
January,2024,SKU0093,Tender Coconut Water 250ml,Beverages,Beverages,422,13.6,17724.0,70.2,Pongal demand surge - Coconut,Festival - Pongal,Adequate inventory maintained,Strong Increase,Pongal,No Winter relevance,None,3% avg weekend uplift,0,0,Festival demand: Pongal; Seasonal factor: No Winter relevance; Significant demand spike - review forecast; Niche product - irregular demand pattern
January,2024,SKU0120,Bread Loaf 400g,Bakery,Bakery,1415,45.6,55185.0,23.4,Regular consumer demand,Weekend/Demand Surge,Adequate inventory maintained,Moderate Increase,None,No Winter relevance,None,10% avg weekend uplift,0,0,Seasonal factor: No Winter relevance
January,2024,SKU0228,Christmas Tree Decor Combo,Household,Decorations,486,15.7,388314.0,-7.8,Regular consumer demand,Normal Trading,Adequate inventory maintained,Stable,None,No Winter relevance,None,3% avg weekend uplift,0,0,Seasonal factor: No Winter relevance
January,2024,SKU0233,Drinking Water Can 20L,Beverages,Beverages,732,23.6,57828.0,-5.5,Regular consumer demand,Normal Trading,Low stock impact - 47 units missed opportunity,Stable,None,No Winter relevance,None,12% avg weekend uplift,0,47,Seasonal factor: No Winter relevance
January,2024,SKU0185,Hair Oil 500ml,Personal Care,Hair Care,1653,53.3,229767.0,77.7,Pongal demand surge - Oil,Festival - Pongal,Adequate inventory maintained,Strong Increase,Pongal,No Winter relevance,None,6% avg weekend uplift,0,0,Festival demand: Pongal; Seasonal factor: No Winter relevance; Significant demand spike - review forecast
January,2024,SKU0016,Gingelly Oil 1L,Grocery,Oil,870,28.1,155730.0,55.9,Pongal demand surge - Oil,Festival - Pongal,Adequate inventory maintained,Strong Increase,Pongal,No Winter relevance,None,4% avg weekend uplift,0,0,Festival demand: Pongal; Seasonal factor: No Winter relevance; Significant demand spike - review forecast
January,2024,SKU0110,Dry Fruit Laddu Box 500g,Snacks,Traditional Sweets,926,29.9,341694.0,75.7,Winter demand - Dry Fruit,Seasonal - Winter,Stockout for 2 days - lost 57 units,Strong Increase,None,Winter demand - Dry Fruit,None,17% avg weekend uplift,2,57,Seasonal factor: Winter demand - Dry Fruit; Inventory issue: Stockout for 2 days - lost 57 units; Significant demand spike - review forecast
January,2024,SKU0022,Salt 1kg,Grocery,Salt,801,25.8,20826.0,-7.7,Regular consumer demand,Normal Trading,Low stock impact - 29 units missed opportunity,Stable,None,No Winter relevance,None,4% avg weekend uplift,0,29,Seasonal factor: No Winter relevance
January,2024,SKU0153,Orange 1kg,Fruits & Vegetables,Fruits,491,15.8,43699.0,-1.0,Regular consumer demand,Normal Trading,Adequate inventory maintained,Stable,None,No Winter relevance,None,9% avg weekend uplift,0,0,Seasonal factor: No Winter relevance
January,2024,SKU0017,Coconut Oil 1L,Grocery,Oil,1082,34.9,150398.0,74.5,"Pongal demand surge - Coconut, Oil",Festival - Pongal,Adequate inventory maintained,Strong Increase,Pongal,No Winter relevance,None,4% avg weekend uplift,0,0,Festival demand: Pongal; Seasonal factor: No Winter relevance; Significant demand spike - review forecast
January,2024,SKU0278,LED Lantern Rechargeable,Electronics,Lighting,339,10.9,142041.0,9.4,Regular consumer demand,Normal Trading,Stockout for 4 days - lost 36 units,Stable,None,No Winter relevance,None,6% avg weekend uplift,4,36,Seasonal factor: No Winter relevance; Inventory issue: Stockout for 4 days - lost 36 units
January,2024,SKU0179,Banana Leaf Pack 10pcs,Grocery,Religious,380,12.3,30020.0,53.2,"Pongal demand surge - Pongal, Banana, Religious",Festival - Pongal,Adequate inventory maintained,Strong Increase,Pongal,No Winter relevance,None,4% avg weekend uplift,0,0,Festival demand: Pongal; Seasonal factor: No Winter relevance; Significant demand spike - review forecast
January,2024,SKU0083,Filter Coffee Powder 500g,Beverages,Coffee,831,26.8,190299.0,21.8,Regular consumer demand,Weekend/Demand Surge,Adequate inventory maintained,Moderate Increase,None,No Winter relevance,None,12% avg weekend uplift,0,0,Seasonal factor: No Winter relevance
January,2024,SKU0237,Hair Dryer 1200W,Electronics,Electronics,226,7.3,270974.0,4.1,Regular consumer demand,Normal Trading,Adequate inventory maintained,Stable,None,No Winter relevance,None,2% avg weekend uplift,0,0,Seasonal factor: No Winter relevance; Niche product - irregular demand pattern
January,2024,SKU0256,Vermicelli Kheer Mix 200g,Grocery,Mixes,275,8.9,19800.0,-1.4,Regular consumer demand,Normal Trading,Adequate inventory maintained,Stable,None,No Winter relevance,None,4% avg weekend uplift,0,0,Seasonal factor: No Winter relevance
January,2024,SKU0197,Baby Soap 100g,Personal Care,Baby Care,715,23.1,56485.0,-7.7,Regular consumer demand,Normal Trading,Adequate inventory maintained,Stable,None,No Winter relevance,None,6% avg weekend uplift,0,0,Seasonal factor: No Winter relevance
January,2024,SKU0262,Protein Shake 400g,Beverages,Health Drinks,96,3.1,40224.0,3.2,Regular consumer demand,Normal Trading,Adequate inventory maintained,Stable,None,No Winter relevance,None,3% avg weekend uplift,0,0,Seasonal factor: No Winter relevance; Niche product - irregular demand pattern
January,2024,SKU0092,Rose Milk 200ml,Beverages,Beverages,196,6.3,6272.0,-9.7,Regular consumer demand,Normal Trading,Adequate inventory maintained,Stable,None,No Winter relevance,None,3% avg weekend uplift,0,0,Seasonal factor: No Winter relevance; Niche product - irregular demand pattern
January,2024,SKU0199,Hand Wash 750ml,Personal Care,Hygiene,578,18.6,97682.0,3.6,Regular consumer demand,Normal Trading,Adequate inventory maintained,Stable,None,No Winter relevance,None,6% avg weekend uplift,0,0,Seasonal factor: No Winter relevance
January,2024,SKU0131,Frozen Fries 420g,Frozen Foods,Frozen Foods,935,30.2,129965.0,7.7,Regular consumer demand,Normal Trading,Adequate inventory maintained,Stable,None,No Winter relevance,None,15% avg weekend uplift,0,0,Seasonal factor: No Winter relevance
January,2024,SKU0057,Pasta Sauce 300g,Grocery,Condiments,231,7.5,20559.0,6.5,Regular consumer demand,Normal Trading,Low stock impact - 6 units missed opportunity,Stable,None,No Winter relevance,None,1% avg weekend uplift,0,6,Seasonal factor: No Winter relevance; Niche product - irregular demand pattern
January,2024,SKU0099,Cold Coffee 180ml,Beverages,Beverages,700,22.6,29400.0,-5.9,Regular consumer demand,Normal Trading,Low stock impact - 60 units missed opportunity,Stable,None,No Winter relevance,None,12% avg weekend uplift,0,60,Seasonal factor: No Winter relevance
January,2024,SKU0051,Organic Brown Rice 5kg,Grocery,Rice,310,10.0,142290.0,66.7,Pongal demand surge - Rice,Festival - Pongal,Adequate inventory maintained,Strong Increase,Pongal,No Winter relevance,None,1% avg weekend uplift,0,0,Festival demand: Pongal; Seasonal factor: No Winter relevance; Significant demand spike - review forecast; Niche product - irregular demand pattern
January,2024,SKU0191,Deodorant Spray 150ml,Personal Care,Deodorants,694,22.4,158926.0,6.6,Regular consumer demand,Normal Trading,Adequate inventory maintained,Stable,None,No Winter relevance,None,6% avg weekend uplift,0,0,Seasonal factor: No Winter relevance
January,2024,SKU0254,Pista Cookies 400g,Snacks,Biscuits,1488,48.0,340752.0,152.6,Pongal demand surge - Festival; Buy 1 Get 1 on select snacks,Festival - Pongal,Adequate inventory maintained,Strong Increase,Pongal,No Winter relevance,New Year Sale,17% avg weekend uplift,0,0,Festival demand: Pongal; Seasonal factor: No Winter relevance; Promotion active: New Year Sale; Significant demand spike - review forecast
January,2024,SKU0205,Printer Paper 500 sheets,Stationery,Stationery,57,1.8,15333.0,-8.1,Regular consumer demand,Normal Trading,Adequate inventory maintained,Stable,None,No Winter relevance,None,1% avg weekend uplift,0,0,Seasonal factor: No Winter relevance
January,2024,SKU0074,Greek Yogurt 400g,Dairy,Dairy,129,4.2,15351.0,4.0,Regular consumer demand,Normal Trading,Adequate inventory maintained,Stable,None,No Winter relevance,None,2% avg weekend uplift,0,0,Seasonal factor: No Winter relevance; Niche product - irregular demand pattern
January,2024,SKU0232,Disposable Plates & Cups 50pcs,Household,Party Supplies,981,31.6,224649.0,66.6,Pongal demand surge - Festival,Festival - Pongal,Adequate inventory maintained,Strong Increase,Pongal,No Winter relevance,None,3% avg weekend uplift,0,0,Festival demand: Pongal; Seasonal factor: No Winter relevance; Significant demand spike - review forecast
January,2024,SKU0168,Fabric Conditioner 860ml,Household,Laundry,217,7.0,34503.0,0.0,Regular consumer demand,Normal Trading,Stockout for 2 days - lost 9 units,Stable,None,No Winter relevance,None,1% avg weekend uplift,2,9,Seasonal factor: No Winter relevance; Inventory issue: Stockout for 2 days - lost 9 units; Niche product - irregular demand pattern
January,2024,SKU0009,Rava / Sooji 1kg,Grocery,Flour,716,23.1,37232.0,-7.6,Regular consumer demand,Normal Trading,Adequate inventory maintained,Stable,None,No Winter relevance,None,4% avg weekend uplift,0,0,Seasonal factor: No Winter relevance
January,2024,SKU0046,Nutella Spread 350g,Grocery,Spreads,240,7.7,64560.0,-3.2,Regular consumer demand,Normal Trading,Adequate inventory maintained,Stable,None,No Winter relevance,None,1% avg weekend uplift,0,0,Seasonal factor: No Winter relevance; Niche product - irregular demand pattern
January,2024,SKU0221,Bedsheet Queen Size,Lifestyle,Bedding,583,18.8,465817.0,-10.4,Regular consumer demand,Normal Trading,Stockout for 5 days - lost 78 units,Moderate Decline,None,No Winter relevance,None,7% avg weekend uplift,5,78,Seasonal factor: No Winter relevance; Inventory issue: Stockout for 5 days - lost 78 units
January,2024,SKU0300,Diwali Gift Hamper,Grocery,Gift Sets,212,6.8,254188.0,-14.5,Regular consumer demand,Normal Trading,Stockout for 2 days - lost 12 units,Moderate Decline,None,No Winter relevance,None,4% avg weekend uplift,2,12,Seasonal factor: No Winter relevance; Inventory issue: Stockout for 2 days - lost 12 units
January,2024,SKU0114,Nachos 150g,Snacks,Chips,215,6.9,19135.0,-0.9,Regular consumer demand,Normal Trading,Adequate inventory maintained,Stable,None,No Winter relevance,None,5% avg weekend uplift,0,0,Seasonal factor: No Winter relevance; Niche product - irregular demand pattern
January,2024,SKU0027,Sambar Powder 500g,Grocery,Spices,999,32.2,88911.0,15.1,Regular consumer demand,Normal Trading,Adequate inventory maintained,Stable,None,No Winter relevance,None,4% avg weekend uplift,0,0,Seasonal factor: No Winter relevance
January,2024,SKU0236,Trimmer Rechargeable,Electronics,Electronics,248,8.0,198152.0,14.3,Regular consumer demand,Normal Trading,Adequate inventory maintained,Stable,None,No Winter relevance,None,2% avg weekend uplift,0,0,Seasonal factor: No Winter relevance; Niche product - irregular demand pattern
January,2024,SKU0089,Soda Bottles 750ml,Beverages,Beverages,551,17.8,17632.0,11.1,Regular consumer demand,Normal Trading,Adequate inventory maintained,Stable,None,No Winter relevance,None,12% avg weekend uplift,0,0,Seasonal factor: No Winter relevance
January,2024,SKU0145,Apple 1kg,Fruits & Vegetables,Fruits,551,17.8,93119.0,11.1,Regular consumer demand,Normal Trading,Adequate inventory maintained,Stable,None,No Winter relevance,None,9% avg weekend uplift,0,0,Seasonal factor: No Winter relevance
January,2024,SKU0202,Ball Pen Pack 10pcs,Stationery,Stationery,1082,34.9,67084.0,16.3,Regular consumer demand,Normal Trading,Adequate inventory maintained,Stable,None,No Winter relevance,None,3% avg weekend uplift,0,0,Seasonal factor: No Winter relevance
January,2024,SKU0250,Coconut Cookies 200g,Snacks,Biscuits,1528,49.3,110016.0,105.4,Pongal demand surge - Coconut; Buy 1 Get 1 on select snacks,Festival - Pongal,Adequate inventory maintained,Strong Increase,Pongal,No Winter relevance,New Year Sale,17% avg weekend uplift,0,0,Festival demand: Pongal; Seasonal factor: No Winter relevance; Promotion active: New Year Sale; Significant demand spike - review forecast
January,2024,SKU0172,Mosquito Refill 45ml,Household,Pest Control,603,19.5,83817.0,14.4,Regular consumer demand,Normal Trading,Adequate inventory maintained,Stable,None,No Winter relevance,None,3% avg weekend uplift,0,0,Seasonal factor: No Winter relevance
January,2024,SKU0034,Raisins 250g,Grocery,Nuts,385,12.4,65065.0,-4.5,Regular consumer demand,Normal Trading,Adequate inventory maintained,Stable,None,No Winter relevance,None,4% avg weekend uplift,0,0,Seasonal factor: No Winter relevance
January,2024,SKU0148,Mango 1kg,Fruits & Vegetables,Fruits,668,21.5,92852.0,19.7,Regular consumer demand,Normal Trading,Adequate inventory maintained,Stable,None,No Winter relevance,None,9% avg weekend uplift,0,0,Seasonal factor: No Winter relevance
January,2024,SKU0157,Carrot 1kg,Fruits & Vegetables,Vegetables,904,29.2,47008.0,4.1,Regular consumer demand,Normal Trading,Adequate inventory maintained,Stable,None,No Winter relevance,None,9% avg weekend uplift,0,0,Seasonal factor: No Winter relevance
January,2024,SKU0107,Biscuit Pack 300g,Snacks,Biscuits,656,21.2,47232.0,5.8,Regular consumer demand,Normal Trading,Adequate inventory maintained,Stable,None,No Winter relevance,None,17% avg weekend uplift,0,0,Seasonal factor: No Winter relevance
January,2024,SKU0184,Shampoo Bottle 340ml,Personal Care,Hair Care,592,19.1,159248.0,19.4,Regular consumer demand,Normal Trading,Adequate inventory maintained,Stable,None,No Winter relevance,None,6% avg weekend uplift,0,0,Seasonal factor: No Winter relevance
January,2024,SKU0196,Baby Lotion 200ml,Personal Care,Baby Care,899,29.0,205871.0,-3.3,Regular consumer demand,Normal Trading,Adequate inventory maintained,Stable,None,No Winter relevance,None,6% avg weekend uplift,0,0,Seasonal factor: No Winter relevance
January,2024,SKU0200,Hand Sanitizer 500ml,Personal Care,Hygiene,738,23.8,117342.0,13.4,Regular consumer demand,Normal Trading,Adequate inventory maintained,Stable,None,No Winter relevance,None,6% avg weekend uplift,0,0,Seasonal factor: No Winter relevance
January,2024,SKU0208,Extension Box 4 socket,Electronics,Electrical,113,3.6,51867.0,-8.9,Regular consumer demand,Normal Trading,Adequate inventory maintained,Stable,None,No Winter relevance,None,2% avg weekend uplift,0,0,Seasonal factor: No Winter relevance; Niche product - irregular demand pattern
January,2024,SKU0214,Rice Cooker 1.8L,Electronics,Appliances,386,12.5,810214.0,77.9,Pongal demand surge - Rice,Festival - Pongal,Adequate inventory maintained,Strong Increase,Pongal,No Winter relevance,None,2% avg weekend uplift,0,0,Festival demand: Pongal; Seasonal factor: No Winter relevance; Significant demand spike - review forecast; Niche product - irregular demand pattern
January,2024,SKU0289,Pooja Oil 500ml,Grocery,Religious,912,29.4,154128.0,83.9,"Pongal demand surge - Pooja, Religious, Oil",Festival - Pongal,Adequate inventory maintained,Strong Increase,Pongal,No Winter relevance,None,4% avg weekend uplift,0,0,Festival demand: Pongal; Seasonal factor: No Winter relevance; Significant demand spike - review forecast
January,2024,SKU0295,Kids Festive Wear Medium,Lifestyle,Clothing,471,15.2,658929.0,51.9,Pongal demand surge - Festival,Festival - Pongal,Adequate inventory maintained,Strong Increase,Pongal,No Winter relevance,None,7% avg weekend uplift,0,0,Festival demand: Pongal; Seasonal factor: No Winter relevance; Significant demand spike - review forecast
January,2024,SKU0075,Imported Cheese 200g,Dairy,Dairy,252,8.1,57708.0,16.1,Regular consumer demand,Normal Trading,Adequate inventory maintained,Stable,None,No Winter relevance,None,2% avg weekend uplift,0,0,Seasonal factor: No Winter relevance; Niche product - irregular demand pattern
January,2024,SKU0235,Smart Watch Standard,Electronics,Electronics,185,6.0,425315.0,-0.5,Regular consumer demand,Normal Trading,Adequate inventory maintained,Stable,None,No Winter relevance,None,2% avg weekend uplift,0,0,Seasonal factor: No Winter relevance; Niche product - irregular demand pattern
January,2024,SKU0072,Condensed Milk 400g,Dairy,Dairy,296,9.5,41144.0,6.1,Regular consumer demand,Normal Trading,Stockout for 2 days - lost 13 units,Stable,None,No Winter relevance,None,7% avg weekend uplift,2,13,Seasonal factor: No Winter relevance; Inventory issue: Stockout for 2 days - lost 13 units
January,2024,SKU0117,Energy Bar 6pcs,Snacks,Health Bars,201,6.5,54069.0,-7.4,Regular consumer demand,Normal Trading,Adequate inventory maintained,Stable,None,No Winter relevance,None,5% avg weekend uplift,0,0,Seasonal factor: No Winter relevance; Niche product - irregular demand pattern
January,2024,SKU0067,Cheese Slices 200g,Dairy,Dairy,916,29.5,109004.0,1.9,Regular consumer demand,Normal Trading,Adequate inventory maintained,Stable,None,No Winter relevance,None,7% avg weekend uplift,0,0,Seasonal factor: No Winter relevance
January,2024,SKU0091,Mango Juice 1L,Beverages,Juices,557,18.0,49573.0,12.3,Regular consumer demand,Normal Trading,Low stock impact - 30 units missed opportunity,Stable,None,No Winter relevance,None,12% avg weekend uplift,0,30,Seasonal factor: No Winter relevance
January,2024,SKU0227,Dhoti Set XL,Lifestyle,Clothing,491,15.8,392309.0,44.0,"Pongal demand surge - Pongal, Dhoti",Festival - Pongal,Adequate inventory maintained,Moderate Increase,Pongal,No Winter relevance,None,7% avg weekend uplift,0,0,Festival demand: Pongal; Seasonal factor: No Winter relevance
January,2024,SKU0279,Mobile Power Bank 10000mAh,Electronics,Electronics,154,5.0,215446.0,-0.6,Regular consumer demand,Normal Trading,Adequate inventory maintained,Stable,None,No Winter relevance,None,2% avg weekend uplift,0,0,Seasonal factor: No Winter relevance; Niche product - irregular demand pattern
January,2024,SKU0056,Pasta 500g,Grocery,Pasta,1005,32.4,79395.0,11.8,Regular consumer demand,Normal Trading,Adequate inventory maintained,Stable,None,No Winter relevance,None,4% avg weekend uplift,0,0,Seasonal factor: No Winter relevance
January,2024,SKU0177,Steel Tiffin Box 3-tier,Household,Kitchenware,225,7.3,103275.0,-9.3,Regular consumer demand,Normal Trading,Adequate inventory maintained,Stable,None,No Winter relevance,None,1% avg weekend uplift,0,0,Seasonal factor: No Winter relevance; Niche product - irregular demand pattern
January,2024,SKU0216,Emergency Lamp Rechargeable,Electronics,Lighting,622,20.1,496978.0,82.4,Pongal demand surge - Lamp,Festival - Pongal,Adequate inventory maintained,Strong Increase,Pongal,No Winter relevance,None,6% avg weekend uplift,0,0,Festival demand: Pongal; Seasonal factor: No Winter relevance; Significant demand spike - review forecast
January,2024,SKU0024,Turmeric Powder 200g,Grocery,Spices,999,32.2,61938.0,69.6,Pongal demand surge - Turmeric,Festival - Pongal,Low stock impact - 78 units missed opportunity,Strong Increase,Pongal,No Winter relevance,None,4% avg weekend uplift,0,78,Festival demand: Pongal; Seasonal factor: No Winter relevance; Significant demand spike - review forecast
January,2024,SKU0162,Decorative Lights 20m,Household,Decorations,1006,32.5,461754.0,80.3,Pongal demand surge - Decorative,Festival - Pongal,Adequate inventory maintained,Strong Increase,Pongal,No Winter relevance,None,3% avg weekend uplift,0,0,Festival demand: Pongal; Seasonal factor: No Winter relevance; Significant demand spike - review forecast
January,2024,SKU0163,Rangoli Powder 500g,Household,Decorations,671,21.6,41602.0,54.6,Pongal demand surge - Pongal,Festival - Pongal,Adequate inventory maintained,Strong Increase,Pongal,No Winter relevance,None,3% avg weekend uplift,0,0,Festival demand: Pongal; Seasonal factor: No Winter relevance; Significant demand spike - review forecast
January,2024,SKU0064,Curd Cup 400g,Dairy,Dairy,1057,34.1,44394.0,10.0,Regular consumer demand,Normal Trading,Adequate inventory maintained,Stable,None,No Winter relevance,None,7% avg weekend uplift,0,0,Seasonal factor: No Winter relevance
January,2024,SKU0126,Croissants 6pcs,Bakery,Bakery,164,5.3,22796.0,-11.8,Regular consumer demand,Normal Trading,Low stock impact - 7 units missed opportunity,Moderate Decline,None,No Winter relevance,None,3% avg weekend uplift,0,7,Seasonal factor: No Winter relevance; Niche product - irregular demand pattern
January,2024,SKU0134,Frozen Sweet Corn 500g,Frozen Foods,Frozen Foods,1245,40.2,123255.0,67.3,Winter demand - Sweet,Seasonal - Winter,Adequate inventory maintained,Strong Increase,None,Winter demand - Sweet,None,15% avg weekend uplift,0,0,Seasonal factor: Winter demand - Sweet; Significant demand spike - review forecast
January,2024,SKU0141,Green Chilli 250g,Fruits & Vegetables,Vegetables,1300,41.9,41600.0,10.4,Regular consumer demand,Normal Trading,Adequate inventory maintained,Stable,None,No Winter relevance,None,9% avg weekend uplift,0,0,Seasonal factor: No Winter relevance
January,2024,SKU0025,Chilli Powder 500g,Grocery,Spices,776,25.0,61304.0,0.1,Regular consumer demand,Normal Trading,Adequate inventory maintained,Stable,None,No Winter relevance,None,4% avg weekend uplift,0,0,Seasonal factor: No Winter relevance
January,2024,SKU0297,Temple Coconut Pack 5pcs,Fruits & Vegetables,Fruits,779,25.1,131651.0,93.3,"Pongal demand surge - Coconut, Festival",Festival - Pongal,Adequate inventory maintained,Strong Increase,Pongal,No Winter relevance,None,9% avg weekend uplift,0,0,Festival demand: Pongal; Seasonal factor: No Winter relevance; Significant demand spike - review forecast
January,2024,SKU0018,Ghee 500ml,Grocery,Ghee,1207,38.9,324683.0,85.4,Pongal demand surge - Ghee; Winter demand - Ghee,Festival - Pongal,Adequate inventory maintained,Strong Increase,Pongal,Winter demand - Ghee,None,4% avg weekend uplift,0,0,Festival demand: Pongal; Seasonal factor: Winter demand - Ghee; Significant demand spike - review forecast
January,2024,SKU0174,Pressure Cooker 5L,Household,Cookware,90,2.9,107910.0,-3.2,Regular consumer demand,Normal Trading,Stockout for 3 days - lost 8 units,Stable,None,No Winter relevance,None,1% avg weekend uplift,3,8,Seasonal factor: No Winter relevance; Inventory issue: Stockout for 3 days - lost 8 units; Niche product - irregular demand pattern
January,2024,SKU0175,Non-Stick Pan 28cm,Household,Cookware,257,8.3,205343.0,3.6,Regular consumer demand,Normal Trading,Adequate inventory maintained,Stable,None,No Winter relevance,None,1% avg weekend uplift,0,0,Seasonal factor: No Winter relevance; Niche product - irregular demand pattern
January,2024,SKU0212,Electric Kettle 1.5L,Electronics,Appliances,167,5.4,200233.0,-10.2,Regular consumer demand,Normal Trading,Adequate inventory maintained,Moderate Decline,None,No Winter relevance,None,2% avg weekend uplift,0,0,Seasonal factor: No Winter relevance; Niche product - irregular demand pattern
January,2024,SKU0270,Beard Oil 50ml,Personal Care,Grooming,244,7.9,65636.0,57.4,Pongal demand surge - Oil,Festival - Pongal,Adequate inventory maintained,Strong Increase,Pongal,No Winter relevance,None,2% avg weekend uplift,0,0,Festival demand: Pongal; Seasonal factor: No Winter relevance; Significant demand spike - review forecast; Niche product - irregular demand pattern
January,2024,SKU0033,Pistachios 250g,Grocery,Nuts,449,14.5,188131.0,11.4,Regular consumer demand,Normal Trading,Adequate inventory maintained,Stable,None,No Winter relevance,None,4% avg weekend uplift,0,0,Seasonal factor: No Winter relevance
January,2024,SKU0048,Chicken Masala 100g,Grocery,Spices,291,9.4,11349.0,17.3,Regular consumer demand,Normal Trading,Adequate inventory maintained,Stable,None,No Winter relevance,None,4% avg weekend uplift,0,0,Seasonal factor: No Winter relevance
January,2024,SKU0049,Semiya Payasam Mix 200g,Grocery,Mixes,493,15.9,30566.0,-16.3,Regular consumer demand,Normal Trading,Stockout for 3 days - lost 32 units,Moderate Decline,None,No Winter relevance,None,4% avg weekend uplift,3,32,Seasonal factor: No Winter relevance; Inventory issue: Stockout for 3 days - lost 32 units
January,2024,SKU0231,Turmeric Plant Bundle,Fruits & Vegetables,Plants,909,29.3,71811.0,83.3,"Pongal demand surge - Pongal, Turmeric",Festival - Pongal,Adequate inventory maintained,Strong Increase,Pongal,No Winter relevance,None,9% avg weekend uplift,0,0,Festival demand: Pongal; Seasonal factor: No Winter relevance; Significant demand spike - review forecast
January,2024,SKU0154,Grapes 500g,Fruits & Vegetables,Fruits,793,25.6,94367.0,16.3,Regular consumer demand,Normal Trading,Adequate inventory maintained,Stable,None,No Winter relevance,None,9% avg weekend uplift,0,0,Seasonal factor: No Winter relevance
January,2024,SKU0085,Health Drink 500g,Beverages,Health Drinks,552,17.8,87768.0,18.7,Regular consumer demand,Normal Trading,Adequate inventory maintained,Stable,None,No Winter relevance,None,12% avg weekend uplift,0,0,Seasonal factor: No Winter relevance
January,2024,SKU0100,Electrolyte Drink 500ml,Beverages,Beverages,299,9.6,23621.0,-3.5,Regular consumer demand,Normal Trading,Adequate inventory maintained,Stable,None,No Winter relevance,None,12% avg weekend uplift,0,0,Seasonal factor: No Winter relevance
January,2024,SKU0255,Saffron 1g,Grocery,Spices,360,11.6,287640.0,65.9,Pongal demand surge - Festival,Festival - Pongal,Low stock impact - 9 units missed opportunity,Strong Increase,Pongal,No Winter relevance,None,1% avg weekend uplift,0,9,Festival demand: Pongal; Seasonal factor: No Winter relevance; Significant demand spike - review forecast; Niche product - irregular demand pattern
January,2024,SKU0073,Fresh Cream 250ml,Dairy,Dairy,502,16.2,39658.0,-4.7,Regular consumer demand,Normal Trading,Adequate inventory maintained,Stable,None,No Winter relevance,None,7% avg weekend uplift,0,0,Seasonal factor: No Winter relevance
January,2024,SKU0012,Moong Dal 1kg,Grocery,Pulses,564,18.2,95316.0,13.7,Regular consumer demand,Normal Trading,Adequate inventory maintained,Stable,None,No Winter relevance,None,4% avg weekend uplift,0,0,Seasonal factor: No Winter relevance
January,2024,SKU0186,Toothpaste 200g,Personal Care,Oral Care,824,26.6,73336.0,10.8,Regular consumer demand,Normal Trading,Low stock impact - 21 units missed opportunity,Stable,None,No Winter relevance,None,6% avg weekend uplift,0,21,Seasonal factor: No Winter relevance
January,2024,SKU0068,Buttermilk 200ml,Dairy,Beverages,773,24.9,17779.0,-4.1,Regular consumer demand,Normal Trading,Low stock impact - 72 units missed opportunity,Stable,None,No Winter relevance,None,7% avg weekend uplift,0,72,Seasonal factor: No Winter relevance
January,2024,SKU0271,Wall Clock Standard,Household,Home Decor,31,1.0,10199.0,0.0,Regular consumer demand,Normal Trading,Adequate inventory maintained,Stable,None,No Winter relevance,None,1% avg weekend uplift,0,0,Seasonal factor: No Winter relevance
January,2024,SKU0282,Hand Blender Standard,Electronics,Appliances,257,8.3,359543.0,3.6,Regular consumer demand,Normal Trading,Adequate inventory maintained,Stable,None,No Winter relevance,None,2% avg weekend uplift,0,0,Seasonal factor: No Winter relevance; Niche product - irregular demand pattern
January,2024,SKU0071,Ice Cream Cone Pack 6pcs,Dairy,Frozen,740,23.9,88060.0,19.4,Regular consumer demand,Normal Trading,Adequate inventory maintained,Stable,None,No Winter relevance,None,7% avg weekend uplift,0,0,Seasonal factor: No Winter relevance
January,2024,SKU0188,Toothbrush 2pcs,Personal Care,Oral Care,1034,33.4,143726.0,11.2,Regular consumer demand,Normal Trading,Stockout for 2 days - lost 56 units,Stable,None,No Winter relevance,None,6% avg weekend uplift,2,56,Seasonal factor: No Winter relevance; Inventory issue: Stockout for 2 days - lost 56 units
January,2024,SKU0266,Toilet Cleaner 1L,Household,Cleaning,894,28.8,151086.0,15.4,Regular consumer demand,Normal Trading,Adequate inventory maintained,Stable,None,No Winter relevance,None,3% avg weekend uplift,0,0,Seasonal factor: No Winter relevance
January,2024,SKU0125,Rusks 300g,Bakery,Bakery,749,24.2,46438.0,0.7,Regular consumer demand,Normal Trading,Adequate inventory maintained,Stable,None,No Winter relevance,None,10% avg weekend uplift,0,0,Seasonal factor: No Winter relevance
January,2024,SKU0032,Almonds 500g,Grocery,Nuts,436,14.1,217564.0,17.2,Regular consumer demand,Normal Trading,Adequate inventory maintained,Stable,None,No Winter relevance,None,4% avg weekend uplift,0,0,Seasonal factor: No Winter relevance
January,2024,SKU0053,Chia Seeds 250g,Grocery,Seeds,133,4.3,30457.0,-14.2,Regular consumer demand,Normal Trading,Low stock impact - 14 units missed opportunity,Moderate Decline,None,No Winter relevance,None,1% avg weekend uplift,0,14,Seasonal factor: No Winter relevance; Niche product - irregular demand pattern
January,2024,SKU0087,Soft Drink Cola 2L,Beverages,Soft Drinks,348,11.2,27492.0,2.1,Regular consumer demand,Normal Trading,Adequate inventory maintained,Stable,None,No Winter relevance,None,12% avg weekend uplift,0,0,Seasonal factor: No Winter relevance
January,2024,SKU0088,Soft Drink Orange 2L,Beverages,Soft Drinks,421,13.6,33259.0,4.5,Regular consumer demand,Normal Trading,Adequate inventory maintained,Stable,None,No Winter relevance,None,12% avg weekend uplift,0,0,Seasonal factor: No Winter relevance
January,2024,SKU0102,Magic Masala Chips 75g,Snacks,Chips,612,19.7,19584.0,3.9,Regular consumer demand,Normal Trading,Adequate inventory maintained,Stable,None,No Winter relevance,None,17% avg weekend uplift,0,0,Seasonal factor: No Winter relevance
January,2024,SKU0133,Frozen Peas 500g,Frozen Foods,Frozen Foods,749,24.2,66661.0,20.8,Regular consumer demand,Weekend/Demand Surge,Adequate inventory maintained,Moderate Increase,None,No Winter relevance,None,15% avg weekend uplift,0,0,Seasonal factor: No Winter relevance
January,2024,SKU0170,Aluminum Foil 9m,Household,Kitchen,764,24.6,67996.0,-12.0,Regular consumer demand,Normal Trading,Adequate inventory maintained,Moderate Decline,None,No Winter relevance,None,3% avg weekend uplift,0,0,Seasonal factor: No Winter relevance
January,2024,SKU0204,School Bag Medium,Stationery,Bags,305,9.8,243695.0,9.3,Regular consumer demand,Normal Trading,Adequate inventory maintained,Stable,None,No Winter relevance,None,3% avg weekend uplift,0,0,Seasonal factor: No Winter relevance
January,2024,SKU0209,Mobile Charger 18W,Electronics,Electronics,81,2.6,50139.0,-12.9,Regular consumer demand,Normal Trading,Adequate inventory maintained,Moderate Decline,None,No Winter relevance,None,2% avg weekend uplift,0,0,Seasonal factor: No Winter relevance; Niche product - irregular demand pattern
January,2024,SKU0288,Prayer Oil Lamp Brass,Household,Religious,840,27.1,351960.0,80.6,"Pongal demand surge - Prayer, Religious, Lamp",Festival - Pongal,Adequate inventory maintained,Strong Increase,Pongal,No Winter relevance,None,3% avg weekend uplift,0,0,Festival demand: Pongal; Seasonal factor: No Winter relevance; Significant demand spike - review forecast
January,2024,SKU0146,Pomegranate 1kg,Fruits & Vegetables,Fruits,370,11.9,99530.0,19.4,Regular consumer demand,Normal Trading,Adequate inventory maintained,Stable,None,No Winter relevance,None,9% avg weekend uplift,0,0,Seasonal factor: No Winter relevance
January,2024,SKU0104,Mixture Snacks 500g,Snacks,Traditional Snacks,819,26.4,138411.0,32.1,Regular consumer demand,Weekend/Demand Surge,Adequate inventory maintained,Moderate Increase,None,No Winter relevance,None,17% avg weekend uplift,0,0,Seasonal factor: No Winter relevance
January,2024,SKU0137,Frozen Momos 500g,Frozen Foods,Frozen Foods,166,5.4,33034.0,-10.8,Regular consumer demand,Normal Trading,Adequate inventory maintained,Moderate Decline,None,No Winter relevance,None,4% avg weekend uplift,0,0,Seasonal factor: No Winter relevance; Niche product - irregular demand pattern
January,2024,SKU0004,Raw Rice 25kg,Grocery,Rice,758,24.5,1136242.0,52.8,"Pongal demand surge - Pongal, Rice, Raw Rice",Festival - Pongal,Adequate inventory maintained,Strong Increase,Pongal,No Winter relevance,None,4% avg weekend uplift,0,0,Festival demand: Pongal; Seasonal factor: No Winter relevance; Significant demand spike - review forecast
January,2024,SKU0129,Garlic Bread 200g,Bakery,Bakery,244,7.9,17568.0,-1.6,Regular consumer demand,Normal Trading,Low stock impact - 7 units missed opportunity,Stable,None,No Winter relevance,None,3% avg weekend uplift,0,7,Seasonal factor: No Winter relevance; Niche product - irregular demand pattern
January,2024,SKU0142,Ginger 250g,Fruits & Vegetables,Vegetables,720,23.2,44640.0,22.2,Regular consumer demand,Weekend/Demand Surge,Adequate inventory maintained,Moderate Increase,None,No Winter relevance,None,9% avg weekend uplift,0,0,Seasonal factor: No Winter relevance
January,2024,SKU0006,Wheat Flour Atta 5kg,Grocery,Atta,486,15.7,140454.0,-12.9,Regular consumer demand,Normal Trading,Stockout for 2 days - lost 19 units,Moderate Decline,None,No Winter relevance,None,4% avg weekend uplift,2,19,Seasonal factor: No Winter relevance; Inventory issue: Stockout for 2 days - lost 19 units
January,2024,SKU0122,Pizza Base 200g,Bakery,Bakery,81,2.6,5022.0,-12.9,Regular consumer demand,Normal Trading,Adequate inventory maintained,Moderate Decline,None,No Winter relevance,None,3% avg weekend uplift,0,0,Seasonal factor: No Winter relevance; Niche product - irregular demand pattern
January,2024,SKU0109,Chocolate Gift Box 500g,Snacks,Chocolates,454,14.6,208386.0,-2.4,Regular consumer demand,Normal Trading,Low stock impact - 13 units missed opportunity,Stable,None,No Winter relevance,None,17% avg weekend uplift,0,13,Seasonal factor: No Winter relevance
January,2024,SKU0215,Induction Stove 1800W,Electronics,Appliances,254,8.2,787146.0,2.4,Regular consumer demand,Normal Trading,Adequate inventory maintained,Stable,None,No Winter relevance,None,2% avg weekend uplift,0,0,Seasonal factor: No Winter relevance; Niche product - irregular demand pattern
January,2024,SKU0190,Talcum Powder 400g,Personal Care,Skin Care,475,15.3,42275.0,2.2,Regular consumer demand,Normal Trading,Adequate inventory maintained,Stable,None,No Winter relevance,None,6% avg weekend uplift,0,0,Seasonal factor: No Winter relevance
January,2024,SKU0223,Blanket Double,Lifestyle,Bedding,1193,38.5,1430407.0,102.5,Winter demand - Blanket,Seasonal - Winter,Stockout for 2 days - lost 66 units,Strong Increase,None,Winter demand - Blanket,None,7% avg weekend uplift,2,66,Seasonal factor: Winter demand - Blanket; Inventory issue: Stockout for 2 days - lost 66 units; Significant demand spike - review forecast
January,2024,SKU0180,Kumkum Powder 50g,Household,Religious,692,22.3,29064.0,59.4,"Pongal demand surge - Religious, Kumkum, Festival",Festival - Pongal,Adequate inventory maintained,Strong Increase,Pongal,No Winter relevance,None,3% avg weekend uplift,0,0,Festival demand: Pongal; Seasonal factor: No Winter relevance; Significant demand spike - review forecast
January,2024,SKU0247,Cheese Popcorn 100g,Snacks,Snacks,180,5.8,11160.0,16.1,Regular consumer demand,Normal Trading,Adequate inventory maintained,Stable,None,No Winter relevance,None,5% avg weekend uplift,0,0,Seasonal factor: No Winter relevance; Niche product - irregular demand pattern
January,2024,SKU0001,Ponni Rice 25kg,Grocery,Rice,936,30.2,1496664.0,51.0,"Pongal demand surge - Pongal, Rice",Festival - Pongal,Adequate inventory maintained,Strong Increase,Pongal,No Winter relevance,None,4% avg weekend uplift,0,0,Festival demand: Pongal; Seasonal factor: No Winter relevance; Significant demand spike - review forecast
January,2024,SKU0241,Coconut Biscuits 200g,Snacks,Biscuits,1565,50.5,81380.0,74.1,Pongal demand surge - Coconut,Festival - Pongal,Adequate inventory maintained,Strong Increase,Pongal,No Winter relevance,None,17% avg weekend uplift,0,0,Festival demand: Pongal; Seasonal factor: No Winter relevance; Significant demand spike - review forecast
January,2024,SKU0248,Fruit Jam 500g,Grocery,Spreads,814,26.3,113146.0,-2.7,Regular consumer demand,Normal Trading,Adequate inventory maintained,Stable,None,No Winter relevance,None,4% avg weekend uplift,0,0,Seasonal factor: No Winter relevance
January,2024,SKU0252,Fruit Cake 300g,Bakery,Bakery,310,10.0,52390.0,11.1,Regular consumer demand,Normal Trading,Adequate inventory maintained,Stable,None,No Winter relevance,None,10% avg weekend uplift,0,0,Seasonal factor: No Winter relevance
January,2024,SKU0159,Agarbathi 100 sticks,Household,Religious,757,24.4,59803.0,62.8,"Pongal demand surge - Religious, Festival",Festival - Pongal,Adequate inventory maintained,Strong Increase,Pongal,No Winter relevance,None,3% avg weekend uplift,0,0,Festival demand: Pongal; Seasonal factor: No Winter relevance; Significant demand spike - review forecast
January,2024,SKU0005,Basmati Rice 5kg,Grocery,Rice,1340,43.2,1110860.0,49.1,Pongal demand surge - Rice,Festival - Pongal,Adequate inventory maintained,Moderate Increase,Pongal,No Winter relevance,None,4% avg weekend uplift,0,0,Festival demand: Pongal; Seasonal factor: No Winter relevance
January,2024,SKU0217,Smart LED Strip Lights 5m,Electronics,Lighting,382,12.3,458018.0,-5.2,Regular consumer demand,Normal Trading,Stockout for 3 days - lost 33 units,Stable,None,No Winter relevance,None,6% avg weekend uplift,3,33,Seasonal factor: No Winter relevance; Inventory issue: Stockout for 3 days - lost 33 units
January,2024,SKU0076,Flavored Milk 200ml,Dairy,Beverages,930,30.0,21390.0,11.1,Regular consumer demand,Normal Trading,Adequate inventory maintained,Stable,None,No Winter relevance,None,7% avg weekend uplift,0,0,Seasonal factor: No Winter relevance
January,2024,SKU0101,Lays Chips 50g,Snacks,Chips,990,31.9,18810.0,33.1,Buy 1 Get 1 on select snacks,Promotion - New Year Sale,Adequate inventory maintained,Moderate Increase,None,No Winter relevance,New Year Sale,17% avg weekend uplift,0,0,Seasonal factor: No Winter relevance; Promotion active: New Year Sale
January,2024,SKU0098,Lemon Juice 600ml,Beverages,Juices,545,17.6,33790.0,-2.3,Regular consumer demand,Normal Trading,Adequate inventory maintained,Stable,None,No Winter relevance,None,12% avg weekend uplift,0,0,Seasonal factor: No Winter relevance
January,2024,SKU0015,Sunflower Oil 1L,Grocery,Oil,1591,51.3,189329.0,77.0,Pongal demand surge - Oil,Festival - Pongal,Adequate inventory maintained,Strong Increase,Pongal,No Winter relevance,None,4% avg weekend uplift,0,0,Festival demand: Pongal; Seasonal factor: No Winter relevance; Significant demand spike - review forecast
January,2024,SKU0113,Kids Chocolate Pack,Snacks,Chocolates,538,17.4,198522.0,57.8,Buy 1 Get 1 on select snacks,Promotion - New Year Sale,Adequate inventory maintained,Strong Increase,None,No Winter relevance,New Year Sale,17% avg weekend uplift,0,0,Seasonal factor: No Winter relevance; Promotion active: New Year Sale; Significant demand spike - review forecast
January,2024,SKU0152,Jasmine Flowers 100g,Fruits & Vegetables,Flowers,560,18.1,34720.0,64.2,Pongal demand surge - Festival,Festival - Pongal,Adequate inventory maintained,Strong Increase,Pongal,No Winter relevance,None,9% avg weekend uplift,0,0,Festival demand: Pongal; Seasonal factor: No Winter relevance; Significant demand spike - review forecast
January,2024,SKU0043,Oats 1kg,Grocery,Breakfast,624,20.1,111696.0,-4.1,Regular consumer demand,Normal Trading,Adequate inventory maintained,Stable,None,No Winter relevance,None,4% avg weekend uplift,0,0,Seasonal factor: No Winter relevance
January,2024,SKU0219,Raincoat XL,Lifestyle,Rainwear,394,12.7,165086.0,15.5,Regular consumer demand,Normal Trading,Adequate inventory maintained,Stable,None,No Winter relevance,None,7% avg weekend uplift,0,0,Seasonal factor: No Winter relevance
January,2024,SKU0003,Idly Rice 10kg,Grocery,Rice,1305,42.1,1564695.0,40.3,Pongal demand surge - Rice,Festival - Pongal,Adequate inventory maintained,Moderate Increase,Pongal,No Winter relevance,None,4% avg weekend uplift,0,0,Festival demand: Pongal; Seasonal factor: No Winter relevance
January,2024,SKU0222,Pillow Cover Pair,Lifestyle,Bedding,847,27.3,193963.0,18.8,Regular consumer demand,Normal Trading,Adequate inventory maintained,Stable,None,No Winter relevance,None,7% avg weekend uplift,0,0,Seasonal factor: No Winter relevance
January,2024,SKU0144,Banana 1 dozen,Fruits & Vegetables,Fruits,2209,71.3,92778.0,92.6,Pongal demand surge - Banana,Festival - Pongal,Adequate inventory maintained,Strong Increase,Pongal,No Winter relevance,None,9% avg weekend uplift,0,0,Festival demand: Pongal; Seasonal factor: No Winter relevance; Significant demand spike - review forecast
January,2024,SKU0249,Choco Spread 350g,Grocery,Spreads,248,8.0,66712.0,0.0,Regular consumer demand,Normal Trading,Adequate inventory maintained,Stable,None,No Winter relevance,None,1% avg weekend uplift,0,0,Seasonal factor: No Winter relevance; Niche product - irregular demand pattern
January,2024,SKU0055,Instant Noodles 12 Pack,Grocery,Instant Foods,536,17.3,74504.0,-9.0,Regular consumer demand,Normal Trading,Adequate inventory maintained,Stable,None,No Winter relevance,None,4% avg weekend uplift,0,0,Seasonal factor: No Winter relevance
January,2024,SKU0010,Toor Dal 1kg,Grocery,Pulses,805,26.0,144095.0,-7.3,Regular consumer demand,Normal Trading,Adequate inventory maintained,Stable,None,No Winter relevance,None,4% avg weekend uplift,0,0,Seasonal factor: No Winter relevance
January,2024,SKU0066,Paneer 200g,Dairy,Dairy,1456,47.0,115024.0,11.8,Regular consumer demand,Normal Trading,Adequate inventory maintained,Stable,None,No Winter relevance,None,7% avg weekend uplift,0,0,Seasonal factor: No Winter relevance
January,2024,SKU0045,Peanut Butter 1kg,Grocery,Spreads,175,5.6,64575.0,-5.9,Regular consumer demand,Normal Trading,Adequate inventory maintained,Stable,None,No Winter relevance,None,1% avg weekend uplift,0,0,Seasonal factor: No Winter relevance; Niche product - irregular demand pattern
January,2024,SKU0171,Tissue Paper 200 pulls,Household,Household,541,17.5,33542.0,2.7,Regular consumer demand,Normal Trading,Adequate inventory maintained,Stable,None,No Winter relevance,None,3% avg weekend uplift,0,0,Seasonal factor: No Winter relevance
January,2024,SKU0169,Garbage Bags 30pcs,Household,Household,513,16.5,61047.0,-2.7,Regular consumer demand,Normal Trading,Adequate inventory maintained,Stable,None,No Winter relevance,None,3% avg weekend uplift,0,0,Seasonal factor: No Winter relevance
January,2024,SKU0189,Face Wash 100ml,Personal Care,Skin Care,771,24.9,107169.0,-7.9,Regular consumer demand,Normal Trading,Stockout for 2 days - lost 33 units,Stable,None,No Winter relevance,None,6% avg weekend uplift,2,33,Seasonal factor: No Winter relevance; Inventory issue: Stockout for 2 days - lost 33 units
January,2024,SKU0277,Candle Pack 20pcs,Household,Religious,1025,33.1,80975.0,65.3,Pongal demand surge - Religious,Festival - Pongal,Adequate inventory maintained,Strong Increase,Pongal,No Winter relevance,None,3% avg weekend uplift,0,0,Festival demand: Pongal; Seasonal factor: No Winter relevance; Significant demand spike - review forecast
January,2024,SKU0039,Ready Pongal Mix 500g,Grocery,Mixes,883,28.5,69757.0,78.0,Pongal demand surge - Pongal,Festival - Pongal,Adequate inventory maintained,Strong Increase,Pongal,No Winter relevance,None,4% avg weekend uplift,0,0,Festival demand: Pongal; Seasonal factor: No Winter relevance; Significant demand spike - review forecast
January,2024,SKU0041,Papad 200g,Grocery,Snacks,988,31.9,41496.0,18.0,Regular consumer demand,Normal Trading,Adequate inventory maintained,Stable,None,No Winter relevance,None,4% avg weekend uplift,0,0,Seasonal factor: No Winter relevance
January,2024,SKU0194,Sanitary Pads XL Pack,Personal Care,Feminine Care,702,22.6,97578.0,-9.4,Regular consumer demand,Normal Trading,Adequate inventory maintained,Stable,None,No Winter relevance,None,6% avg weekend uplift,0,0,Seasonal factor: No Winter relevance
January,2024,SKU0201,Notebook A4 200 pages,Stationery,Stationery,34,1.1,2686.0,9.7,Regular consumer demand,Normal Trading,Adequate inventory maintained,Stable,None,No Winter relevance,None,1% avg weekend uplift,0,0,Seasonal factor: No Winter relevance
January,2024,SKU0280,Bluetooth Earbuds TWS,Electronics,Electronics,172,5.5,395428.0,11.0,Regular consumer demand,Normal Trading,Adequate inventory maintained,Stable,None,No Winter relevance,None,2% avg weekend uplift,0,0,Seasonal factor: No Winter relevance; Niche product - irregular demand pattern
January,2024,SKU0030,Cardamom 50g,Grocery,Spices,420,13.5,112980.0,-3.2,Regular consumer demand,Normal Trading,Low stock impact - 26 units missed opportunity,Stable,None,No Winter relevance,None,4% avg weekend uplift,0,26,Seasonal factor: No Winter relevance
January,2024,SKU0038,Millet Mix 1kg,Grocery,Grains,110,3.5,15290.0,-11.3,Regular consumer demand,Normal Trading,Adequate inventory maintained,Moderate Decline,None,No Winter relevance,None,1% avg weekend uplift,0,0,Seasonal factor: No Winter relevance; Niche product - irregular demand pattern
January,2024,SKU0220,Travel Bag Medium,Lifestyle,Luggage,151,4.9,211249.0,-2.6,Regular consumer demand,Normal Trading,Low stock impact - 16 units missed opportunity,Stable,None,No Winter relevance,None,2% avg weekend uplift,0,16,Seasonal factor: No Winter relevance; Niche product - irregular demand pattern
January,2024,SKU0140,Potato 1kg,Fruits & Vegetables,Vegetables,1057,34.1,24311.0,10.0,Regular consumer demand,Normal Trading,Low stock impact - 63 units missed opportunity,Stable,None,No Winter relevance,None,9% avg weekend uplift,0,63,Seasonal factor: No Winter relevance
January,2024,SKU0251,Herbal Tea 100g,Beverages,Tea,232,7.5,53128.0,6.9,Regular consumer demand,Normal Trading,Low stock impact - 15 units missed opportunity,Stable,None,No Winter relevance,None,3% avg weekend uplift,0,15,Seasonal factor: No Winter relevance; Niche product - irregular demand pattern
January,2024,SKU0257,Sweet Corn Soup 50g,Grocery,Instant Foods,485,15.6,20370.0,42.2,Winter demand - Sweet,Seasonal - Winter,Adequate inventory maintained,Moderate Increase,None,Winter demand - Sweet,None,4% avg weekend uplift,0,0,Seasonal factor: Winter demand - Sweet
January,2024,SKU0065,Butter 100g,Dairy,Dairy,675,21.8,60075.0,3.7,Regular consumer demand,Normal Trading,Adequate inventory maintained,Stable,None,No Winter relevance,None,7% avg weekend uplift,0,0,Seasonal factor: No Winter relevance
January,2024,SKU0285,Steel Plates Set 6pcs,Household,Kitchenware,178,5.7,110182.0,14.8,Regular consumer demand,Normal Trading,Adequate inventory maintained,Stable,None,No Winter relevance,None,1% avg weekend uplift,0,0,Seasonal factor: No Winter relevance; Niche product - irregular demand pattern
January,2024,SKU0155,Pineapple Per Piece,Fruits & Vegetables,Fruits,1061,34.2,76392.0,22.2,Regular consumer demand,Weekend/Demand Surge,Adequate inventory maintained,Moderate Increase,None,No Winter relevance,None,9% avg weekend uplift,0,0,Seasonal factor: No Winter relevance
January,2024,SKU0292,Fruit Basket Combo,Fruits & Vegetables,Fruits,609,19.6,255171.0,51.1,Pongal demand surge - Festival,Festival - Pongal,Adequate inventory maintained,Strong Increase,Pongal,No Winter relevance,None,9% avg weekend uplift,0,0,Festival demand: Pongal; Seasonal factor: No Winter relevance; Significant demand spike - review forecast
January,2024,SKU0265,Laundry Liquid 1L,Household,Laundry,606,19.5,138774.0,-2.3,Regular consumer demand,Normal Trading,Adequate inventory maintained,Stable,None,No Winter relevance,None,3% avg weekend uplift,0,0,Seasonal factor: No Winter relevance
January,2024,SKU0173,Room Freshener 240ml,Household,Air Freshener,104,3.4,16536.0,11.8,Regular consumer demand,Normal Trading,Adequate inventory maintained,Stable,None,No Winter relevance,None,1% avg weekend uplift,0,0,Seasonal factor: No Winter relevance; Niche product - irregular demand pattern
January,2024,SKU0151,Betel Leaves 1 Pack,Fruits & Vegetables,Leaves,577,18.6,24234.0,-2.0,Regular consumer demand,Normal Trading,Stockout for 2 days - lost 27 units,Stable,None,No Winter relevance,None,9% avg weekend uplift,2,27,Seasonal factor: No Winter relevance; Inventory issue: Stockout for 2 days - lost 27 units
January,2024,SKU0063,Fresh Milk 500ml,Dairy,Milk,1376,44.4,35776.0,13.8,Regular consumer demand,Normal Trading,Adequate inventory maintained,Stable,None,No Winter relevance,None,7% avg weekend uplift,0,0,Seasonal factor: No Winter relevance
January,2024,SKU0240,Herbal Shampoo 400ml,Personal Care,Hair Care,681,22.0,155949.0,-8.5,Regular consumer demand,Normal Trading,Adequate inventory maintained,Stable,None,No Winter relevance,None,6% avg weekend uplift,0,0,Seasonal factor: No Winter relevance
January,2024,SKU0224,Towels Bath Size,Lifestyle,Bedding,822,26.5,270438.0,-5.3,Regular consumer demand,Normal Trading,Adequate inventory maintained,Stable,None,No Winter relevance,None,7% avg weekend uplift,0,0,Seasonal factor: No Winter relevance
January,2024,SKU0082,Tea Powder 1kg,Beverages,Tea,834,26.9,232686.0,22.3,Regular consumer demand,Weekend/Demand Surge,Adequate inventory maintained,Moderate Increase,None,No Winter relevance,None,12% avg weekend uplift,0,0,Seasonal factor: No Winter relevance
January,2024,SKU0158,Beetroot 1kg,Fruits & Vegetables,Vegetables,873,28.2,36666.0,12.6,Regular consumer demand,Normal Trading,Adequate inventory maintained,Stable,None,No Winter relevance,None,9% avg weekend uplift,0,0,Seasonal factor: No Winter relevance
January,2024,SKU0296,Puja Flowers Combo,Fruits & Vegetables,Flowers,409,13.2,110021.0,46.6,Pongal demand surge - Festival,Festival - Pongal,Adequate inventory maintained,Moderate Increase,Pongal,No Winter relevance,None,9% avg weekend uplift,0,0,Festival demand: Pongal; Seasonal factor: No Winter relevance
January,2024,SKU0165,Floor Cleaner 1L,Household,Cleaning,1020,32.9,172380.0,17.5,Regular consumer demand,Normal Trading,Adequate inventory maintained,Stable,None,No Winter relevance,None,3% avg weekend uplift,0,0,Seasonal factor: No Winter relevance
January,2024,SKU0118,Protein Chips 100g,Snacks,Health Snacks,221,7.1,30719.0,1.8,Regular consumer demand,Normal Trading,Adequate inventory maintained,Stable,None,No Winter relevance,None,5% avg weekend uplift,0,0,Seasonal factor: No Winter relevance; Niche product - irregular demand pattern
January,2024,SKU0136,Frozen Pizza 300g,Frozen Foods,Frozen Foods,222,7.2,37518.0,-10.5,Regular consumer demand,Normal Trading,Low stock impact - 6 units missed opportunity,Moderate Decline,None,No Winter relevance,None,4% avg weekend uplift,0,6,Seasonal factor: No Winter relevance; Niche product - irregular demand pattern
January,2024,SKU0283,Pressure Pan 3L,Household,Cookware,88,2.8,70312.0,-5.4,Regular consumer demand,Normal Trading,Adequate inventory maintained,Stable,None,No Winter relevance,None,1% avg weekend uplift,0,0,Seasonal factor: No Winter relevance; Niche product - irregular demand pattern
January,2024,SKU0058,Tomato Ketchup 1kg,Grocery,Condiments,939,30.3,130521.0,1.0,Regular consumer demand,Normal Trading,Low stock impact - 95 units missed opportunity,Stable,None,No Winter relevance,None,4% avg weekend uplift,0,95,Seasonal factor: No Winter relevance
January,2024,SKU0267,Face Cream 200ml,Personal Care,Skin Care,758,24.5,173582.0,1.9,Regular consumer demand,Normal Trading,Low stock impact - 82 units missed opportunity,Stable,None,No Winter relevance,None,6% avg weekend uplift,0,82,Seasonal factor: No Winter relevance
January,2024,SKU0061,Fresh Milk 1L,Dairy,Milk,1652,53.3,85904.0,21.1,Regular consumer demand,Weekend/Demand Surge,Adequate inventory maintained,Moderate Increase,None,No Winter relevance,None,7% avg weekend uplift,0,0,Seasonal factor: No Winter relevance
January,2024,SKU0080,Chocolate Milk 180ml,Dairy,Beverages,599,19.3,25158.0,-3.4,Regular consumer demand,Normal Trading,Adequate inventory maintained,Stable,None,No Winter relevance,None,7% avg weekend uplift,0,0,Seasonal factor: No Winter relevance
January,2024,SKU0207,LED Bulb 9W,Electronics,Lighting,883,28.5,122737.0,-1.8,Regular consumer demand,Normal Trading,Low stock impact - 44 units missed opportunity,Stable,None,No Winter relevance,None,6% avg weekend uplift,0,44,Seasonal factor: No Winter relevance
January,2024,SKU0195,Baby Diapers 42pcs,Personal Care,Baby Care,661,21.3,528139.0,12.2,Regular consumer demand,Normal Trading,Adequate inventory maintained,Stable,None,No Winter relevance,None,6% avg weekend uplift,0,0,Seasonal factor: No Winter relevance
February,2024,SKU0264,Air Freshener Spray 300ml,Household,Air Freshener,106,3.8,16854.0,-5.4,Regular consumer demand,Normal Trading,Adequate inventory maintained,Stable,None,No Winter relevance,None,1% avg weekend uplift,0,0,Seasonal factor: No Winter relevance; Niche product - irregular demand pattern
February,2024,SKU0176,Water Bottle 1L,Household,Kitchenware,574,20.5,131446.0,13.9,Regular consumer demand,Normal Trading,Adequate inventory maintained,Stable,None,No Winter relevance,None,3% avg weekend uplift,0,0,Seasonal factor: No Winter relevance
February,2024,SKU0060,Black Channa 1kg,Grocery,Pulses,455,16.2,45045.0,-9.7,Regular consumer demand,Normal Trading,Adequate inventory maintained,Stable,None,No Winter relevance,None,5% avg weekend uplift,0,0,Seasonal factor: No Winter relevance
February,2024,SKU0094,Energy Drink 250ml,Beverages,Beverages,186,6.6,25854.0,10.7,Regular consumer demand,Normal Trading,Adequate inventory maintained,Stable,None,No Winter relevance,None,4% avg weekend uplift,0,0,Seasonal factor: No Winter relevance; Niche product - irregular demand pattern
February,2024,SKU0097,Green Tea 100g,Beverages,Tea,94,3.4,15886.0,11.9,Regular consumer demand,Normal Trading,Adequate inventory maintained,Stable,None,No Winter relevance,None,4% avg weekend uplift,0,0,Seasonal factor: No Winter relevance; Niche product - irregular demand pattern
February,2024,SKU0062,Fresh Milk 1L,Dairy,Milk,1121,40.0,57171.0,17.8,Regular consumer demand,Normal Trading,Adequate inventory maintained,Stable,None,No Winter relevance,None,8% avg weekend uplift,0,0,Seasonal factor: No Winter relevance
February,2024,SKU0138,Tomato 1kg,Fruits & Vegetables,Vegetables,764,27.3,32088.0,-5.9,Regular consumer demand,Normal Trading,Stockout for 4 days - lost 82 units,Stable,None,No Winter relevance,None,10% avg weekend uplift,4,82,Seasonal factor: No Winter relevance; Inventory issue: Stockout for 4 days - lost 82 units
February,2024,SKU0139,Onion 1kg,Fruits & Vegetables,Vegetables,821,29.3,26272.0,-5.4,Regular consumer demand,Normal Trading,Stockout for 5 days - lost 116 units,Stable,None,No Winter relevance,None,10% avg weekend uplift,5,116,Seasonal factor: No Winter relevance; Inventory issue: Stockout for 5 days - lost 116 units
February,2024,SKU0294,Men's Kurta Set XL,Lifestyle,Clothing,319,11.4,669581.0,13.9,Regular consumer demand,Normal Trading,Adequate inventory maintained,Stable,None,No Winter relevance,None,8% avg weekend uplift,0,0,Seasonal factor: No Winter relevance
February,2024,SKU0123,Muffins 2pcs,Bakery,Bakery,94,3.4,7426.0,11.9,Regular consumer demand,Normal Trading,Stockout for 2 days - lost 4 units,Stable,None,No Winter relevance,None,3% avg weekend uplift,2,4,Seasonal factor: No Winter relevance; Inventory issue: Stockout for 2 days - lost 4 units; Niche product - irregular demand pattern
February,2024,SKU0178,Pooja Plate Set,Household,Religious,543,19.4,146067.0,7.7,Regular consumer demand,Normal Trading,Low stock impact - 21 units missed opportunity,Stable,None,No Winter relevance,None,3% avg weekend uplift,0,21,Seasonal factor: No Winter relevance
February,2024,SKU0206,Gift Wrap Paper 5 sheets,Stationery,Gift Wrap,249,8.9,15438.0,11.2,Regular consumer demand,Normal Trading,Adequate inventory maintained,Stable,None,No Winter relevance,None,3% avg weekend uplift,0,0,Seasonal factor: No Winter relevance
February,2024,SKU0021,Sugar 1kg,Grocery,Sweeteners,684,24.4,28728.0,-9.5,Regular consumer demand,Normal Trading,Adequate inventory maintained,Stable,None,No Winter relevance,None,5% avg weekend uplift,0,0,Seasonal factor: No Winter relevance
February,2024,SKU0132,Frozen Nuggets 500g,Frozen Foods,Frozen Foods,165,5.9,37785.0,17.9,Regular consumer demand,Normal Trading,Adequate inventory maintained,Stable,None,No Winter relevance,None,5% avg weekend uplift,0,0,Seasonal factor: No Winter relevance; Niche product - irregular demand pattern
February,2024,SKU0268,Lip Balm 10g,Personal Care,Lip Care,546,19.5,43134.0,21.9,Regular consumer demand,Weekend/Demand Surge,Adequate inventory maintained,Moderate Increase,None,No Winter relevance,None,6% avg weekend uplift,0,0,Seasonal factor: No Winter relevance
February,2024,SKU0086,Health Drink 1kg,Beverages,Health Drinks,907,32.4,298403.0,20.0,Regular consumer demand,Normal Trading,Adequate inventory maintained,Stable,None,No Winter relevance,None,13% avg weekend uplift,0,0,Seasonal factor: No Winter relevance
February,2024,SKU0130,Frozen Parotta 400g,Frozen Foods,Frozen Foods,623,22.2,38626.0,1.1,Regular consumer demand,Normal Trading,Adequate inventory maintained,Stable,None,No Winter relevance,None,16% avg weekend uplift,0,0,Seasonal factor: No Winter relevance
February,2024,SKU0081,Tea Powder 1kg,Beverages,Tea,719,25.7,193411.0,16.7,Regular consumer demand,Normal Trading,Adequate inventory maintained,Stable,None,No Winter relevance,None,13% avg weekend uplift,0,0,Seasonal factor: No Winter relevance
February,2024,SKU0084,Instant Coffee 200g,Beverages,Coffee,720,25.7,121680.0,-14.3,Regular consumer demand,Normal Trading,Stockout for 5 days - lost 94 units,Moderate Decline,None,No Winter relevance,None,13% avg weekend uplift,5,94,Seasonal factor: No Winter relevance; Inventory issue: Stockout for 5 days - lost 94 units
February,2024,SKU0246,Frozen Chapati 20pcs,Frozen Foods,Frozen Foods,562,20.1,78118.0,18.1,Regular consumer demand,Normal Trading,Adequate inventory maintained,Stable,None,No Winter relevance,None,16% avg weekend uplift,0,0,Seasonal factor: No Winter relevance
February,2024,SKU0291,Christmas Chocolates 24pcs,Snacks,Chocolates,652,23.3,912148.0,37.0,Regular consumer demand,Weekend/Demand Surge,Adequate inventory maintained,Moderate Increase,None,No Winter relevance,None,19% avg weekend uplift,0,0,Seasonal factor: No Winter relevance
February,2024,SKU0026,Coriander Powder 200g,Grocery,Spices,482,17.2,25064.0,1.3,Regular consumer demand,Normal Trading,Adequate inventory maintained,Stable,None,No Winter relevance,None,5% avg weekend uplift,0,0,Seasonal factor: No Winter relevance
February,2024,SKU0036,Vermicelli 500g,Grocery,Pasta,552,19.7,39744.0,3.8,Regular consumer demand,Normal Trading,Adequate inventory maintained,Stable,None,No Winter relevance,None,5% avg weekend uplift,0,0,Seasonal factor: No Winter relevance
February,2024,SKU0077,Lassi 200ml,Dairy,Beverages,464,16.6,14848.0,3.6,Regular consumer demand,Normal Trading,Adequate inventory maintained,Stable,None,No Winter relevance,None,8% avg weekend uplift,0,0,Seasonal factor: No Winter relevance
February,2024,SKU0150,Sugarcane Per Stick,Fruits & Vegetables,Fruits,320,11.4,7360.0,14.3,Regular consumer demand,Normal Trading,Adequate inventory maintained,Stable,None,No Winter relevance,None,10% avg weekend uplift,0,0,Seasonal factor: No Winter relevance
February,2024,SKU0210,Earphones Wired,Electronics,Electronics,204,7.3,85476.0,4.1,Regular consumer demand,Normal Trading,Adequate inventory maintained,Stable,None,No Winter relevance,None,2% avg weekend uplift,0,0,Seasonal factor: No Winter relevance; Niche product - irregular demand pattern
February,2024,SKU0119,Bread Loaf 400g,Bakery,Bakery,683,24.4,28686.0,-2.4,Regular consumer demand,Normal Trading,Adequate inventory maintained,Stable,None,No Winter relevance,None,11% avg weekend uplift,0,0,Seasonal factor: No Winter relevance
February,2024,SKU0161,Diya Lamps 10pcs,Household,Religious,471,16.8,65469.0,-6.5,Regular consumer demand,Normal Trading,Adequate inventory maintained,Stable,None,No Winter relevance,None,3% avg weekend uplift,0,0,Seasonal factor: No Winter relevance
February,2024,SKU0261,Cheese Balls 150g,Snacks,Snacks,190,6.8,22610.0,-3.1,Regular consumer demand,Normal Trading,Adequate inventory maintained,Stable,None,No Winter relevance,None,6% avg weekend uplift,0,0,Seasonal factor: No Winter relevance; Niche product - irregular demand pattern
February,2024,SKU0193,Shaving Razor 2pcs,Personal Care,Grooming,482,17.2,81458.0,14.8,Regular consumer demand,Normal Trading,Adequate inventory maintained,Stable,None,No Winter relevance,None,6% avg weekend uplift,0,0,Seasonal factor: No Winter relevance
February,2024,SKU0011,Urad Dal 1kg,Grocery,Pulses,464,16.6,87696.0,-7.9,Regular consumer demand,Normal Trading,Adequate inventory maintained,Stable,None,No Winter relevance,None,5% avg weekend uplift,0,0,Seasonal factor: No Winter relevance
February,2024,SKU0052,Quinoa 500g,Grocery,Grains,186,6.6,50034.0,10.7,Regular consumer demand,Normal Trading,Low stock impact - 9 units missed opportunity,Stable,None,No Winter relevance,None,1% avg weekend uplift,0,9,Seasonal factor: No Winter relevance; Niche product - irregular demand pattern
February,2024,SKU0020,Jaggery 1kg,Grocery,Sweeteners,735,26.2,58065.0,-9.5,Regular consumer demand,Normal Trading,Adequate inventory maintained,Stable,None,No Winter relevance,None,5% avg weekend uplift,0,0,Seasonal factor: No Winter relevance
February,2024,SKU0149,Coconut Per Piece,Fruits & Vegetables,Fruits,236,8.4,7552.0,-6.3,Regular consumer demand,Normal Trading,Adequate inventory maintained,Stable,None,No Winter relevance,None,10% avg weekend uplift,0,0,Seasonal factor: No Winter relevance
February,2024,SKU0253,Dry Fruit Mix 1kg,Grocery,Nuts,526,18.8,420274.0,34.2,Winter demand - Dry Fruit,Seasonal - Winter,Adequate inventory maintained,Moderate Increase,None,Winter demand - Dry Fruit,None,5% avg weekend uplift,0,0,Seasonal factor: Winter demand - Dry Fruit
February,2024,SKU0031,Cashew Nuts 500g,Grocery,Nuts,457,16.3,182343.0,16.6,Regular consumer demand,Normal Trading,Adequate inventory maintained,Stable,None,No Winter relevance,None,5% avg weekend uplift,0,0,Seasonal factor: No Winter relevance
February,2024,SKU0213,Mixer Grinder 750W,Electronics,Appliances,211,7.5,569489.0,-5.8,Regular consumer demand,Normal Trading,Low stock impact - 17 units missed opportunity,Stable,None,No Winter relevance,None,2% avg weekend uplift,0,17,Seasonal factor: No Winter relevance; Niche product - irregular demand pattern
February,2024,SKU0245,Instant Upma Mix 500g,Grocery,Mixes,479,17.1,42631.0,-10.0,Regular consumer demand,Normal Trading,Low stock impact - 30 units missed opportunity,Stable,None,No Winter relevance,None,5% avg weekend uplift,0,30,Seasonal factor: No Winter relevance
February,2024,SKU0181,Bath Soap 150g,Personal Care,Bath Soaps,604,21.6,25368.0,-1.9,Regular consumer demand,Normal Trading,Adequate inventory maintained,Stable,None,No Winter relevance,None,6% avg weekend uplift,0,0,Seasonal factor: No Winter relevance
February,2024,SKU0143,Garlic 250g,Fruits & Vegetables,Vegetables,725,25.9,37700.0,7.9,Regular consumer demand,Normal Trading,Stockout for 4 days - lost 89 units,Stable,None,No Winter relevance,None,10% avg weekend uplift,4,89,Seasonal factor: No Winter relevance; Inventory issue: Stockout for 4 days - lost 89 units
February,2024,SKU0044,Cornflakes 500g,Grocery,Breakfast,742,26.5,117978.0,20.5,Regular consumer demand,Weekend/Demand Surge,Adequate inventory maintained,Moderate Increase,None,No Winter relevance,None,5% avg weekend uplift,0,0,Seasonal factor: No Winter relevance
February,2024,SKU0290,Decorative Candles 6pcs,Household,Decorations,560,20.0,77840.0,17.6,Regular consumer demand,Normal Trading,Adequate inventory maintained,Stable,None,No Winter relevance,None,3% avg weekend uplift,0,0,Seasonal factor: No Winter relevance
February,2024,SKU0234,Bluetooth Speaker Portable,Electronics,Electronics,144,5.1,201456.0,2.9,Regular consumer demand,Normal Trading,Low stock impact - 11 units missed opportunity,Stable,None,No Winter relevance,None,2% avg weekend uplift,0,11,Seasonal factor: No Winter relevance; Niche product - irregular demand pattern
February,2024,SKU0230,Pongal Pot Set,Household,Religious,326,11.6,149634.0,-3.0,Regular consumer demand,Normal Trading,Adequate inventory maintained,Stable,None,No Winter relevance,None,3% avg weekend uplift,0,0,Seasonal factor: No Winter relevance
February,2024,SKU0115,Salted Peanuts 200g,Snacks,Nuts,547,19.5,43213.0,30.2,Regular consumer demand,Weekend/Demand Surge,Adequate inventory maintained,Moderate Increase,None,No Winter relevance,None,19% avg weekend uplift,0,0,Seasonal factor: No Winter relevance
February,2024,SKU0090,Mineral Water 1L,Beverages,Beverages,564,20.1,10716.0,11.9,Regular consumer demand,Normal Trading,Low stock impact - 43 units missed opportunity,Stable,None,No Winter relevance,None,13% avg weekend uplift,0,43,Seasonal factor: No Winter relevance
February,2024,SKU0108,Chocolate Cookies 200g,Snacks,Biscuits,835,29.8,65965.0,2.8,Regular consumer demand,Normal Trading,Adequate inventory maintained,Stable,None,No Winter relevance,None,19% avg weekend uplift,0,0,Seasonal factor: No Winter relevance
February,2024,SKU0229,Santa Cap Free Size,Lifestyle,Clothing,344,12.3,47816.0,-5.5,Regular consumer demand,Normal Trading,Adequate inventory maintained,Stable,None,No Winter relevance,None,8% avg weekend uplift,0,0,Seasonal factor: No Winter relevance
February,2024,SKU0225,Plastic Chairs Single,Lifestyle,Furniture,128,4.6,79232.0,-8.6,Regular consumer demand,Normal Trading,Adequate inventory maintained,Stable,None,No Winter relevance,None,2% avg weekend uplift,0,0,Seasonal factor: No Winter relevance; Niche product - irregular demand pattern
February,2024,SKU0259,Fresh Lime Soda 250ml,Beverages,Beverages,455,16.2,19110.0,-4.4,Regular consumer demand,Normal Trading,Low stock impact - 39 units missed opportunity,Stable,None,No Winter relevance,None,13% avg weekend uplift,0,39,Seasonal factor: No Winter relevance
February,2024,SKU0059,Green Gram 1kg,Grocery,Pulses,767,27.4,68263.0,9.6,Regular consumer demand,Normal Trading,Adequate inventory maintained,Stable,None,No Winter relevance,None,5% avg weekend uplift,0,0,Seasonal factor: No Winter relevance
February,2024,SKU0293,Silk Saree Combo Festival Pack,Lifestyle,Clothing,478,17.1,1768122.0,13.8,Regular consumer demand,Normal Trading,Adequate inventory maintained,Stable,None,No Winter relevance,None,8% avg weekend uplift,0,0,Seasonal factor: No Winter relevance
February,2024,SKU0124,Birthday Cake 1kg,Bakery,Bakery,127,4.5,58293.0,13.4,Regular consumer demand,Normal Trading,Adequate inventory maintained,Stable,None,No Winter relevance,None,3% avg weekend uplift,0,0,Seasonal factor: No Winter relevance; Niche product - irregular demand pattern
February,2024,SKU0260,Sports Drink 250ml,Beverages,Beverages,487,17.4,25324.0,24.2,Regular consumer demand,Weekend/Demand Surge,Adequate inventory maintained,Moderate Increase,None,No Winter relevance,None,13% avg weekend uplift,0,0,Seasonal factor: No Winter relevance
February,2024,SKU0103,Murukku 250g,Snacks,Traditional Snacks,311,11.1,37009.0,11.1,Regular consumer demand,Normal Trading,Adequate inventory maintained,Stable,None,No Winter relevance,None,19% avg weekend uplift,0,0,Seasonal factor: No Winter relevance
February,2024,SKU0166,Detergent Powder 2kg,Household,Laundry,886,31.6,202894.0,9.1,Regular consumer demand,Normal Trading,Adequate inventory maintained,Stable,None,No Winter relevance,None,3% avg weekend uplift,0,0,Seasonal factor: No Winter relevance
February,2024,SKU0164,Dishwash Liquid 750ml,Household,Cleaning,570,20.4,79230.0,7.1,Regular consumer demand,Normal Trading,Adequate inventory maintained,Stable,None,No Winter relevance,None,3% avg weekend uplift,0,0,Seasonal factor: No Winter relevance
February,2024,SKU0167,Detergent Powder 2kg,Household,Laundry,772,27.6,207668.0,-1.5,Regular consumer demand,Normal Trading,Adequate inventory maintained,Stable,None,No Winter relevance,None,3% avg weekend uplift,0,0,Seasonal factor: No Winter relevance
February,2024,SKU0105,Banana Chips 250g,Snacks,Chips,686,24.5,61054.0,2.1,Regular consumer demand,Normal Trading,Adequate inventory maintained,Stable,None,No Winter relevance,None,19% avg weekend uplift,0,0,Seasonal factor: No Winter relevance
February,2024,SKU0035,Dates Premium 500g,Grocery,Nuts,461,16.5,124009.0,17.6,Regular consumer demand,Normal Trading,Adequate inventory maintained,Stable,None,No Winter relevance,None,5% avg weekend uplift,0,0,Seasonal factor: No Winter relevance
February,2024,SKU0042,Pickle Jar 500g,Grocery,Condiments,684,24.4,81396.0,-9.5,Regular consumer demand,Normal Trading,Adequate inventory maintained,Stable,None,No Winter relevance,None,5% avg weekend uplift,0,0,Seasonal factor: No Winter relevance
February,2024,SKU0095,Badam Milk 180ml,Beverages,Beverages,349,12.5,14658.0,13.3,Regular consumer demand,Normal Trading,Adequate inventory maintained,Stable,None,No Winter relevance,None,13% avg weekend uplift,0,0,Seasonal factor: No Winter relevance
February,2024,SKU0203,Pencil Box 10pcs,Stationery,Stationery,58,2.1,8062.0,3.6,Regular consumer demand,Normal Trading,Adequate inventory maintained,Stable,None,No Winter relevance,None,1% avg weekend uplift,0,0,Seasonal factor: No Winter relevance
February,2024,SKU0111,Halwa Pack 500g,Snacks,Traditional Sweets,284,10.1,76396.0,1.4,Regular consumer demand,Normal Trading,Adequate inventory maintained,Stable,None,No Winter relevance,None,19% avg weekend uplift,0,0,Seasonal factor: No Winter relevance
February,2024,SKU0156,Cucumber 1kg,Fruits & Vegetables,Vegetables,1044,37.3,33408.0,-6.8,Regular consumer demand,Normal Trading,Adequate inventory maintained,Stable,None,No Winter relevance,None,10% avg weekend uplift,0,0,Seasonal factor: No Winter relevance
February,2024,SKU0023,Rock Salt 500g,Grocery,Salt,577,20.6,18464.0,-6.3,Regular consumer demand,Normal Trading,Adequate inventory maintained,Stable,None,No Winter relevance,None,5% avg weekend uplift,0,0,Seasonal factor: No Winter relevance
February,2024,SKU0002,Ponni Rice 10kg,Grocery,Rice,989,35.3,1284711.0,17.7,Regular consumer demand,Normal Trading,Adequate inventory maintained,Stable,None,No Winter relevance,None,5% avg weekend uplift,0,0,Seasonal factor: No Winter relevance
February,2024,SKU0187,Toothpaste 150g,Personal Care,Oral Care,684,24.4,49248.0,1.8,Regular consumer demand,Normal Trading,Adequate inventory maintained,Stable,None,No Winter relevance,None,6% avg weekend uplift,0,0,Seasonal factor: No Winter relevance
February,2024,SKU0275,Kitchen Towels 2 Rolls,Household,Kitchenware,449,16.0,53431.0,-5.7,Regular consumer demand,Normal Trading,Adequate inventory maintained,Stable,None,No Winter relevance,None,3% avg weekend uplift,0,0,Seasonal factor: No Winter relevance
February,2024,SKU0192,Perfume Gift Set,Personal Care,Fragrances,298,10.6,238102.0,18.3,Regular consumer demand,Normal Trading,Adequate inventory maintained,Stable,None,No Winter relevance,None,6% avg weekend uplift,0,0,Seasonal factor: No Winter relevance
February,2024,SKU0008,Maida Flour 1kg,Grocery,Flour,564,20.1,23688.0,11.9,Regular consumer demand,Normal Trading,Low stock impact - 37 units missed opportunity,Stable,None,No Winter relevance,None,5% avg weekend uplift,0,37,Seasonal factor: No Winter relevance
February,2024,SKU0239,Vitamin Supplements 30 tabs,Personal Care,Health,810,28.9,266490.0,3.3,Regular consumer demand,Normal Trading,Low stock impact - 45 units missed opportunity,Stable,None,No Winter relevance,None,6% avg weekend uplift,0,45,Seasonal factor: No Winter relevance
February,2024,SKU0160,Camphor 100g,Household,Religious,473,16.9,42097.0,-6.2,Regular consumer demand,Normal Trading,Adequate inventory maintained,Stable,None,No Winter relevance,None,3% avg weekend uplift,0,0,Seasonal factor: No Winter relevance
February,2024,SKU0298,Pongal Sugar Pack 2kg,Grocery,Sweeteners,434,15.5,73346.0,-3.1,Regular consumer demand,Normal Trading,Stockout for 2 days - lost 19 units,Stable,None,No Winter relevance,None,5% avg weekend uplift,2,19,Seasonal factor: No Winter relevance; Inventory issue: Stockout for 2 days - lost 19 units
February,2024,SKU0054,Honey 500g,Grocery,Sweeteners,796,28.4,126564.0,9.3,Regular consumer demand,Normal Trading,Adequate inventory maintained,Stable,None,No Winter relevance,None,5% avg weekend uplift,0,0,Seasonal factor: No Winter relevance
February,2024,SKU0263,Frozen Veg Burger Patty 400g,Frozen Foods,Frozen Foods,123,4.4,24477.0,9.8,Regular consumer demand,Normal Trading,Adequate inventory maintained,Stable,None,No Winter relevance,None,5% avg weekend uplift,0,0,Seasonal factor: No Winter relevance; Niche product - irregular demand pattern
February,2024,SKU0019,Ghee 1L,Grocery,Ghee,830,29.6,430770.0,9.8,Winter demand - Ghee,Seasonal - Winter,Low stock impact - 58 units missed opportunity,Stable,None,Winter demand - Ghee,None,5% avg weekend uplift,0,58,Seasonal factor: Winter demand - Ghee
February,2024,SKU0070,Ice Cream Family Pack 1L,Dairy,Frozen,567,20.2,95823.0,1.2,Regular consumer demand,Normal Trading,Adequate inventory maintained,Stable,None,No Winter relevance,None,8% avg weekend uplift,0,0,Seasonal factor: No Winter relevance
February,2024,SKU0147,Watermelon Per Piece,Fruits & Vegetables,Fruits,543,19.4,33666.0,-3.0,Regular consumer demand,Normal Trading,Adequate inventory maintained,Stable,None,No Winter relevance,None,10% avg weekend uplift,0,0,Seasonal factor: No Winter relevance
February,2024,SKU0286,Dry Fruit Gift Hamper Combo,Grocery,Gift Sets,401,14.3,480799.0,30.2,Winter demand - Dry Fruit,Seasonal - Winter,Adequate inventory maintained,Moderate Increase,None,Winter demand - Dry Fruit,None,5% avg weekend uplift,0,0,Seasonal factor: Winter demand - Dry Fruit
February,2024,SKU0047,Biryani Masala 100g,Grocery,Spices,505,18.0,21210.0,6.1,Regular consumer demand,Normal Trading,Adequate inventory maintained,Stable,None,No Winter relevance,None,5% avg weekend uplift,0,0,Seasonal factor: No Winter relevance
February,2024,SKU0182,Bath Soap 125g,Personal Care,Bath Soaps,681,24.3,42222.0,10.6,Regular consumer demand,Normal Trading,Adequate inventory maintained,Stable,None,No Winter relevance,None,6% avg weekend uplift,0,0,Seasonal factor: No Winter relevance
February,2024,SKU0183,Shampoo Sachet 6ml,Personal Care,Hair Care,897,32.0,4485.0,18.7,Regular consumer demand,Normal Trading,Adequate inventory maintained,Stable,None,No Winter relevance,None,6% avg weekend uplift,0,0,Seasonal factor: No Winter relevance
February,2024,SKU0069,Flavored Yogurt 90g,Dairy,Dairy,83,3.0,3486.0,-1.2,Regular consumer demand,Normal Trading,Adequate inventory maintained,Stable,None,No Winter relevance,None,2% avg weekend uplift,0,0,Seasonal factor: No Winter relevance; Niche product - irregular demand pattern
February,2024,SKU0007,Wheat Flour Atta 5kg,Grocery,Atta,612,21.9,182988.0,9.3,Regular consumer demand,Normal Trading,Adequate inventory maintained,Stable,None,No Winter relevance,None,5% avg weekend uplift,0,0,Seasonal factor: No Winter relevance
February,2024,SKU0276,Match Box 10pcs,Household,Household,531,19.0,12213.0,-0.2,Regular consumer demand,Normal Trading,Adequate inventory maintained,Stable,None,No Winter relevance,None,3% avg weekend uplift,0,0,Seasonal factor: No Winter relevance
February,2024,SKU0096,Fruit Syrup 750ml,Beverages,Syrups,290,10.4,46110.0,15.1,Regular consumer demand,Normal Trading,Low stock impact - 25 units missed opportunity,Stable,None,No Winter relevance,None,13% avg weekend uplift,0,25,Seasonal factor: No Winter relevance
February,2024,SKU0079,Probiotic Drink 5pcs,Dairy,Beverages,104,3.7,12376.0,-7.1,Regular consumer demand,Normal Trading,Adequate inventory maintained,Stable,None,No Winter relevance,None,2% avg weekend uplift,0,0,Seasonal factor: No Winter relevance; Niche product - irregular demand pattern
February,2024,SKU0078,Dairy Whitener 400g,Dairy,Dairy,850,30.4,118150.0,8.4,Regular consumer demand,Normal Trading,Adequate inventory maintained,Stable,None,No Winter relevance,None,8% avg weekend uplift,0,0,Seasonal factor: No Winter relevance
February,2024,SKU0116,Namkeen Mix 400g,Snacks,Traditional Snacks,489,17.5,67971.0,9.2,Regular consumer demand,Normal Trading,Adequate inventory maintained,Stable,None,No Winter relevance,None,19% avg weekend uplift,0,0,Seasonal factor: No Winter relevance
February,2024,SKU0281,Mosquito Bat Rechargeable,Household,Pest Control,774,27.6,254646.0,10.6,Regular consumer demand,Normal Trading,Adequate inventory maintained,Stable,None,No Winter relevance,None,3% avg weekend uplift,0,0,Seasonal factor: No Winter relevance
February,2024,SKU0226,Saree Gift Pack Silk Blend,Lifestyle,Clothing,345,12.3,931155.0,23.2,Regular consumer demand,Weekend/Demand Surge,Adequate inventory maintained,Moderate Increase,None,No Winter relevance,None,8% avg weekend uplift,0,0,Seasonal factor: No Winter relevance
February,2024,SKU0238,Face Mask Pack 3pcs,Personal Care,Beauty,92,3.3,21068.0,9.5,Regular consumer demand,Normal Trading,Adequate inventory maintained,Stable,None,No Winter relevance,None,2% avg weekend uplift,0,0,Seasonal factor: No Winter relevance; Niche product - irregular demand pattern
February,2024,SKU0299,Ramadan Combo Kit,Grocery,Gift Sets,483,17.2,385917.0,1.5,Regular consumer demand,Normal Trading,Stockout for 5 days - lost 63 units,Stable,None,No Winter relevance,None,5% avg weekend uplift,5,63,Seasonal factor: No Winter relevance; Inventory issue: Stockout for 5 days - lost 63 units
February,2024,SKU0050,Sugar Candy 250g,Grocery,Sweeteners,533,19.0,38376.0,-4.8,Regular consumer demand,Normal Trading,Adequate inventory maintained,Stable,None,No Winter relevance,None,5% avg weekend uplift,0,0,Seasonal factor: No Winter relevance
February,2024,SKU0128,Donuts 2pcs,Bakery,Bakery,222,7.9,26418.0,13.3,Regular consumer demand,Normal Trading,Adequate inventory maintained,Stable,None,No Winter relevance,None,3% avg weekend uplift,0,0,Seasonal factor: No Winter relevance; Niche product - irregular demand pattern
February,2024,SKU0272,Lunch Box Medium,Household,Kitchenware,647,23.1,174043.0,-14.4,Regular consumer demand,Normal Trading,Low stock impact - 54 units missed opportunity,Moderate Decline,None,No Winter relevance,None,3% avg weekend uplift,0,54,Seasonal factor: No Winter relevance
February,2024,SKU0244,Green Peas Masala 200g,Grocery,Mixes,73,2.6,5767.0,-13.1,Regular consumer demand,Normal Trading,Low stock impact - 8 units missed opportunity,Moderate Decline,None,No Winter relevance,None,1% avg weekend uplift,0,8,Seasonal factor: No Winter relevance; Niche product - irregular demand pattern
February,2024,SKU0014,Groundnut Oil 1L,Grocery,Oil,527,18.8,67983.0,-0.9,Regular consumer demand,Normal Trading,Adequate inventory maintained,Stable,None,No Winter relevance,None,5% avg weekend uplift,0,0,Seasonal factor: No Winter relevance
February,2024,SKU0106,Popcorn 100g,Snacks,Chips,971,34.7,40782.0,15.6,Regular consumer demand,Normal Trading,Stockout for 5 days - lost 126 units,Stable,None,No Winter relevance,None,19% avg weekend uplift,5,126,Seasonal factor: No Winter relevance; Inventory issue: Stockout for 5 days - lost 126 units
February,2024,SKU0013,Chana Dal 1kg,Grocery,Pulses,751,26.8,119409.0,7.3,Regular consumer demand,Normal Trading,Adequate inventory maintained,Stable,None,No Winter relevance,None,5% avg weekend uplift,0,0,Seasonal factor: No Winter relevance
February,2024,SKU0029,Pepper Powder 100g,Grocery,Spices,666,23.8,79254.0,-4.9,Regular consumer demand,Normal Trading,Adequate inventory maintained,Stable,None,No Winter relevance,None,5% avg weekend uplift,0,0,Seasonal factor: No Winter relevance
February,2024,SKU0218,Umbrella Large,Lifestyle,Rainwear,572,20.4,188188.0,2.1,Regular consumer demand,Normal Trading,Low stock impact - 61 units missed opportunity,Stable,None,No Winter relevance,None,8% avg weekend uplift,0,61,Seasonal factor: No Winter relevance
February,2024,SKU0287,Festival Sweet Combo 2kg,Snacks,Traditional Sweets,784,28.0,626416.0,64.7,Winter demand - Sweet,Seasonal - Winter,Adequate inventory maintained,Strong Increase,None,Winter demand - Sweet,None,19% avg weekend uplift,0,0,Seasonal factor: Winter demand - Sweet; Significant demand spike - review forecast
February,2024,SKU0037,Aval / Poha 1kg,Grocery,Breakfast,534,19.1,33108.0,-4.6,Regular consumer demand,Normal Trading,Adequate inventory maintained,Stable,None,No Winter relevance,None,5% avg weekend uplift,0,0,Seasonal factor: No Winter relevance
February,2024,SKU0127,Plum Cake 500g,Bakery,Bakery,473,16.9,127237.0,12.6,Regular consumer demand,Normal Trading,Adequate inventory maintained,Stable,None,No Winter relevance,None,11% avg weekend uplift,0,0,Seasonal factor: No Winter relevance
February,2024,SKU0198,Baby Powder 200g,Personal Care,Baby Care,567,20.2,78813.0,19.1,Regular consumer demand,Normal Trading,Adequate inventory maintained,Stable,None,No Winter relevance,None,6% avg weekend uplift,0,0,Seasonal factor: No Winter relevance
February,2024,SKU0028,Rasam Powder 200g,Grocery,Spices,732,26.1,52704.0,8.9,Regular consumer demand,Normal Trading,Adequate inventory maintained,Stable,None,No Winter relevance,None,5% avg weekend uplift,0,0,Seasonal factor: No Winter relevance
February,2024,SKU0121,Burger Buns 4pcs,Bakery,Bakery,1050,37.5,33600.0,25.0,Regular consumer demand,Weekend/Demand Surge,Adequate inventory maintained,Moderate Increase,None,No Winter relevance,None,11% avg weekend uplift,0,0,Seasonal factor: No Winter relevance
February,2024,SKU0269,Hair Gel 100ml,Personal Care,Hair Care,88,3.1,12232.0,4.8,Regular consumer demand,Normal Trading,Low stock impact - 3 units missed opportunity,Stable,None,No Winter relevance,None,2% avg weekend uplift,0,3,Seasonal factor: No Winter relevance; Niche product - irregular demand pattern
February,2024,SKU0284,Coconut Scraper Manual,Household,Kitchenware,186,6.6,50034.0,10.7,Regular consumer demand,Normal Trading,Adequate inventory maintained,Stable,None,No Winter relevance,None,1% avg weekend uplift,0,0,Seasonal factor: No Winter relevance; Niche product - irregular demand pattern
February,2024,SKU0135,Ice Cubes 1kg,Frozen Foods,Frozen Foods,549,19.6,23058.0,3.2,Regular consumer demand,Normal Trading,Adequate inventory maintained,Stable,None,No Winter relevance,None,16% avg weekend uplift,0,0,Seasonal factor: No Winter relevance
February,2024,SKU0243,Instant Soup 3 Pack,Grocery,Instant Foods,244,8.7,33916.0,8.9,Regular consumer demand,Normal Trading,Adequate inventory maintained,Stable,None,No Winter relevance,None,5% avg weekend uplift,0,0,Seasonal factor: No Winter relevance
February,2024,SKU0040,Tamarind 500g,Grocery,Spices,885,31.6,78765.0,5.4,Regular consumer demand,Normal Trading,Adequate inventory maintained,Stable,None,No Winter relevance,None,5% avg weekend uplift,0,0,Seasonal factor: No Winter relevance
February,2024,SKU0258,Instant Coffee Sachet 10pcs,Beverages,Coffee,559,20.0,34658.0,5.1,Regular consumer demand,Normal Trading,Stockout for 2 days - lost 30 units,Stable,None,No Winter relevance,None,13% avg weekend uplift,2,30,Seasonal factor: No Winter relevance; Inventory issue: Stockout for 2 days - lost 30 units
February,2024,SKU0242,Salt Biscuits 300g,Snacks,Biscuits,605,21.6,37510.0,8.0,Regular consumer demand,Normal Trading,Adequate inventory maintained,Stable,None,No Winter relevance,None,19% avg weekend uplift,0,0,Seasonal factor: No Winter relevance
February,2024,SKU0112,Sweet Box Assorted 1kg,Snacks,Traditional Sweets,484,17.3,222156.0,44.0,Winter demand - Sweet,Seasonal - Winter,Adequate inventory maintained,Moderate Increase,None,Winter demand - Sweet,None,19% avg weekend uplift,0,0,Seasonal factor: Winter demand - Sweet
February,2024,SKU0211,USB Cable 1m,Electronics,Electronics,156,5.6,35724.0,-7.1,Regular consumer demand,Normal Trading,Stockout for 2 days - lost 7 units,Stable,None,No Winter relevance,None,2% avg weekend uplift,2,7,Seasonal factor: No Winter relevance; Inventory issue: Stockout for 2 days - lost 7 units; Niche product - irregular demand pattern
February,2024,SKU0273,Vacuum Flask 1L,Household,Kitchenware,99,3.5,41481.0,-11.6,Regular consumer demand,Normal Trading,Adequate inventory maintained,Moderate Decline,None,No Winter relevance,None,1% avg weekend uplift,0,0,Seasonal factor: No Winter relevance; Niche product - irregular demand pattern
February,2024,SKU0274,Plastic Storage Container Set,Household,Kitchenware,188,6.7,150212.0,11.9,Regular consumer demand,Normal Trading,Adequate inventory maintained,Stable,None,No Winter relevance,None,1% avg weekend uplift,0,0,Seasonal factor: No Winter relevance; Niche product - irregular demand pattern
February,2024,SKU0093,Tender Coconut Water 250ml,Beverages,Beverages,104,3.7,4368.0,-7.1,Regular consumer demand,Normal Trading,Adequate inventory maintained,Stable,None,No Winter relevance,None,4% avg weekend uplift,0,0,Seasonal factor: No Winter relevance; Niche product - irregular demand pattern
February,2024,SKU0120,Bread Loaf 400g,Bakery,Bakery,1074,38.4,41886.0,-4.1,Regular consumer demand,Normal Trading,Low stock impact - 72 units missed opportunity,Stable,None,No Winter relevance,None,11% avg weekend uplift,0,72,Seasonal factor: No Winter relevance
February,2024,SKU0228,Christmas Tree Decor Combo,Household,Decorations,215,7.7,171785.0,-4.0,Regular consumer demand,Normal Trading,Adequate inventory maintained,Stable,None,No Winter relevance,None,3% avg weekend uplift,0,0,Seasonal factor: No Winter relevance
February,2024,SKU0233,Drinking Water Can 20L,Beverages,Beverages,595,21.2,47005.0,6.2,Regular consumer demand,Normal Trading,Adequate inventory maintained,Stable,None,No Winter relevance,None,13% avg weekend uplift,0,0,Seasonal factor: No Winter relevance
February,2024,SKU0185,Hair Oil 500ml,Personal Care,Hair Care,704,25.1,97856.0,14.3,Regular consumer demand,Normal Trading,Adequate inventory maintained,Stable,None,No Winter relevance,None,6% avg weekend uplift,0,0,Seasonal factor: No Winter relevance
February,2024,SKU0016,Gingelly Oil 1L,Grocery,Oil,535,19.1,95765.0,19.4,Regular consumer demand,Normal Trading,Adequate inventory maintained,Stable,None,No Winter relevance,None,5% avg weekend uplift,0,0,Seasonal factor: No Winter relevance
February,2024,SKU0110,Dry Fruit Laddu Box 500g,Snacks,Traditional Sweets,395,14.1,145755.0,76.3,Winter demand - Dry Fruit,Seasonal - Winter,Low stock impact - 15 units missed opportunity,Strong Increase,None,Winter demand - Dry Fruit,None,19% avg weekend uplift,0,15,Seasonal factor: Winter demand - Dry Fruit; Significant demand spike - review forecast
February,2024,SKU0022,Salt 1kg,Grocery,Salt,709,25.3,18434.0,15.1,Regular consumer demand,Normal Trading,Adequate inventory maintained,Stable,None,No Winter relevance,None,5% avg weekend uplift,0,0,Seasonal factor: No Winter relevance
February,2024,SKU0153,Orange 1kg,Fruits & Vegetables,Fruits,701,25.0,62389.0,25.2,Regular consumer demand,Weekend/Demand Surge,Adequate inventory maintained,Moderate Increase,None,No Winter relevance,None,10% avg weekend uplift,0,0,Seasonal factor: No Winter relevance
February,2024,SKU0017,Coconut Oil 1L,Grocery,Oil,413,14.8,57407.0,-7.8,Regular consumer demand,Normal Trading,Adequate inventory maintained,Stable,None,No Winter relevance,None,5% avg weekend uplift,0,0,Seasonal factor: No Winter relevance
February,2024,SKU0278,LED Lantern Rechargeable,Electronics,Lighting,547,19.5,229193.0,22.1,Regular consumer demand,Weekend/Demand Surge,Adequate inventory maintained,Moderate Increase,None,No Winter relevance,None,6% avg weekend uplift,0,0,Seasonal factor: No Winter relevance
February,2024,SKU0179,Banana Leaf Pack 10pcs,Grocery,Religious,478,17.1,37762.0,6.7,Regular consumer demand,Normal Trading,Adequate inventory maintained,Stable,None,No Winter relevance,None,5% avg weekend uplift,0,0,Seasonal factor: No Winter relevance
February,2024,SKU0083,Filter Coffee Powder 500g,Beverages,Coffee,574,20.5,131446.0,13.9,Regular consumer demand,Normal Trading,Adequate inventory maintained,Stable,None,No Winter relevance,None,13% avg weekend uplift,0,0,Seasonal factor: No Winter relevance
February,2024,SKU0237,Hair Dryer 1200W,Electronics,Electronics,210,7.5,251790.0,-6.2,Regular consumer demand,Normal Trading,Low stock impact - 16 units missed opportunity,Stable,None,No Winter relevance,None,2% avg weekend uplift,0,16,Seasonal factor: No Winter relevance; Niche product - irregular demand pattern
February,2024,SKU0256,Vermicelli Kheer Mix 200g,Grocery,Mixes,408,14.6,29376.0,4.1,Regular consumer demand,Normal Trading,Adequate inventory maintained,Stable,None,No Winter relevance,None,5% avg weekend uplift,0,0,Seasonal factor: No Winter relevance
February,2024,SKU0197,Baby Soap 100g,Personal Care,Baby Care,426,15.2,33654.0,-15.5,Regular consumer demand,Normal Trading,Low stock impact - 42 units missed opportunity,Moderate Decline,None,No Winter relevance,None,6% avg weekend uplift,0,42,Seasonal factor: No Winter relevance
February,2024,SKU0262,Protein Shake 400g,Beverages,Health Drinks,95,3.4,39805.0,13.1,Regular consumer demand,Normal Trading,Adequate inventory maintained,Stable,None,No Winter relevance,None,4% avg weekend uplift,0,0,Seasonal factor: No Winter relevance; Niche product - irregular demand pattern
February,2024,SKU0092,Rose Milk 200ml,Beverages,Beverages,193,6.9,6176.0,14.9,Regular consumer demand,Normal Trading,Adequate inventory maintained,Stable,None,No Winter relevance,None,4% avg weekend uplift,0,0,Seasonal factor: No Winter relevance; Niche product - irregular demand pattern
February,2024,SKU0199,Hand Wash 750ml,Personal Care,Hygiene,918,32.8,155142.0,9.3,Regular consumer demand,Normal Trading,Adequate inventory maintained,Stable,None,No Winter relevance,None,6% avg weekend uplift,0,0,Seasonal factor: No Winter relevance
February,2024,SKU0131,Frozen Fries 420g,Frozen Foods,Frozen Foods,629,22.5,87431.0,18.2,Regular consumer demand,Normal Trading,Adequate inventory maintained,Stable,None,No Winter relevance,None,16% avg weekend uplift,0,0,Seasonal factor: No Winter relevance
February,2024,SKU0057,Pasta Sauce 300g,Grocery,Condiments,113,4.0,10057.0,0.9,Regular consumer demand,Normal Trading,Adequate inventory maintained,Stable,None,No Winter relevance,None,1% avg weekend uplift,0,0,Seasonal factor: No Winter relevance; Niche product - irregular demand pattern
February,2024,SKU0099,Cold Coffee 180ml,Beverages,Beverages,526,18.8,22092.0,10.5,Regular consumer demand,Normal Trading,Adequate inventory maintained,Stable,None,No Winter relevance,None,13% avg weekend uplift,0,0,Seasonal factor: No Winter relevance
February,2024,SKU0051,Organic Brown Rice 5kg,Grocery,Rice,119,4.2,54621.0,-15.0,Regular consumer demand,Normal Trading,Low stock impact - 3 units missed opportunity,Moderate Decline,None,No Winter relevance,None,1% avg weekend uplift,0,3,Seasonal factor: No Winter relevance; Niche product - irregular demand pattern
February,2024,SKU0191,Deodorant Spray 150ml,Personal Care,Deodorants,760,27.1,174040.0,4.4,Regular consumer demand,Normal Trading,Adequate inventory maintained,Stable,None,No Winter relevance,None,6% avg weekend uplift,0,0,Seasonal factor: No Winter relevance
February,2024,SKU0254,Pista Cookies 400g,Snacks,Biscuits,365,13.0,83585.0,18.5,Regular consumer demand,Normal Trading,Adequate inventory maintained,Stable,None,No Winter relevance,None,19% avg weekend uplift,0,0,Seasonal factor: No Winter relevance
February,2024,SKU0205,Printer Paper 500 sheets,Stationery,Stationery,103,3.7,27707.0,-8.0,Regular consumer demand,Normal Trading,Adequate inventory maintained,Stable,None,No Winter relevance,None,1% avg weekend uplift,0,0,Seasonal factor: No Winter relevance
February,2024,SKU0074,Greek Yogurt 400g,Dairy,Dairy,152,5.4,18088.0,-9.5,Regular consumer demand,Normal Trading,Adequate inventory maintained,Stable,None,No Winter relevance,None,2% avg weekend uplift,0,0,Seasonal factor: No Winter relevance; Niche product - irregular demand pattern
February,2024,SKU0232,Disposable Plates & Cups 50pcs,Household,Party Supplies,344,12.3,78776.0,2.4,Regular consumer demand,Normal Trading,Adequate inventory maintained,Stable,None,No Winter relevance,None,3% avg weekend uplift,0,0,Seasonal factor: No Winter relevance
February,2024,SKU0168,Fabric Conditioner 860ml,Household,Laundry,186,6.6,29574.0,-5.1,Regular consumer demand,Normal Trading,Adequate inventory maintained,Stable,None,No Winter relevance,None,1% avg weekend uplift,0,0,Seasonal factor: No Winter relevance; Niche product - irregular demand pattern
February,2024,SKU0009,Rava / Sooji 1kg,Grocery,Flour,607,21.7,31564.0,-1.5,Regular consumer demand,Normal Trading,Adequate inventory maintained,Stable,None,No Winter relevance,None,5% avg weekend uplift,0,0,Seasonal factor: No Winter relevance
February,2024,SKU0046,Nutella Spread 350g,Grocery,Spreads,100,3.6,26900.0,-10.7,Regular consumer demand,Normal Trading,Adequate inventory maintained,Moderate Decline,None,No Winter relevance,None,1% avg weekend uplift,0,0,Seasonal factor: No Winter relevance; Niche product - irregular demand pattern
February,2024,SKU0221,Bedsheet Queen Size,Lifestyle,Bedding,683,24.4,545717.0,-6.2,Regular consumer demand,Normal Trading,Adequate inventory maintained,Stable,None,No Winter relevance,None,8% avg weekend uplift,0,0,Seasonal factor: No Winter relevance
February,2024,SKU0300,Diwali Gift Hamper,Grocery,Gift Sets,403,14.4,483197.0,2.8,Regular consumer demand,Normal Trading,Adequate inventory maintained,Stable,None,No Winter relevance,None,5% avg weekend uplift,0,0,Seasonal factor: No Winter relevance
February,2024,SKU0114,Nachos 150g,Snacks,Chips,185,6.6,16465.0,10.1,Regular consumer demand,Normal Trading,Adequate inventory maintained,Stable,None,No Winter relevance,None,6% avg weekend uplift,0,0,Seasonal factor: No Winter relevance; Niche product - irregular demand pattern
February,2024,SKU0027,Sambar Powder 500g,Grocery,Spices,510,18.2,45390.0,-8.9,Regular consumer demand,Normal Trading,Adequate inventory maintained,Stable,None,No Winter relevance,None,5% avg weekend uplift,0,0,Seasonal factor: No Winter relevance
February,2024,SKU0236,Trimmer Rechargeable,Electronics,Electronics,118,4.2,94282.0,5.4,Regular consumer demand,Normal Trading,Adequate inventory maintained,Stable,None,No Winter relevance,None,2% avg weekend uplift,0,0,Seasonal factor: No Winter relevance; Niche product - irregular demand pattern
February,2024,SKU0089,Soda Bottles 750ml,Beverages,Beverages,611,21.8,19552.0,9.1,Regular consumer demand,Normal Trading,Low stock impact - 58 units missed opportunity,Stable,None,No Winter relevance,None,13% avg weekend uplift,0,58,Seasonal factor: No Winter relevance
February,2024,SKU0145,Apple 1kg,Fruits & Vegetables,Fruits,809,28.9,136721.0,7.0,Regular consumer demand,Normal Trading,Stockout for 5 days - lost 103 units,Stable,None,No Winter relevance,None,10% avg weekend uplift,5,103,Seasonal factor: No Winter relevance; Inventory issue: Stockout for 5 days - lost 103 units
February,2024,SKU0202,Ball Pen Pack 10pcs,Stationery,Stationery,592,21.1,36704.0,0.7,Regular consumer demand,Normal Trading,Adequate inventory maintained,Stable,None,No Winter relevance,None,3% avg weekend uplift,0,0,Seasonal factor: No Winter relevance
February,2024,SKU0250,Coconut Cookies 200g,Snacks,Biscuits,649,23.2,46728.0,28.8,Regular consumer demand,Weekend/Demand Surge,Adequate inventory maintained,Moderate Increase,None,No Winter relevance,None,19% avg weekend uplift,0,0,Seasonal factor: No Winter relevance
February,2024,SKU0172,Mosquito Refill 45ml,Household,Pest Control,368,13.1,51152.0,-12.4,Regular consumer demand,Normal Trading,Adequate inventory maintained,Moderate Decline,None,No Winter relevance,None,3% avg weekend uplift,0,0,Seasonal factor: No Winter relevance
February,2024,SKU0034,Raisins 250g,Grocery,Nuts,567,20.2,95823.0,6.6,Regular consumer demand,Normal Trading,Adequate inventory maintained,Stable,None,No Winter relevance,None,5% avg weekend uplift,0,0,Seasonal factor: No Winter relevance
February,2024,SKU0148,Mango 1kg,Fruits & Vegetables,Fruits,268,9.6,37252.0,-4.3,Regular consumer demand,Normal Trading,Adequate inventory maintained,Stable,None,No Winter relevance,None,10% avg weekend uplift,0,0,Seasonal factor: No Winter relevance
February,2024,SKU0157,Carrot 1kg,Fruits & Vegetables,Vegetables,809,28.9,42068.0,11.1,Regular consumer demand,Normal Trading,Low stock impact - 90 units missed opportunity,Stable,None,No Winter relevance,None,10% avg weekend uplift,0,90,Seasonal factor: No Winter relevance
February,2024,SKU0107,Biscuit Pack 300g,Snacks,Biscuits,630,22.5,45360.0,25.0,Regular consumer demand,Weekend/Demand Surge,Adequate inventory maintained,Moderate Increase,None,No Winter relevance,None,19% avg weekend uplift,0,0,Seasonal factor: No Winter relevance
February,2024,SKU0184,Shampoo Bottle 340ml,Personal Care,Hair Care,669,23.9,179961.0,-8.1,Regular consumer demand,Normal Trading,Adequate inventory maintained,Stable,None,No Winter relevance,None,6% avg weekend uplift,0,0,Seasonal factor: No Winter relevance
February,2024,SKU0196,Baby Lotion 200ml,Personal Care,Baby Care,501,17.9,114729.0,5.3,Regular consumer demand,Normal Trading,Adequate inventory maintained,Stable,None,No Winter relevance,None,6% avg weekend uplift,0,0,Seasonal factor: No Winter relevance
February,2024,SKU0200,Hand Sanitizer 500ml,Personal Care,Hygiene,405,14.5,64395.0,-9.6,Regular consumer demand,Normal Trading,Stockout for 4 days - lost 45 units,Stable,None,No Winter relevance,None,6% avg weekend uplift,4,45,Seasonal factor: No Winter relevance; Inventory issue: Stockout for 4 days - lost 45 units
February,2024,SKU0208,Extension Box 4 socket,Electronics,Electrical,163,5.8,74817.0,16.4,Regular consumer demand,Normal Trading,Adequate inventory maintained,Stable,None,No Winter relevance,None,2% avg weekend uplift,0,0,Seasonal factor: No Winter relevance; Niche product - irregular demand pattern
February,2024,SKU0214,Rice Cooker 1.8L,Electronics,Appliances,162,5.8,340038.0,-3.6,Regular consumer demand,Normal Trading,Adequate inventory maintained,Stable,None,No Winter relevance,None,2% avg weekend uplift,0,0,Seasonal factor: No Winter relevance; Niche product - irregular demand pattern
February,2024,SKU0289,Pooja Oil 500ml,Grocery,Religious,423,15.1,71487.0,7.9,Regular consumer demand,Normal Trading,Adequate inventory maintained,Stable,None,No Winter relevance,None,5% avg weekend uplift,0,0,Seasonal factor: No Winter relevance
February,2024,SKU0295,Kids Festive Wear Medium,Lifestyle,Clothing,239,8.5,334361.0,-14.6,Regular consumer demand,Normal Trading,Stockout for 3 days - lost 18 units,Moderate Decline,None,No Winter relevance,None,8% avg weekend uplift,3,18,Seasonal factor: No Winter relevance; Inventory issue: Stockout for 3 days - lost 18 units
February,2024,SKU0075,Imported Cheese 200g,Dairy,Dairy,202,7.2,46258.0,-9.8,Regular consumer demand,Normal Trading,Adequate inventory maintained,Stable,None,No Winter relevance,None,2% avg weekend uplift,0,0,Seasonal factor: No Winter relevance; Niche product - irregular demand pattern
February,2024,SKU0235,Smart Watch Standard,Electronics,Electronics,81,2.9,186219.0,-3.6,Regular consumer demand,Normal Trading,Low stock impact - 9 units missed opportunity,Stable,None,No Winter relevance,None,2% avg weekend uplift,0,9,Seasonal factor: No Winter relevance; Niche product - irregular demand pattern
February,2024,SKU0072,Condensed Milk 400g,Dairy,Dairy,444,15.9,61716.0,13.3,Regular consumer demand,Normal Trading,Low stock impact - 22 units missed opportunity,Stable,None,No Winter relevance,None,8% avg weekend uplift,0,22,Seasonal factor: No Winter relevance
February,2024,SKU0117,Energy Bar 6pcs,Snacks,Health Bars,188,6.7,50572.0,-4.1,Regular consumer demand,Normal Trading,Low stock impact - 9 units missed opportunity,Stable,None,No Winter relevance,None,6% avg weekend uplift,0,9,Seasonal factor: No Winter relevance; Niche product - irregular demand pattern
February,2024,SKU0067,Cheese Slices 200g,Dairy,Dairy,596,21.3,70924.0,1.4,Regular consumer demand,Normal Trading,Low stock impact - 43 units missed opportunity,Stable,None,No Winter relevance,None,8% avg weekend uplift,0,43,Seasonal factor: No Winter relevance
February,2024,SKU0091,Mango Juice 1L,Beverages,Juices,944,33.7,84016.0,16.3,Regular consumer demand,Normal Trading,Adequate inventory maintained,Stable,None,No Winter relevance,None,13% avg weekend uplift,0,0,Seasonal factor: No Winter relevance
February,2024,SKU0227,Dhoti Set XL,Lifestyle,Clothing,355,12.7,283645.0,-2.5,Regular consumer demand,Normal Trading,Adequate inventory maintained,Stable,None,No Winter relevance,None,8% avg weekend uplift,0,0,Seasonal factor: No Winter relevance
February,2024,SKU0279,Mobile Power Bank 10000mAh,Electronics,Electronics,73,2.6,102127.0,-13.1,Regular consumer demand,Normal Trading,Adequate inventory maintained,Moderate Decline,None,No Winter relevance,None,2% avg weekend uplift,0,0,Seasonal factor: No Winter relevance; Niche product - irregular demand pattern
February,2024,SKU0056,Pasta 500g,Grocery,Pasta,592,21.1,46768.0,11.3,Regular consumer demand,Normal Trading,Adequate inventory maintained,Stable,None,No Winter relevance,None,5% avg weekend uplift,0,0,Seasonal factor: No Winter relevance
February,2024,SKU0177,Steel Tiffin Box 3-tier,Household,Kitchenware,126,4.5,57834.0,12.5,Regular consumer demand,Normal Trading,Adequate inventory maintained,Stable,None,No Winter relevance,None,1% avg weekend uplift,0,0,Seasonal factor: No Winter relevance; Niche product - irregular demand pattern
February,2024,SKU0216,Emergency Lamp Rechargeable,Electronics,Lighting,442,15.8,353158.0,-1.3,Regular consumer demand,Normal Trading,Adequate inventory maintained,Stable,None,No Winter relevance,None,6% avg weekend uplift,0,0,Seasonal factor: No Winter relevance
February,2024,SKU0024,Turmeric Powder 200g,Grocery,Spices,518,18.5,32116.0,8.8,Regular consumer demand,Normal Trading,Adequate inventory maintained,Stable,None,No Winter relevance,None,5% avg weekend uplift,0,0,Seasonal factor: No Winter relevance
February,2024,SKU0162,Decorative Lights 20m,Household,Decorations,478,17.1,219402.0,6.7,Regular consumer demand,Normal Trading,Adequate inventory maintained,Stable,None,No Winter relevance,None,3% avg weekend uplift,0,0,Seasonal factor: No Winter relevance
February,2024,SKU0163,Rangoli Powder 500g,Household,Decorations,525,18.8,32550.0,17.2,Regular consumer demand,Normal Trading,Adequate inventory maintained,Stable,None,No Winter relevance,None,3% avg weekend uplift,0,0,Seasonal factor: No Winter relevance
February,2024,SKU0064,Curd Cup 400g,Dairy,Dairy,1278,45.6,53676.0,17.0,Regular consumer demand,Normal Trading,Adequate inventory maintained,Stable,None,No Winter relevance,None,8% avg weekend uplift,0,0,Seasonal factor: No Winter relevance
February,2024,SKU0126,Croissants 6pcs,Bakery,Bakery,235,8.4,32665.0,4.9,Regular consumer demand,Normal Trading,Adequate inventory maintained,Stable,None,No Winter relevance,None,3% avg weekend uplift,0,0,Seasonal factor: No Winter relevance; Niche product - irregular demand pattern
February,2024,SKU0134,Frozen Sweet Corn 500g,Frozen Foods,Frozen Foods,870,31.1,86130.0,72.6,Winter demand - Sweet,Seasonal - Winter,Adequate inventory maintained,Strong Increase,None,Winter demand - Sweet,None,16% avg weekend uplift,0,0,Seasonal factor: Winter demand - Sweet; Significant demand spike - review forecast
February,2024,SKU0141,Green Chilli 250g,Fruits & Vegetables,Vegetables,1033,36.9,33056.0,2.5,Regular consumer demand,Normal Trading,Low stock impact - 28 units missed opportunity,Stable,None,No Winter relevance,None,10% avg weekend uplift,0,28,Seasonal factor: No Winter relevance
February,2024,SKU0025,Chilli Powder 500g,Grocery,Spices,853,30.5,67387.0,1.5,Regular consumer demand,Normal Trading,Adequate inventory maintained,Stable,None,No Winter relevance,None,5% avg weekend uplift,0,0,Seasonal factor: No Winter relevance
February,2024,SKU0297,Temple Coconut Pack 5pcs,Fruits & Vegetables,Fruits,311,11.1,52559.0,1.0,Regular consumer demand,Normal Trading,Adequate inventory maintained,Stable,None,No Winter relevance,None,10% avg weekend uplift,0,0,Seasonal factor: No Winter relevance
February,2024,SKU0018,Ghee 500ml,Grocery,Ghee,1018,36.4,273842.0,34.7,Winter demand - Ghee,Seasonal - Winter,Adequate inventory maintained,Moderate Increase,None,Winter demand - Ghee,None,5% avg weekend uplift,0,0,Seasonal factor: Winter demand - Ghee
February,2024,SKU0174,Pressure Cooker 5L,Household,Cookware,124,4.4,148676.0,-11.4,Regular consumer demand,Normal Trading,Adequate inventory maintained,Moderate Decline,None,No Winter relevance,None,1% avg weekend uplift,0,0,Seasonal factor: No Winter relevance; Niche product - irregular demand pattern
February,2024,SKU0175,Non-Stick Pan 28cm,Household,Cookware,146,5.2,116654.0,4.3,Regular consumer demand,Normal Trading,Adequate inventory maintained,Stable,None,No Winter relevance,None,1% avg weekend uplift,0,0,Seasonal factor: No Winter relevance; Niche product - irregular demand pattern
February,2024,SKU0212,Electric Kettle 1.5L,Electronics,Appliances,151,5.4,181049.0,7.9,Regular consumer demand,Normal Trading,Adequate inventory maintained,Stable,None,No Winter relevance,None,2% avg weekend uplift,0,0,Seasonal factor: No Winter relevance; Niche product - irregular demand pattern
February,2024,SKU0270,Beard Oil 50ml,Personal Care,Grooming,102,3.6,27438.0,-8.9,Regular consumer demand,Normal Trading,Adequate inventory maintained,Stable,None,No Winter relevance,None,2% avg weekend uplift,0,0,Seasonal factor: No Winter relevance; Niche product - irregular demand pattern
February,2024,SKU0033,Pistachios 250g,Grocery,Nuts,469,16.8,196511.0,11.7,Regular consumer demand,Normal Trading,Adequate inventory maintained,Stable,None,No Winter relevance,None,5% avg weekend uplift,0,0,Seasonal factor: No Winter relevance
February,2024,SKU0048,Chicken Masala 100g,Grocery,Spices,414,14.8,16146.0,-1.4,Regular consumer demand,Normal Trading,Adequate inventory maintained,Stable,None,No Winter relevance,None,5% avg weekend uplift,0,0,Seasonal factor: No Winter relevance
February,2024,SKU0049,Semiya Payasam Mix 200g,Grocery,Mixes,484,17.3,30008.0,15.2,Regular consumer demand,Normal Trading,Adequate inventory maintained,Stable,None,No Winter relevance,None,5% avg weekend uplift,0,0,Seasonal factor: No Winter relevance
February,2024,SKU0231,Turmeric Plant Bundle,Fruits & Vegetables,Plants,303,10.8,23937.0,20.2,Regular consumer demand,Weekend/Demand Surge,Adequate inventory maintained,Moderate Increase,None,No Winter relevance,None,10% avg weekend uplift,0,0,Seasonal factor: No Winter relevance
February,2024,SKU0154,Grapes 500g,Fruits & Vegetables,Fruits,597,21.3,71043.0,1.5,Regular consumer demand,Normal Trading,Adequate inventory maintained,Stable,None,No Winter relevance,None,10% avg weekend uplift,0,0,Seasonal factor: No Winter relevance
February,2024,SKU0085,Health Drink 500g,Beverages,Health Drinks,457,16.3,72663.0,2.0,Regular consumer demand,Normal Trading,Adequate inventory maintained,Stable,None,No Winter relevance,None,13% avg weekend uplift,0,0,Seasonal factor: No Winter relevance
February,2024,SKU0100,Electrolyte Drink 500ml,Beverages,Beverages,518,18.5,40922.0,2.8,Regular consumer demand,Normal Trading,Adequate inventory maintained,Stable,None,No Winter relevance,None,13% avg weekend uplift,0,0,Seasonal factor: No Winter relevance
February,2024,SKU0255,Saffron 1g,Grocery,Spices,113,4.0,90287.0,0.9,Regular consumer demand,Normal Trading,Adequate inventory maintained,Stable,None,No Winter relevance,None,1% avg weekend uplift,0,0,Seasonal factor: No Winter relevance; Niche product - irregular demand pattern
February,2024,SKU0073,Fresh Cream 250ml,Dairy,Dairy,366,13.1,28914.0,-6.6,Regular consumer demand,Normal Trading,Adequate inventory maintained,Stable,None,No Winter relevance,None,8% avg weekend uplift,0,0,Seasonal factor: No Winter relevance
February,2024,SKU0012,Moong Dal 1kg,Grocery,Pulses,665,23.8,112385.0,-8.7,Regular consumer demand,Normal Trading,Adequate inventory maintained,Stable,None,No Winter relevance,None,5% avg weekend uplift,0,0,Seasonal factor: No Winter relevance
February,2024,SKU0186,Toothpaste 200g,Personal Care,Oral Care,644,23.0,57316.0,21.1,Regular consumer demand,Weekend/Demand Surge,Adequate inventory maintained,Moderate Increase,None,No Winter relevance,None,6% avg weekend uplift,0,0,Seasonal factor: No Winter relevance
February,2024,SKU0068,Buttermilk 200ml,Dairy,Beverages,1055,37.7,24265.0,-10.3,Regular consumer demand,Normal Trading,Low stock impact - 88 units missed opportunity,Moderate Decline,None,No Winter relevance,None,8% avg weekend uplift,0,88,Seasonal factor: No Winter relevance
February,2024,SKU0271,Wall Clock Standard,Household,Home Decor,30,1.1,9870.0,7.1,Regular consumer demand,Normal Trading,Adequate inventory maintained,Stable,None,No Winter relevance,None,1% avg weekend uplift,0,0,Seasonal factor: No Winter relevance
February,2024,SKU0282,Hand Blender Standard,Electronics,Appliances,196,7.0,274204.0,-12.5,Regular consumer demand,Normal Trading,Adequate inventory maintained,Moderate Decline,None,No Winter relevance,None,2% avg weekend uplift,0,0,Seasonal factor: No Winter relevance; Niche product - irregular demand pattern
February,2024,SKU0071,Ice Cream Cone Pack 6pcs,Dairy,Frozen,410,14.6,48790.0,12.6,Regular consumer demand,Normal Trading,Low stock impact - 14 units missed opportunity,Stable,None,No Winter relevance,None,8% avg weekend uplift,0,14,Seasonal factor: No Winter relevance
February,2024,SKU0188,Toothbrush 2pcs,Personal Care,Oral Care,814,29.1,113146.0,3.8,Regular consumer demand,Normal Trading,Adequate inventory maintained,Stable,None,No Winter relevance,None,6% avg weekend uplift,0,0,Seasonal factor: No Winter relevance
February,2024,SKU0266,Toilet Cleaner 1L,Household,Cleaning,408,14.6,68952.0,-2.9,Regular consumer demand,Normal Trading,Adequate inventory maintained,Stable,None,No Winter relevance,None,3% avg weekend uplift,0,0,Seasonal factor: No Winter relevance
February,2024,SKU0125,Rusks 300g,Bakery,Bakery,780,27.9,48360.0,3.2,Regular consumer demand,Normal Trading,Adequate inventory maintained,Stable,None,No Winter relevance,None,11% avg weekend uplift,0,0,Seasonal factor: No Winter relevance
February,2024,SKU0032,Almonds 500g,Grocery,Nuts,674,24.1,336326.0,20.4,Regular consumer demand,Weekend/Demand Surge,Adequate inventory maintained,Moderate Increase,None,No Winter relevance,None,5% avg weekend uplift,0,0,Seasonal factor: No Winter relevance
February,2024,SKU0053,Chia Seeds 250g,Grocery,Seeds,86,3.1,19694.0,2.4,Regular consumer demand,Normal Trading,Adequate inventory maintained,Stable,None,No Winter relevance,None,1% avg weekend uplift,0,0,Seasonal factor: No Winter relevance; Niche product - irregular demand pattern
February,2024,SKU0087,Soft Drink Cola 2L,Beverages,Soft Drinks,525,18.8,41475.0,25.0,Regular consumer demand,Weekend/Demand Surge,Adequate inventory maintained,Moderate Increase,None,No Winter relevance,None,13% avg weekend uplift,0,0,Seasonal factor: No Winter relevance
February,2024,SKU0088,Soft Drink Orange 2L,Beverages,Soft Drinks,413,14.8,32627.0,5.4,Regular consumer demand,Normal Trading,Adequate inventory maintained,Stable,None,No Winter relevance,None,13% avg weekend uplift,0,0,Seasonal factor: No Winter relevance
February,2024,SKU0102,Magic Masala Chips 75g,Snacks,Chips,801,28.6,25632.0,36.2,Regular consumer demand,Weekend/Demand Surge,Adequate inventory maintained,Moderate Increase,None,No Winter relevance,None,19% avg weekend uplift,0,0,Seasonal factor: No Winter relevance
February,2024,SKU0133,Frozen Peas 500g,Frozen Foods,Frozen Foods,964,34.4,85796.0,23.0,Regular consumer demand,Weekend/Demand Surge,Adequate inventory maintained,Moderate Increase,None,No Winter relevance,None,16% avg weekend uplift,0,0,Seasonal factor: No Winter relevance
February,2024,SKU0170,Aluminum Foil 9m,Household,Kitchen,822,29.4,73158.0,12.9,Regular consumer demand,Normal Trading,Adequate inventory maintained,Stable,None,No Winter relevance,None,3% avg weekend uplift,0,0,Seasonal factor: No Winter relevance
February,2024,SKU0204,School Bag Medium,Stationery,Bags,293,10.5,234107.0,4.6,Regular consumer demand,Normal Trading,Adequate inventory maintained,Stable,None,No Winter relevance,None,3% avg weekend uplift,0,0,Seasonal factor: No Winter relevance
February,2024,SKU0209,Mobile Charger 18W,Electronics,Electronics,213,7.6,131847.0,8.7,Regular consumer demand,Normal Trading,Adequate inventory maintained,Stable,None,No Winter relevance,None,2% avg weekend uplift,0,0,Seasonal factor: No Winter relevance; Niche product - irregular demand pattern
February,2024,SKU0288,Prayer Oil Lamp Brass,Household,Religious,579,20.7,242601.0,8.8,Regular consumer demand,Normal Trading,Adequate inventory maintained,Stable,None,No Winter relevance,None,3% avg weekend uplift,0,0,Seasonal factor: No Winter relevance
February,2024,SKU0146,Pomegranate 1kg,Fruits & Vegetables,Fruits,673,24.0,181037.0,20.2,Regular consumer demand,Weekend/Demand Surge,Adequate inventory maintained,Moderate Increase,None,No Winter relevance,None,10% avg weekend uplift,0,0,Seasonal factor: No Winter relevance
February,2024,SKU0104,Mixture Snacks 500g,Snacks,Traditional Snacks,412,14.7,69628.0,22.6,Regular consumer demand,Weekend/Demand Surge,Adequate inventory maintained,Moderate Increase,None,No Winter relevance,None,19% avg weekend uplift,0,0,Seasonal factor: No Winter relevance
February,2024,SKU0137,Frozen Momos 500g,Frozen Foods,Frozen Foods,116,4.1,23084.0,-17.1,Regular consumer demand,Normal Trading,Low stock impact - 13 units missed opportunity,Moderate Decline,None,No Winter relevance,None,5% avg weekend uplift,0,13,Seasonal factor: No Winter relevance; Niche product - irregular demand pattern
February,2024,SKU0004,Raw Rice 25kg,Grocery,Rice,640,22.9,959360.0,3.9,Regular consumer demand,Normal Trading,Adequate inventory maintained,Stable,None,No Winter relevance,None,5% avg weekend uplift,0,0,Seasonal factor: No Winter relevance
February,2024,SKU0129,Garlic Bread 200g,Bakery,Bakery,202,7.2,14544.0,3.1,Regular consumer demand,Normal Trading,Adequate inventory maintained,Stable,None,No Winter relevance,None,3% avg weekend uplift,0,0,Seasonal factor: No Winter relevance; Niche product - irregular demand pattern
February,2024,SKU0142,Ginger 250g,Fruits & Vegetables,Vegetables,675,24.1,41850.0,4.8,Regular consumer demand,Normal Trading,Low stock impact - 46 units missed opportunity,Stable,None,No Winter relevance,None,10% avg weekend uplift,0,46,Seasonal factor: No Winter relevance
February,2024,SKU0006,Wheat Flour Atta 5kg,Grocery,Atta,599,21.4,173111.0,18.8,Regular consumer demand,Normal Trading,Adequate inventory maintained,Stable,None,No Winter relevance,None,5% avg weekend uplift,0,0,Seasonal factor: No Winter relevance
February,2024,SKU0122,Pizza Base 200g,Bakery,Bakery,88,3.1,5456.0,4.8,Regular consumer demand,Normal Trading,Low stock impact - 6 units missed opportunity,Stable,None,No Winter relevance,None,3% avg weekend uplift,0,6,Seasonal factor: No Winter relevance; Niche product - irregular demand pattern
February,2024,SKU0109,Chocolate Gift Box 500g,Snacks,Chocolates,487,17.4,223533.0,2.3,Regular consumer demand,Normal Trading,Adequate inventory maintained,Stable,None,No Winter relevance,None,19% avg weekend uplift,0,0,Seasonal factor: No Winter relevance
February,2024,SKU0215,Induction Stove 1800W,Electronics,Appliances,201,7.2,622899.0,-10.3,Regular consumer demand,Normal Trading,Adequate inventory maintained,Moderate Decline,None,No Winter relevance,None,2% avg weekend uplift,0,0,Seasonal factor: No Winter relevance; Niche product - irregular demand pattern
February,2024,SKU0190,Talcum Powder 400g,Personal Care,Skin Care,445,15.9,39605.0,-0.7,Regular consumer demand,Normal Trading,Low stock impact - 22 units missed opportunity,Stable,None,No Winter relevance,None,6% avg weekend uplift,0,22,Seasonal factor: No Winter relevance
February,2024,SKU0223,Blanket Double,Lifestyle,Bedding,650,23.2,779350.0,93.5,Winter demand - Blanket,Seasonal - Winter,Adequate inventory maintained,Strong Increase,None,Winter demand - Blanket,None,8% avg weekend uplift,0,0,Seasonal factor: Winter demand - Blanket; Significant demand spike - review forecast
February,2024,SKU0180,Kumkum Powder 50g,Household,Religious,390,13.9,16380.0,16.1,Regular consumer demand,Normal Trading,Adequate inventory maintained,Stable,None,No Winter relevance,None,3% avg weekend uplift,0,0,Seasonal factor: No Winter relevance
February,2024,SKU0247,Cheese Popcorn 100g,Snacks,Snacks,155,5.5,9610.0,-7.7,Regular consumer demand,Normal Trading,Stockout for 3 days - lost 12 units,Stable,None,No Winter relevance,None,6% avg weekend uplift,3,12,Seasonal factor: No Winter relevance; Inventory issue: Stockout for 3 days - lost 12 units; Niche product - irregular demand pattern
February,2024,SKU0001,Ponni Rice 25kg,Grocery,Rice,780,27.9,1247220.0,11.4,Regular consumer demand,Normal Trading,Adequate inventory maintained,Stable,None,No Winter relevance,None,5% avg weekend uplift,0,0,Seasonal factor: No Winter relevance
February,2024,SKU0241,Coconut Biscuits 200g,Snacks,Biscuits,757,27.0,39364.0,12.6,Regular consumer demand,Normal Trading,Adequate inventory maintained,Stable,None,No Winter relevance,None,19% avg weekend uplift,0,0,Seasonal factor: No Winter relevance
February,2024,SKU0248,Fruit Jam 500g,Grocery,Spreads,620,22.1,86180.0,0.6,Regular consumer demand,Normal Trading,Adequate inventory maintained,Stable,None,No Winter relevance,None,5% avg weekend uplift,0,0,Seasonal factor: No Winter relevance
February,2024,SKU0252,Fruit Cake 300g,Bakery,Bakery,551,19.7,93119.0,-1.6,Regular consumer demand,Normal Trading,Adequate inventory maintained,Stable,None,No Winter relevance,None,11% avg weekend uplift,0,0,Seasonal factor: No Winter relevance
February,2024,SKU0159,Agarbathi 100 sticks,Household,Religious,752,26.9,59408.0,16.8,Regular consumer demand,Normal Trading,Adequate inventory maintained,Stable,None,No Winter relevance,None,3% avg weekend uplift,0,0,Seasonal factor: No Winter relevance
February,2024,SKU0005,Basmati Rice 5kg,Grocery,Rice,760,27.1,630040.0,0.5,Regular consumer demand,Normal Trading,Adequate inventory maintained,Stable,None,No Winter relevance,None,5% avg weekend uplift,0,0,Seasonal factor: No Winter relevance
February,2024,SKU0217,Smart LED Strip Lights 5m,Electronics,Lighting,659,23.5,790141.0,17.7,Regular consumer demand,Normal Trading,Adequate inventory maintained,Stable,None,No Winter relevance,None,6% avg weekend uplift,0,0,Seasonal factor: No Winter relevance
February,2024,SKU0076,Flavored Milk 200ml,Dairy,Beverages,467,16.7,10741.0,4.2,Regular consumer demand,Normal Trading,Stockout for 5 days - lost 81 units,Stable,None,No Winter relevance,None,8% avg weekend uplift,5,81,Seasonal factor: No Winter relevance; Inventory issue: Stockout for 5 days - lost 81 units
February,2024,SKU0101,Lays Chips 50g,Snacks,Chips,840,30.0,15960.0,15.4,Regular consumer demand,Normal Trading,Adequate inventory maintained,Stable,None,No Winter relevance,None,19% avg weekend uplift,0,0,Seasonal factor: No Winter relevance
February,2024,SKU0098,Lemon Juice 600ml,Beverages,Juices,381,13.6,23622.0,23.7,Regular consumer demand,Weekend/Demand Surge,Adequate inventory maintained,Moderate Increase,None,No Winter relevance,None,13% avg weekend uplift,0,0,Seasonal factor: No Winter relevance
February,2024,SKU0015,Sunflower Oil 1L,Grocery,Oil,578,20.6,68782.0,-10.2,Regular consumer demand,Normal Trading,Adequate inventory maintained,Moderate Decline,None,No Winter relevance,None,5% avg weekend uplift,0,0,Seasonal factor: No Winter relevance
February,2024,SKU0113,Kids Chocolate Pack,Snacks,Chocolates,292,10.4,107748.0,15.9,Regular consumer demand,Normal Trading,Low stock impact - 22 units missed opportunity,Stable,None,No Winter relevance,None,19% avg weekend uplift,0,22,Seasonal factor: No Winter relevance
February,2024,SKU0152,Jasmine Flowers 100g,Fruits & Vegetables,Flowers,223,8.0,13826.0,-0.4,Regular consumer demand,Normal Trading,Adequate inventory maintained,Stable,None,No Winter relevance,None,10% avg weekend uplift,0,0,Seasonal factor: No Winter relevance
February,2024,SKU0043,Oats 1kg,Grocery,Breakfast,602,21.5,107758.0,7.5,Regular consumer demand,Normal Trading,Adequate inventory maintained,Stable,None,No Winter relevance,None,5% avg weekend uplift,0,0,Seasonal factor: No Winter relevance
February,2024,SKU0219,Raincoat XL,Lifestyle,Rainwear,384,13.7,160896.0,5.5,Regular consumer demand,Normal Trading,Adequate inventory maintained,Stable,None,No Winter relevance,None,8% avg weekend uplift,0,0,Seasonal factor: No Winter relevance
February,2024,SKU0003,Idly Rice 10kg,Grocery,Rice,506,18.1,606694.0,-9.6,Regular consumer demand,Normal Trading,Adequate inventory maintained,Stable,None,No Winter relevance,None,5% avg weekend uplift,0,0,Seasonal factor: No Winter relevance
February,2024,SKU0222,Pillow Cover Pair,Lifestyle,Bedding,861,30.8,197169.0,2.5,Regular consumer demand,Normal Trading,Adequate inventory maintained,Stable,None,No Winter relevance,None,8% avg weekend uplift,0,0,Seasonal factor: No Winter relevance
February,2024,SKU0144,Banana 1 dozen,Fruits & Vegetables,Fruits,1185,42.3,49770.0,-1.6,Regular consumer demand,Normal Trading,Adequate inventory maintained,Stable,None,No Winter relevance,None,10% avg weekend uplift,0,0,Seasonal factor: No Winter relevance
February,2024,SKU0249,Choco Spread 350g,Grocery,Spreads,88,3.1,23672.0,4.8,Regular consumer demand,Normal Trading,Adequate inventory maintained,Stable,None,No Winter relevance,None,1% avg weekend uplift,0,0,Seasonal factor: No Winter relevance; Niche product - irregular demand pattern
February,2024,SKU0055,Instant Noodles 12 Pack,Grocery,Instant Foods,503,18.0,69917.0,12.3,Regular consumer demand,Normal Trading,Adequate inventory maintained,Stable,None,No Winter relevance,None,5% avg weekend uplift,0,0,Seasonal factor: No Winter relevance
February,2024,SKU0010,Toor Dal 1kg,Grocery,Pulses,724,25.9,129596.0,12.4,Regular consumer demand,Normal Trading,Low stock impact - 20 units missed opportunity,Stable,None,No Winter relevance,None,5% avg weekend uplift,0,20,Seasonal factor: No Winter relevance
February,2024,SKU0066,Paneer 200g,Dairy,Dairy,1139,40.7,89981.0,23.3,Regular consumer demand,Weekend/Demand Surge,Adequate inventory maintained,Moderate Increase,None,No Winter relevance,None,8% avg weekend uplift,0,0,Seasonal factor: No Winter relevance
February,2024,SKU0045,Peanut Butter 1kg,Grocery,Spreads,89,3.2,32841.0,6.0,Regular consumer demand,Normal Trading,Adequate inventory maintained,Stable,None,No Winter relevance,None,1% avg weekend uplift,0,0,Seasonal factor: No Winter relevance; Niche product - irregular demand pattern
February,2024,SKU0171,Tissue Paper 200 pulls,Household,Household,476,17.0,29512.0,13.3,Regular consumer demand,Normal Trading,Adequate inventory maintained,Stable,None,No Winter relevance,None,3% avg weekend uplift,0,0,Seasonal factor: No Winter relevance
February,2024,SKU0169,Garbage Bags 30pcs,Household,Household,644,23.0,76636.0,15.0,Regular consumer demand,Normal Trading,Adequate inventory maintained,Stable,None,No Winter relevance,None,3% avg weekend uplift,0,0,Seasonal factor: No Winter relevance
February,2024,SKU0189,Face Wash 100ml,Personal Care,Skin Care,605,21.6,84095.0,-1.8,Regular consumer demand,Normal Trading,Adequate inventory maintained,Stable,None,No Winter relevance,None,6% avg weekend uplift,0,0,Seasonal factor: No Winter relevance
February,2024,SKU0277,Candle Pack 20pcs,Household,Religious,210,7.5,16590.0,-6.2,Regular consumer demand,Normal Trading,Low stock impact - 15 units missed opportunity,Stable,None,No Winter relevance,None,3% avg weekend uplift,0,15,Seasonal factor: No Winter relevance
February,2024,SKU0039,Ready Pongal Mix 500g,Grocery,Mixes,306,10.9,24174.0,-8.9,Regular consumer demand,Normal Trading,Low stock impact - 13 units missed opportunity,Stable,None,No Winter relevance,None,5% avg weekend uplift,0,13,Seasonal factor: No Winter relevance
February,2024,SKU0041,Papad 200g,Grocery,Snacks,449,16.0,18858.0,-19.8,Regular consumer demand,Normal Trading,Stockout for 5 days - lost 69 units,Moderate Decline,None,No Winter relevance,None,5% avg weekend uplift,5,69,Seasonal factor: No Winter relevance; Inventory issue: Stockout for 5 days - lost 69 units
February,2024,SKU0194,Sanitary Pads XL Pack,Personal Care,Feminine Care,605,21.6,84095.0,20.0,Regular consumer demand,Normal Trading,Adequate inventory maintained,Moderate Increase,None,No Winter relevance,None,6% avg weekend uplift,0,0,Seasonal factor: No Winter relevance
February,2024,SKU0201,Notebook A4 200 pages,Stationery,Stationery,126,4.5,9954.0,12.5,Regular consumer demand,Normal Trading,Adequate inventory maintained,Stable,None,No Winter relevance,None,1% avg weekend uplift,0,0,Seasonal factor: No Winter relevance
February,2024,SKU0280,Bluetooth Earbuds TWS,Electronics,Electronics,111,4.0,255189.0,-0.9,Regular consumer demand,Normal Trading,Adequate inventory maintained,Stable,None,No Winter relevance,None,2% avg weekend uplift,0,0,Seasonal factor: No Winter relevance; Niche product - irregular demand pattern
February,2024,SKU0030,Cardamom 50g,Grocery,Spices,513,18.3,137997.0,-3.6,Regular consumer demand,Normal Trading,Adequate inventory maintained,Stable,None,No Winter relevance,None,5% avg weekend uplift,0,0,Seasonal factor: No Winter relevance
February,2024,SKU0038,Millet Mix 1kg,Grocery,Grains,175,6.2,24325.0,-10.7,Regular consumer demand,Normal Trading,Low stock impact - 9 units missed opportunity,Moderate Decline,None,No Winter relevance,None,1% avg weekend uplift,0,9,Seasonal factor: No Winter relevance; Niche product - irregular demand pattern
February,2024,SKU0220,Travel Bag Medium,Lifestyle,Luggage,145,5.2,202855.0,-13.7,Regular consumer demand,Normal Trading,Low stock impact - 8 units missed opportunity,Moderate Decline,None,No Winter relevance,None,2% avg weekend uplift,0,8,Seasonal factor: No Winter relevance; Niche product - irregular demand pattern
February,2024,SKU0140,Potato 1kg,Fruits & Vegetables,Vegetables,1205,43.0,27715.0,2.5,Regular consumer demand,Normal Trading,Adequate inventory maintained,Stable,None,No Winter relevance,None,10% avg weekend uplift,0,0,Seasonal factor: No Winter relevance
February,2024,SKU0251,Herbal Tea 100g,Beverages,Tea,201,7.2,46029.0,2.6,Regular consumer demand,Normal Trading,Adequate inventory maintained,Stable,None,No Winter relevance,None,4% avg weekend uplift,0,0,Seasonal factor: No Winter relevance; Niche product - irregular demand pattern
February,2024,SKU0257,Sweet Corn Soup 50g,Grocery,Instant Foods,347,12.4,14574.0,54.9,Winter demand - Sweet,Seasonal - Winter,Adequate inventory maintained,Strong Increase,None,Winter demand - Sweet,None,5% avg weekend uplift,0,0,Seasonal factor: Winter demand - Sweet; Significant demand spike - review forecast
February,2024,SKU0065,Butter 100g,Dairy,Dairy,804,28.7,71556.0,2.6,Regular consumer demand,Normal Trading,Adequate inventory maintained,Stable,None,No Winter relevance,None,8% avg weekend uplift,0,0,Seasonal factor: No Winter relevance
February,2024,SKU0285,Steel Plates Set 6pcs,Household,Kitchenware,191,6.8,118229.0,13.7,Regular consumer demand,Normal Trading,Adequate inventory maintained,Stable,None,No Winter relevance,None,1% avg weekend uplift,0,0,Seasonal factor: No Winter relevance; Niche product - irregular demand pattern
February,2024,SKU0155,Pineapple Per Piece,Fruits & Vegetables,Fruits,972,34.7,69984.0,19.7,Regular consumer demand,Normal Trading,Adequate inventory maintained,Stable,None,No Winter relevance,None,10% avg weekend uplift,0,0,Seasonal factor: No Winter relevance
February,2024,SKU0292,Fruit Basket Combo,Fruits & Vegetables,Fruits,503,18.0,210757.0,5.7,Regular consumer demand,Normal Trading,Adequate inventory maintained,Stable,None,No Winter relevance,None,10% avg weekend uplift,0,0,Seasonal factor: No Winter relevance
February,2024,SKU0265,Laundry Liquid 1L,Household,Laundry,770,27.5,176330.0,-1.8,Regular consumer demand,Normal Trading,Low stock impact - 25 units missed opportunity,Stable,None,No Winter relevance,None,3% avg weekend uplift,0,25,Seasonal factor: No Winter relevance
February,2024,SKU0173,Room Freshener 240ml,Household,Air Freshener,205,7.3,32595.0,-8.5,Regular consumer demand,Normal Trading,Adequate inventory maintained,Stable,None,No Winter relevance,None,1% avg weekend uplift,0,0,Seasonal factor: No Winter relevance; Niche product - irregular demand pattern
February,2024,SKU0151,Betel Leaves 1 Pack,Fruits & Vegetables,Leaves,248,8.9,10416.0,10.7,Regular consumer demand,Normal Trading,Adequate inventory maintained,Stable,None,No Winter relevance,None,10% avg weekend uplift,0,0,Seasonal factor: No Winter relevance
February,2024,SKU0063,Fresh Milk 500ml,Dairy,Milk,1279,45.7,33254.0,11.4,Regular consumer demand,Normal Trading,Adequate inventory maintained,Stable,None,No Winter relevance,None,8% avg weekend uplift,0,0,Seasonal factor: No Winter relevance
February,2024,SKU0240,Herbal Shampoo 400ml,Personal Care,Hair Care,645,23.0,147705.0,-4.0,Regular consumer demand,Normal Trading,Adequate inventory maintained,Stable,None,No Winter relevance,None,6% avg weekend uplift,0,0,Seasonal factor: No Winter relevance
February,2024,SKU0224,Towels Bath Size,Lifestyle,Bedding,479,17.1,157591.0,-5.0,Regular consumer demand,Normal Trading,Adequate inventory maintained,Stable,None,No Winter relevance,None,8% avg weekend uplift,0,0,Seasonal factor: No Winter relevance
February,2024,SKU0082,Tea Powder 1kg,Beverages,Tea,450,16.1,125550.0,7.1,Regular consumer demand,Normal Trading,Adequate inventory maintained,Stable,None,No Winter relevance,None,13% avg weekend uplift,0,0,Seasonal factor: No Winter relevance
February,2024,SKU0158,Beetroot 1kg,Fruits & Vegetables,Vegetables,418,14.9,17556.0,-0.5,Regular consumer demand,Normal Trading,Adequate inventory maintained,Stable,None,No Winter relevance,None,10% avg weekend uplift,0,0,Seasonal factor: No Winter relevance
February,2024,SKU0296,Puja Flowers Combo,Fruits & Vegetables,Flowers,300,10.7,80700.0,19.0,Regular consumer demand,Normal Trading,Adequate inventory maintained,Stable,None,No Winter relevance,None,10% avg weekend uplift,0,0,Seasonal factor: No Winter relevance
February,2024,SKU0165,Floor Cleaner 1L,Household,Cleaning,417,14.9,70473.0,-0.7,Regular consumer demand,Normal Trading,Adequate inventory maintained,Stable,None,No Winter relevance,None,3% avg weekend uplift,0,0,Seasonal factor: No Winter relevance
February,2024,SKU0118,Protein Chips 100g,Snacks,Health Snacks,178,6.4,24742.0,6.0,Regular consumer demand,Normal Trading,Adequate inventory maintained,Stable,None,No Winter relevance,None,6% avg weekend uplift,0,0,Seasonal factor: No Winter relevance; Niche product - irregular demand pattern
February,2024,SKU0136,Frozen Pizza 300g,Frozen Foods,Frozen Foods,81,2.9,13689.0,-3.6,Regular consumer demand,Normal Trading,Adequate inventory maintained,Stable,None,No Winter relevance,None,5% avg weekend uplift,0,0,Seasonal factor: No Winter relevance; Niche product - irregular demand pattern
February,2024,SKU0283,Pressure Pan 3L,Household,Cookware,211,7.5,168589.0,7.7,Regular consumer demand,Normal Trading,Adequate inventory maintained,Stable,None,No Winter relevance,None,1% avg weekend uplift,0,0,Seasonal factor: No Winter relevance; Niche product - irregular demand pattern
February,2024,SKU0058,Tomato Ketchup 1kg,Grocery,Condiments,684,24.4,95076.0,6.2,Regular consumer demand,Normal Trading,Adequate inventory maintained,Stable,None,No Winter relevance,None,5% avg weekend uplift,0,0,Seasonal factor: No Winter relevance
February,2024,SKU0267,Face Cream 200ml,Personal Care,Skin Care,879,31.4,201291.0,8.3,Regular consumer demand,Normal Trading,Adequate inventory maintained,Stable,None,No Winter relevance,None,6% avg weekend uplift,0,0,Seasonal factor: No Winter relevance
February,2024,SKU0061,Fresh Milk 1L,Dairy,Milk,817,29.2,42484.0,-5.9,Regular consumer demand,Normal Trading,Adequate inventory maintained,Stable,None,No Winter relevance,None,8% avg weekend uplift,0,0,Seasonal factor: No Winter relevance
February,2024,SKU0080,Chocolate Milk 180ml,Dairy,Beverages,665,23.8,27930.0,-8.7,Regular consumer demand,Normal Trading,Low stock impact - 35 units missed opportunity,Stable,None,No Winter relevance,None,8% avg weekend uplift,0,35,Seasonal factor: No Winter relevance
February,2024,SKU0207,LED Bulb 9W,Electronics,Lighting,696,24.9,96744.0,-7.9,Regular consumer demand,Normal Trading,Adequate inventory maintained,Stable,None,No Winter relevance,None,6% avg weekend uplift,0,0,Seasonal factor: No Winter relevance
February,2024,SKU0195,Baby Diapers 42pcs,Personal Care,Baby Care,443,15.8,353957.0,5.5,Regular consumer demand,Normal Trading,Adequate inventory maintained,Stable,None,No Winter relevance,None,6% avg weekend uplift,0,0,Seasonal factor: No Winter relevance
March,2024,SKU0264,Air Freshener Spray 300ml,Household,Air Freshener,258,8.3,41022.0,4.0,Regular consumer demand,Normal Trading,Adequate inventory maintained,Stable,None,No Summer relevance,None,1% avg weekend uplift,0,0,Seasonal factor: No Summer relevance; Niche product - irregular demand pattern
March,2024,SKU0176,Water Bottle 1L,Household,Kitchenware,702,22.6,160758.0,-16.1,Regular consumer demand,Normal Trading,Low stock impact - 52 units missed opportunity,Moderate Decline,None,No Summer relevance,None,3% avg weekend uplift,0,52,Seasonal factor: No Summer relevance
March,2024,SKU0060,Black Channa 1kg,Grocery,Pulses,752,24.3,74448.0,-10.2,Regular consumer demand,Normal Trading,Adequate inventory maintained,Moderate Decline,None,No Summer relevance,None,4% avg weekend uplift,0,0,Seasonal factor: No Summer relevance
March,2024,SKU0094,Energy Drink 250ml,Beverages,Beverages,144,4.6,20016.0,16.1,Regular consumer demand,Normal Trading,Adequate inventory maintained,Stable,None,No Summer relevance,None,3% avg weekend uplift,0,0,Seasonal factor: No Summer relevance; Niche product - irregular demand pattern
March,2024,SKU0097,Green Tea 100g,Beverages,Tea,108,3.5,18252.0,16.1,Regular consumer demand,Normal Trading,Adequate inventory maintained,Stable,None,No Summer relevance,None,3% avg weekend uplift,0,0,Seasonal factor: No Summer relevance; Niche product - irregular demand pattern
March,2024,SKU0062,Fresh Milk 1L,Dairy,Milk,1323,42.7,67473.0,9.4,Regular consumer demand,Normal Trading,Adequate inventory maintained,Stable,None,No Summer relevance,None,7% avg weekend uplift,0,0,Seasonal factor: No Summer relevance
March,2024,SKU0138,Tomato 1kg,Fruits & Vegetables,Vegetables,989,31.9,41538.0,2.9,Regular consumer demand,Normal Trading,Adequate inventory maintained,Stable,None,No Summer relevance,None,9% avg weekend uplift,0,0,Seasonal factor: No Summer relevance
March,2024,SKU0139,Onion 1kg,Fruits & Vegetables,Vegetables,1266,40.8,40512.0,-0.4,Regular consumer demand,Normal Trading,Low stock impact - 44 units missed opportunity,Stable,None,No Summer relevance,None,9% avg weekend uplift,0,44,Seasonal factor: No Summer relevance
March,2024,SKU0294,Men's Kurta Set XL,Lifestyle,Clothing,440,14.2,923560.0,1.4,Regular consumer demand,Normal Trading,Stockout for 3 days - lost 33 units,Stable,None,No Summer relevance,None,7% avg weekend uplift,3,33,Seasonal factor: No Summer relevance; Inventory issue: Stockout for 3 days - lost 33 units
March,2024,SKU0123,Muffins 2pcs,Bakery,Bakery,289,9.3,22831.0,16.5,Regular consumer demand,Normal Trading,Adequate inventory maintained,Stable,None,No Summer relevance,None,3% avg weekend uplift,0,0,Seasonal factor: No Summer relevance; Niche product - irregular demand pattern
March,2024,SKU0178,Pooja Plate Set,Household,Religious,585,18.9,157365.0,-5.6,Regular consumer demand,Normal Trading,Adequate inventory maintained,Stable,None,No Summer relevance,None,3% avg weekend uplift,0,0,Seasonal factor: No Summer relevance
March,2024,SKU0206,Gift Wrap Paper 5 sheets,Stationery,Gift Wrap,347,11.2,21514.0,11.9,Regular consumer demand,Normal Trading,Adequate inventory maintained,Stable,None,No Summer relevance,None,3% avg weekend uplift,0,0,Seasonal factor: No Summer relevance
March,2024,SKU0021,Sugar 1kg,Grocery,Sweeteners,441,14.2,18522.0,-11.1,Regular consumer demand,Normal Trading,Adequate inventory maintained,Moderate Decline,None,No Summer relevance,None,4% avg weekend uplift,0,0,Seasonal factor: No Summer relevance
March,2024,SKU0132,Frozen Nuggets 500g,Frozen Foods,Frozen Foods,184,5.9,42136.0,-1.1,Regular consumer demand,Normal Trading,Adequate inventory maintained,Stable,None,No Summer relevance,None,4% avg weekend uplift,0,0,Seasonal factor: No Summer relevance; Niche product - irregular demand pattern
March,2024,SKU0268,Lip Balm 10g,Personal Care,Lip Care,1023,33.0,80817.0,13.8,Regular consumer demand,Normal Trading,Adequate inventory maintained,Stable,None,No Summer relevance,None,6% avg weekend uplift,0,0,Seasonal factor: No Summer relevance
March,2024,SKU0086,Health Drink 1kg,Beverages,Health Drinks,1050,33.9,345450.0,54.0,Discount on beverages,Promotion - Summer Kickoff,Adequate inventory maintained,Strong Increase,None,No Summer relevance,Summer Kickoff,12% avg weekend uplift,0,0,Seasonal factor: No Summer relevance; Promotion active: Summer Kickoff; Significant demand spike - review forecast
March,2024,SKU0130,Frozen Parotta 400g,Frozen Foods,Frozen Foods,1079,34.8,66898.0,20.0,Regular consumer demand,Normal Trading,Low stock impact - 59 units missed opportunity,Moderate Increase,None,No Summer relevance,None,15% avg weekend uplift,0,59,Seasonal factor: No Summer relevance
March,2024,SKU0081,Tea Powder 1kg,Beverages,Tea,955,30.8,256895.0,28.4,Discount on beverages,Promotion - Summer Kickoff,Adequate inventory maintained,Moderate Increase,None,No Summer relevance,Summer Kickoff,12% avg weekend uplift,0,0,Seasonal factor: No Summer relevance; Promotion active: Summer Kickoff
March,2024,SKU0084,Instant Coffee 200g,Beverages,Coffee,943,30.4,159367.0,12.7,Regular consumer demand,Normal Trading,Adequate inventory maintained,Stable,None,No Summer relevance,None,12% avg weekend uplift,0,0,Seasonal factor: No Summer relevance
March,2024,SKU0246,Frozen Chapati 20pcs,Frozen Foods,Frozen Foods,832,26.8,115648.0,16.7,Regular consumer demand,Normal Trading,Adequate inventory maintained,Stable,None,No Summer relevance,None,15% avg weekend uplift,0,0,Seasonal factor: No Summer relevance
March,2024,SKU0291,Christmas Chocolates 24pcs,Snacks,Chocolates,391,12.6,547009.0,14.7,Regular consumer demand,Normal Trading,Adequate inventory maintained,Stable,None,No Summer relevance,None,17% avg weekend uplift,0,0,Seasonal factor: No Summer relevance
March,2024,SKU0026,Coriander Powder 200g,Grocery,Spices,493,15.9,25636.0,6.0,Regular consumer demand,Normal Trading,Adequate inventory maintained,Stable,None,No Summer relevance,None,4% avg weekend uplift,0,0,Seasonal factor: No Summer relevance
March,2024,SKU0036,Vermicelli 500g,Grocery,Pasta,558,18.0,40176.0,28.6,Ramadan demand surge - Vermicelli,Festival - Ramadan,Adequate inventory maintained,Moderate Increase,Ramadan,No Summer relevance,None,4% avg weekend uplift,0,0,Festival demand: Ramadan; Seasonal factor: No Summer relevance
March,2024,SKU0077,Lassi 200ml,Dairy,Beverages,686,22.1,21952.0,-7.8,Regular consumer demand,Normal Trading,Adequate inventory maintained,Stable,None,No Summer relevance,None,7% avg weekend uplift,0,0,Seasonal factor: No Summer relevance
March,2024,SKU0150,Sugarcane Per Stick,Fruits & Vegetables,Fruits,250,8.1,5750.0,0.8,Regular consumer demand,Normal Trading,Low stock impact - 16 units missed opportunity,Stable,None,No Summer relevance,None,9% avg weekend uplift,0,16,Seasonal factor: No Summer relevance
March,2024,SKU0210,Earphones Wired,Electronics,Electronics,84,2.7,35196.0,-9.7,Regular consumer demand,Normal Trading,Low stock impact - 2 units missed opportunity,Stable,None,No Summer relevance,None,2% avg weekend uplift,0,2,Seasonal factor: No Summer relevance; Niche product - irregular demand pattern
March,2024,SKU0119,Bread Loaf 400g,Bakery,Bakery,1323,42.7,55566.0,15.3,Regular consumer demand,Normal Trading,Adequate inventory maintained,Stable,None,No Summer relevance,None,10% avg weekend uplift,0,0,Seasonal factor: No Summer relevance
March,2024,SKU0161,Diya Lamps 10pcs,Household,Religious,288,9.3,40032.0,3.2,Regular consumer demand,Normal Trading,Adequate inventory maintained,Stable,None,No Summer relevance,None,3% avg weekend uplift,0,0,Seasonal factor: No Summer relevance
March,2024,SKU0261,Cheese Balls 150g,Snacks,Snacks,207,6.7,24633.0,11.3,Regular consumer demand,Normal Trading,Adequate inventory maintained,Stable,None,No Summer relevance,None,5% avg weekend uplift,0,0,Seasonal factor: No Summer relevance; Niche product - irregular demand pattern
March,2024,SKU0193,Shaving Razor 2pcs,Personal Care,Grooming,470,15.2,79430.0,-5.2,Regular consumer demand,Normal Trading,Low stock impact - 52 units missed opportunity,Stable,None,No Summer relevance,None,6% avg weekend uplift,0,52,Seasonal factor: No Summer relevance
March,2024,SKU0011,Urad Dal 1kg,Grocery,Pulses,837,27.0,158193.0,8.0,Regular consumer demand,Normal Trading,Adequate inventory maintained,Stable,None,No Summer relevance,None,4% avg weekend uplift,0,0,Seasonal factor: No Summer relevance
March,2024,SKU0052,Quinoa 500g,Grocery,Grains,242,7.8,65098.0,11.5,Regular consumer demand,Normal Trading,Adequate inventory maintained,Stable,None,No Summer relevance,None,1% avg weekend uplift,0,0,Seasonal factor: No Summer relevance; Niche product - irregular demand pattern
March,2024,SKU0020,Jaggery 1kg,Grocery,Sweeteners,627,20.2,49533.0,1.1,Regular consumer demand,Normal Trading,Adequate inventory maintained,Stable,None,No Summer relevance,None,4% avg weekend uplift,0,0,Seasonal factor: No Summer relevance
March,2024,SKU0149,Coconut Per Piece,Fruits & Vegetables,Fruits,743,24.0,23776.0,19.8,Regular consumer demand,Normal Trading,Adequate inventory maintained,Stable,None,No Summer relevance,None,9% avg weekend uplift,0,0,Seasonal factor: No Summer relevance
March,2024,SKU0253,Dry Fruit Mix 1kg,Grocery,Nuts,839,27.1,670361.0,50.4,Ramadan demand surge - Dry Fruit,Festival - Ramadan,Low stock impact - 75 units missed opportunity,Strong Increase,Ramadan,No Summer relevance,None,4% avg weekend uplift,0,75,Festival demand: Ramadan; Seasonal factor: No Summer relevance; Significant demand spike - review forecast
March,2024,SKU0031,Cashew Nuts 500g,Grocery,Nuts,506,16.3,201894.0,2.0,Regular consumer demand,Normal Trading,Stockout for 2 days - lost 29 units,Stable,None,No Summer relevance,None,4% avg weekend uplift,2,29,Seasonal factor: No Summer relevance; Inventory issue: Stockout for 2 days - lost 29 units
March,2024,SKU0213,Mixer Grinder 750W,Electronics,Appliances,206,6.6,555994.0,-5.1,Regular consumer demand,Normal Trading,Adequate inventory maintained,Stable,None,No Summer relevance,None,2% avg weekend uplift,0,0,Seasonal factor: No Summer relevance; Niche product - irregular demand pattern
March,2024,SKU0245,Instant Upma Mix 500g,Grocery,Mixes,670,21.6,59630.0,-1.8,Regular consumer demand,Normal Trading,Adequate inventory maintained,Stable,None,No Summer relevance,None,4% avg weekend uplift,0,0,Seasonal factor: No Summer relevance
March,2024,SKU0181,Bath Soap 150g,Personal Care,Bath Soaps,595,19.2,24990.0,1.0,Regular consumer demand,Normal Trading,Adequate inventory maintained,Stable,None,No Summer relevance,None,6% avg weekend uplift,0,0,Seasonal factor: No Summer relevance
March,2024,SKU0143,Garlic 250g,Fruits & Vegetables,Vegetables,636,20.5,33072.0,2.6,Regular consumer demand,Normal Trading,Adequate inventory maintained,Stable,None,No Summer relevance,None,9% avg weekend uplift,0,0,Seasonal factor: No Summer relevance
March,2024,SKU0044,Cornflakes 500g,Grocery,Breakfast,476,15.4,75684.0,-4.0,Regular consumer demand,Normal Trading,Adequate inventory maintained,Stable,None,No Summer relevance,None,4% avg weekend uplift,0,0,Seasonal factor: No Summer relevance
March,2024,SKU0290,Decorative Candles 6pcs,Household,Decorations,663,21.4,92157.0,12.6,Regular consumer demand,Normal Trading,Adequate inventory maintained,Stable,None,No Summer relevance,None,3% avg weekend uplift,0,0,Seasonal factor: No Summer relevance
March,2024,SKU0234,Bluetooth Speaker Portable,Electronics,Electronics,234,7.5,327366.0,7.8,Regular consumer demand,Normal Trading,Adequate inventory maintained,Stable,None,No Summer relevance,None,2% avg weekend uplift,0,0,Seasonal factor: No Summer relevance; Niche product - irregular demand pattern
March,2024,SKU0230,Pongal Pot Set,Household,Religious,280,9.0,128520.0,0.4,Regular consumer demand,Normal Trading,Adequate inventory maintained,Stable,None,No Summer relevance,None,3% avg weekend uplift,0,0,Seasonal factor: No Summer relevance
March,2024,SKU0115,Salted Peanuts 200g,Snacks,Nuts,819,26.4,64701.0,14.9,Regular consumer demand,Normal Trading,Adequate inventory maintained,Stable,None,No Summer relevance,None,17% avg weekend uplift,0,0,Seasonal factor: No Summer relevance
March,2024,SKU0090,Mineral Water 1L,Beverages,Beverages,670,21.6,12730.0,13.8,Regular consumer demand,Normal Trading,Adequate inventory maintained,Stable,None,No Summer relevance,None,12% avg weekend uplift,0,0,Seasonal factor: No Summer relevance
March,2024,SKU0108,Chocolate Cookies 200g,Snacks,Biscuits,537,17.3,42423.0,1.9,Regular consumer demand,Normal Trading,Adequate inventory maintained,Stable,None,No Summer relevance,None,17% avg weekend uplift,0,0,Seasonal factor: No Summer relevance
March,2024,SKU0229,Santa Cap Free Size,Lifestyle,Clothing,576,18.6,80064.0,-7.1,Regular consumer demand,Normal Trading,Stockout for 3 days - lost 53 units,Stable,None,No Summer relevance,None,7% avg weekend uplift,3,53,Seasonal factor: No Summer relevance; Inventory issue: Stockout for 3 days - lost 53 units
March,2024,SKU0225,Plastic Chairs Single,Lifestyle,Furniture,145,4.7,89755.0,-6.5,Regular consumer demand,Normal Trading,Adequate inventory maintained,Stable,None,No Summer relevance,None,2% avg weekend uplift,0,0,Seasonal factor: No Summer relevance; Niche product - irregular demand pattern
March,2024,SKU0259,Fresh Lime Soda 250ml,Beverages,Beverages,359,11.6,15078.0,44.8,Summer demand - Lime,Seasonal - Summer,Adequate inventory maintained,Moderate Increase,None,Summer demand - Lime,None,12% avg weekend uplift,0,0,Seasonal factor: Summer demand - Lime
March,2024,SKU0059,Green Gram 1kg,Grocery,Pulses,772,24.9,68708.0,-0.4,Regular consumer demand,Normal Trading,Adequate inventory maintained,Stable,None,No Summer relevance,None,4% avg weekend uplift,0,0,Seasonal factor: No Summer relevance
March,2024,SKU0293,Silk Saree Combo Festival Pack,Lifestyle,Clothing,475,15.3,1757025.0,2.2,Regular consumer demand,Normal Trading,Adequate inventory maintained,Stable,None,No Summer relevance,None,7% avg weekend uplift,0,0,Seasonal factor: No Summer relevance
March,2024,SKU0124,Birthday Cake 1kg,Bakery,Bakery,109,3.5,50031.0,-12.1,Regular consumer demand,Normal Trading,Adequate inventory maintained,Moderate Decline,None,No Summer relevance,None,3% avg weekend uplift,0,0,Seasonal factor: No Summer relevance; Niche product - irregular demand pattern
March,2024,SKU0260,Sports Drink 250ml,Beverages,Beverages,483,15.6,25116.0,29.8,Discount on beverages,Promotion - Summer Kickoff,Low stock impact - 43 units missed opportunity,Moderate Increase,None,No Summer relevance,Summer Kickoff,12% avg weekend uplift,0,43,Seasonal factor: No Summer relevance; Promotion active: Summer Kickoff
March,2024,SKU0103,Murukku 250g,Snacks,Traditional Snacks,528,17.0,62832.0,6.5,Regular consumer demand,Normal Trading,Adequate inventory maintained,Stable,None,No Summer relevance,None,17% avg weekend uplift,0,0,Seasonal factor: No Summer relevance
March,2024,SKU0166,Detergent Powder 2kg,Household,Laundry,618,19.9,141522.0,4.9,Regular consumer demand,Normal Trading,Adequate inventory maintained,Stable,None,No Summer relevance,None,3% avg weekend uplift,0,0,Seasonal factor: No Summer relevance
March,2024,SKU0164,Dishwash Liquid 750ml,Household,Cleaning,498,16.1,69222.0,7.1,Regular consumer demand,Normal Trading,Adequate inventory maintained,Stable,None,No Summer relevance,None,3% avg weekend uplift,0,0,Seasonal factor: No Summer relevance
March,2024,SKU0167,Detergent Powder 2kg,Household,Laundry,579,18.7,155751.0,9.9,Regular consumer demand,Normal Trading,Adequate inventory maintained,Stable,None,No Summer relevance,None,3% avg weekend uplift,0,0,Seasonal factor: No Summer relevance
March,2024,SKU0105,Banana Chips 250g,Snacks,Chips,1125,36.3,100125.0,34.4,Regular consumer demand,Weekend/Demand Surge,Adequate inventory maintained,Moderate Increase,None,No Summer relevance,None,17% avg weekend uplift,0,0,Seasonal factor: No Summer relevance
March,2024,SKU0035,Dates Premium 500g,Grocery,Nuts,840,27.1,225960.0,35.5,Ramadan demand surge - Dates,Festival - Ramadan,Adequate inventory maintained,Moderate Increase,Ramadan,No Summer relevance,None,4% avg weekend uplift,0,0,Festival demand: Ramadan; Seasonal factor: No Summer relevance
March,2024,SKU0042,Pickle Jar 500g,Grocery,Condiments,732,23.6,87108.0,7.3,Regular consumer demand,Normal Trading,Adequate inventory maintained,Stable,None,No Summer relevance,None,4% avg weekend uplift,0,0,Seasonal factor: No Summer relevance
March,2024,SKU0095,Badam Milk 180ml,Beverages,Beverages,564,18.2,23688.0,40.0,Ramadan demand surge - Badam,Festival - Ramadan,Stockout for 3 days - lost 43 units,Moderate Increase,Ramadan,No Summer relevance,None,12% avg weekend uplift,3,43,Festival demand: Ramadan; Seasonal factor: No Summer relevance; Inventory issue: Stockout for 3 days - lost 43 units
March,2024,SKU0203,Pencil Box 10pcs,Stationery,Stationery,130,4.2,18070.0,4.8,Regular consumer demand,Normal Trading,Adequate inventory maintained,Stable,None,No Summer relevance,None,1% avg weekend uplift,0,0,Seasonal factor: No Summer relevance
March,2024,SKU0111,Halwa Pack 500g,Snacks,Traditional Sweets,646,20.8,173774.0,22.6,Regular consumer demand,Weekend/Demand Surge,Adequate inventory maintained,Moderate Increase,None,No Summer relevance,None,17% avg weekend uplift,0,0,Seasonal factor: No Summer relevance
March,2024,SKU0156,Cucumber 1kg,Fruits & Vegetables,Vegetables,794,25.6,25408.0,2.5,Regular consumer demand,Normal Trading,Low stock impact - 43 units missed opportunity,Stable,None,No Summer relevance,None,9% avg weekend uplift,0,43,Seasonal factor: No Summer relevance
March,2024,SKU0023,Rock Salt 500g,Grocery,Salt,842,27.2,26944.0,-3.0,Regular consumer demand,Normal Trading,Stockout for 2 days - lost 42 units,Stable,None,No Summer relevance,None,4% avg weekend uplift,2,42,Seasonal factor: No Summer relevance; Inventory issue: Stockout for 2 days - lost 42 units
March,2024,SKU0002,Ponni Rice 10kg,Grocery,Rice,631,20.4,819669.0,19.7,Regular consumer demand,Normal Trading,Adequate inventory maintained,Stable,None,No Summer relevance,None,4% avg weekend uplift,0,0,Seasonal factor: No Summer relevance
March,2024,SKU0187,Toothpaste 150g,Personal Care,Oral Care,569,18.4,40968.0,8.0,Regular consumer demand,Normal Trading,Adequate inventory maintained,Stable,None,No Summer relevance,None,6% avg weekend uplift,0,0,Seasonal factor: No Summer relevance
March,2024,SKU0275,Kitchen Towels 2 Rolls,Household,Kitchenware,425,13.7,50575.0,-14.3,Regular consumer demand,Normal Trading,Low stock impact - 43 units missed opportunity,Moderate Decline,None,No Summer relevance,None,3% avg weekend uplift,0,43,Seasonal factor: No Summer relevance
March,2024,SKU0192,Perfume Gift Set,Personal Care,Fragrances,697,22.5,556903.0,18.3,Regular consumer demand,Normal Trading,Adequate inventory maintained,Stable,None,No Summer relevance,None,6% avg weekend uplift,0,0,Seasonal factor: No Summer relevance
March,2024,SKU0008,Maida Flour 1kg,Grocery,Flour,661,21.3,27762.0,6.6,Regular consumer demand,Normal Trading,Stockout for 4 days - lost 62 units,Stable,None,No Summer relevance,None,4% avg weekend uplift,4,62,Seasonal factor: No Summer relevance; Inventory issue: Stockout for 4 days - lost 62 units
March,2024,SKU0239,Vitamin Supplements 30 tabs,Personal Care,Health,888,28.6,292152.0,6.1,Regular consumer demand,Normal Trading,Low stock impact - 41 units missed opportunity,Stable,None,No Summer relevance,None,6% avg weekend uplift,0,41,Seasonal factor: No Summer relevance
March,2024,SKU0160,Camphor 100g,Household,Religious,603,19.5,53667.0,8.1,Regular consumer demand,Normal Trading,Adequate inventory maintained,Stable,None,No Summer relevance,None,3% avg weekend uplift,0,0,Seasonal factor: No Summer relevance
March,2024,SKU0298,Pongal Sugar Pack 2kg,Grocery,Sweeteners,428,13.8,72332.0,-8.0,Regular consumer demand,Normal Trading,Stockout for 2 days - lost 18 units,Stable,None,No Summer relevance,None,4% avg weekend uplift,2,18,Seasonal factor: No Summer relevance; Inventory issue: Stockout for 2 days - lost 18 units
March,2024,SKU0054,Honey 500g,Grocery,Sweeteners,512,16.5,81408.0,10.1,Regular consumer demand,Normal Trading,Adequate inventory maintained,Stable,None,No Summer relevance,None,4% avg weekend uplift,0,0,Seasonal factor: No Summer relevance
March,2024,SKU0263,Frozen Veg Burger Patty 400g,Frozen Foods,Frozen Foods,94,3.0,18706.0,1.1,Regular consumer demand,Normal Trading,Adequate inventory maintained,Stable,None,No Summer relevance,None,4% avg weekend uplift,0,0,Seasonal factor: No Summer relevance; Niche product - irregular demand pattern
March,2024,SKU0019,Ghee 1L,Grocery,Ghee,626,20.2,324894.0,-8.2,Regular consumer demand,Normal Trading,Adequate inventory maintained,Stable,None,No Summer relevance,None,4% avg weekend uplift,0,0,Seasonal factor: No Summer relevance
March,2024,SKU0070,Ice Cream Family Pack 1L,Dairy,Frozen,858,27.7,145002.0,130.6,Summer demand - Ice Cream,Seasonal - Summer,Adequate inventory maintained,Strong Increase,None,Summer demand - Ice Cream,None,7% avg weekend uplift,0,0,Seasonal factor: Summer demand - Ice Cream; Significant demand spike - review forecast
March,2024,SKU0147,Watermelon Per Piece,Fruits & Vegetables,Fruits,573,18.5,35526.0,105.4,Summer demand - Watermelon,Seasonal - Summer,Adequate inventory maintained,Strong Increase,None,Summer demand - Watermelon,None,9% avg weekend uplift,0,0,Seasonal factor: Summer demand - Watermelon; Significant demand spike - review forecast
March,2024,SKU0286,Dry Fruit Gift Hamper Combo,Grocery,Gift Sets,424,13.7,508376.0,36.8,Ramadan demand surge - Dry Fruit,Festival - Ramadan,Adequate inventory maintained,Moderate Increase,Ramadan,No Summer relevance,None,4% avg weekend uplift,0,0,Festival demand: Ramadan; Seasonal factor: No Summer relevance
March,2024,SKU0047,Biryani Masala 100g,Grocery,Spices,615,19.8,25830.0,32.3,Ramadan demand surge - Biryani,Festival - Ramadan,Adequate inventory maintained,Moderate Increase,Ramadan,No Summer relevance,None,4% avg weekend uplift,0,0,Festival demand: Ramadan; Seasonal factor: No Summer relevance
March,2024,SKU0182,Bath Soap 125g,Personal Care,Bath Soaps,813,26.2,50406.0,14.0,Regular consumer demand,Normal Trading,Adequate inventory maintained,Stable,None,No Summer relevance,None,6% avg weekend uplift,0,0,Seasonal factor: No Summer relevance
March,2024,SKU0183,Shampoo Sachet 6ml,Personal Care,Hair Care,971,31.3,4855.0,11.9,Regular consumer demand,Normal Trading,Adequate inventory maintained,Stable,None,No Summer relevance,None,6% avg weekend uplift,0,0,Seasonal factor: No Summer relevance
March,2024,SKU0069,Flavored Yogurt 90g,Dairy,Dairy,206,6.6,8652.0,-5.1,Regular consumer demand,Normal Trading,Low stock impact - 20 units missed opportunity,Stable,None,No Summer relevance,None,2% avg weekend uplift,0,20,Seasonal factor: No Summer relevance; Niche product - irregular demand pattern
March,2024,SKU0007,Wheat Flour Atta 5kg,Grocery,Atta,632,20.4,188968.0,-15.1,Regular consumer demand,Normal Trading,Low stock impact - 30 units missed opportunity,Moderate Decline,None,No Summer relevance,None,4% avg weekend uplift,0,30,Seasonal factor: No Summer relevance
March,2024,SKU0276,Match Box 10pcs,Household,Household,631,20.4,14513.0,1.8,Regular consumer demand,Normal Trading,Low stock impact - 30 units missed opportunity,Stable,None,No Summer relevance,None,3% avg weekend uplift,0,30,Seasonal factor: No Summer relevance
March,2024,SKU0096,Fruit Syrup 750ml,Beverages,Syrups,874,28.2,138966.0,41.0,Discount on beverages,Promotion - Summer Kickoff,Adequate inventory maintained,Moderate Increase,None,No Summer relevance,Summer Kickoff,12% avg weekend uplift,0,0,Seasonal factor: No Summer relevance; Promotion active: Summer Kickoff
March,2024,SKU0079,Probiotic Drink 5pcs,Dairy,Beverages,169,5.5,20111.0,-9.1,Regular consumer demand,Normal Trading,Adequate inventory maintained,Stable,None,No Summer relevance,None,2% avg weekend uplift,0,0,Seasonal factor: No Summer relevance; Niche product - irregular demand pattern
March,2024,SKU0078,Dairy Whitener 400g,Dairy,Dairy,771,24.9,107169.0,13.0,Regular consumer demand,Normal Trading,Low stock impact - 45 units missed opportunity,Stable,None,No Summer relevance,None,7% avg weekend uplift,0,45,Seasonal factor: No Summer relevance
March,2024,SKU0116,Namkeen Mix 400g,Snacks,Traditional Snacks,604,19.5,83956.0,8.2,Regular consumer demand,Normal Trading,Low stock impact - 47 units missed opportunity,Stable,None,No Summer relevance,None,17% avg weekend uplift,0,47,Seasonal factor: No Summer relevance
March,2024,SKU0281,Mosquito Bat Rechargeable,Household,Pest Control,718,23.2,236222.0,5.3,Regular consumer demand,Normal Trading,Low stock impact - 42 units missed opportunity,Stable,None,No Summer relevance,None,3% avg weekend uplift,0,42,Seasonal factor: No Summer relevance
March,2024,SKU0226,Saree Gift Pack Silk Blend,Lifestyle,Clothing,427,13.8,1152473.0,-1.6,Regular consumer demand,Normal Trading,Adequate inventory maintained,Stable,None,No Summer relevance,None,7% avg weekend uplift,0,0,Seasonal factor: No Summer relevance
March,2024,SKU0238,Face Mask Pack 3pcs,Personal Care,Beauty,178,5.7,40762.0,-4.3,Regular consumer demand,Normal Trading,Adequate inventory maintained,Stable,None,No Summer relevance,None,2% avg weekend uplift,0,0,Seasonal factor: No Summer relevance; Niche product - irregular demand pattern
March,2024,SKU0299,Ramadan Combo Kit,Grocery,Gift Sets,419,13.5,334781.0,12.6,Regular consumer demand,Normal Trading,Adequate inventory maintained,Stable,None,No Summer relevance,None,4% avg weekend uplift,0,0,Seasonal factor: No Summer relevance
March,2024,SKU0050,Sugar Candy 250g,Grocery,Sweeteners,387,12.5,27864.0,4.0,Regular consumer demand,Normal Trading,Low stock impact - 10 units missed opportunity,Stable,None,No Summer relevance,None,4% avg weekend uplift,0,10,Seasonal factor: No Summer relevance
March,2024,SKU0128,Donuts 2pcs,Bakery,Bakery,230,7.4,27370.0,-7.3,Regular consumer demand,Normal Trading,Adequate inventory maintained,Stable,None,No Summer relevance,None,3% avg weekend uplift,0,0,Seasonal factor: No Summer relevance; Niche product - irregular demand pattern
March,2024,SKU0272,Lunch Box Medium,Household,Kitchenware,687,22.2,184803.0,0.7,Regular consumer demand,Normal Trading,Adequate inventory maintained,Stable,None,No Summer relevance,None,3% avg weekend uplift,0,0,Seasonal factor: No Summer relevance
March,2024,SKU0244,Green Peas Masala 200g,Grocery,Mixes,165,5.3,13035.0,6.5,Regular consumer demand,Normal Trading,Adequate inventory maintained,Stable,None,No Summer relevance,None,1% avg weekend uplift,0,0,Seasonal factor: No Summer relevance; Niche product - irregular demand pattern
March,2024,SKU0014,Groundnut Oil 1L,Grocery,Oil,865,27.9,111585.0,-0.3,Regular consumer demand,Normal Trading,Adequate inventory maintained,Stable,None,No Summer relevance,None,4% avg weekend uplift,0,0,Seasonal factor: No Summer relevance
March,2024,SKU0106,Popcorn 100g,Snacks,Chips,717,23.1,30114.0,28.5,Regular consumer demand,Weekend/Demand Surge,Low stock impact - 27 units missed opportunity,Moderate Increase,None,No Summer relevance,None,17% avg weekend uplift,0,27,Seasonal factor: No Summer relevance
March,2024,SKU0013,Chana Dal 1kg,Grocery,Pulses,791,25.5,125769.0,2.1,Regular consumer demand,Normal Trading,Adequate inventory maintained,Stable,None,No Summer relevance,None,4% avg weekend uplift,0,0,Seasonal factor: No Summer relevance
March,2024,SKU0029,Pepper Powder 100g,Grocery,Spices,573,18.5,68187.0,-7.6,Regular consumer demand,Normal Trading,Adequate inventory maintained,Stable,None,No Summer relevance,None,4% avg weekend uplift,0,0,Seasonal factor: No Summer relevance
March,2024,SKU0218,Umbrella Large,Lifestyle,Rainwear,525,16.9,172725.0,12.9,Regular consumer demand,Normal Trading,Adequate inventory maintained,Stable,None,No Summer relevance,None,7% avg weekend uplift,0,0,Seasonal factor: No Summer relevance
March,2024,SKU0287,Festival Sweet Combo 2kg,Snacks,Traditional Sweets,553,17.8,441847.0,4.9,Regular consumer demand,Normal Trading,Adequate inventory maintained,Stable,None,No Summer relevance,None,17% avg weekend uplift,0,0,Seasonal factor: No Summer relevance
March,2024,SKU0037,Aval / Poha 1kg,Grocery,Breakfast,719,23.2,44578.0,-3.4,Regular consumer demand,Normal Trading,Adequate inventory maintained,Stable,None,No Summer relevance,None,4% avg weekend uplift,0,0,Seasonal factor: No Summer relevance
March,2024,SKU0127,Plum Cake 500g,Bakery,Bakery,355,11.5,95495.0,4.1,Regular consumer demand,Normal Trading,Adequate inventory maintained,Stable,None,No Summer relevance,None,10% avg weekend uplift,0,0,Seasonal factor: No Summer relevance
March,2024,SKU0198,Baby Powder 200g,Personal Care,Baby Care,568,18.3,78952.0,14.5,Regular consumer demand,Normal Trading,Adequate inventory maintained,Stable,None,No Summer relevance,None,6% avg weekend uplift,0,0,Seasonal factor: No Summer relevance
March,2024,SKU0028,Rasam Powder 200g,Grocery,Spices,907,29.3,65304.0,17.0,Regular consumer demand,Normal Trading,Adequate inventory maintained,Stable,None,No Summer relevance,None,4% avg weekend uplift,0,0,Seasonal factor: No Summer relevance
March,2024,SKU0121,Burger Buns 4pcs,Bakery,Bakery,612,19.7,19584.0,3.9,Regular consumer demand,Normal Trading,Adequate inventory maintained,Stable,None,No Summer relevance,None,10% avg weekend uplift,0,0,Seasonal factor: No Summer relevance
March,2024,SKU0269,Hair Gel 100ml,Personal Care,Hair Care,167,5.4,23213.0,7.7,Regular consumer demand,Normal Trading,Adequate inventory maintained,Stable,None,No Summer relevance,None,2% avg weekend uplift,0,0,Seasonal factor: No Summer relevance; Niche product - irregular demand pattern
March,2024,SKU0284,Coconut Scraper Manual,Household,Kitchenware,87,2.8,23403.0,-6.5,Regular consumer demand,Normal Trading,Adequate inventory maintained,Stable,None,No Summer relevance,None,1% avg weekend uplift,0,0,Seasonal factor: No Summer relevance; Niche product - irregular demand pattern
March,2024,SKU0135,Ice Cubes 1kg,Frozen Foods,Frozen Foods,670,21.6,28140.0,27.1,Regular consumer demand,Weekend/Demand Surge,Adequate inventory maintained,Moderate Increase,None,No Summer relevance,None,15% avg weekend uplift,0,0,Seasonal factor: No Summer relevance
March,2024,SKU0243,Instant Soup 3 Pack,Grocery,Instant Foods,423,13.6,58797.0,-9.0,Regular consumer demand,Normal Trading,Low stock impact - 13 units missed opportunity,Stable,None,No Summer relevance,None,4% avg weekend uplift,0,13,Seasonal factor: No Summer relevance
March,2024,SKU0040,Tamarind 500g,Grocery,Spices,689,22.2,61321.0,1.0,Regular consumer demand,Normal Trading,Adequate inventory maintained,Stable,None,No Summer relevance,None,4% avg weekend uplift,0,0,Seasonal factor: No Summer relevance
March,2024,SKU0258,Instant Coffee Sachet 10pcs,Beverages,Coffee,635,20.5,39370.0,7.8,Regular consumer demand,Normal Trading,Adequate inventory maintained,Stable,None,No Summer relevance,None,12% avg weekend uplift,0,0,Seasonal factor: No Summer relevance
March,2024,SKU0242,Salt Biscuits 300g,Snacks,Biscuits,808,26.1,50096.0,13.3,Regular consumer demand,Normal Trading,Adequate inventory maintained,Stable,None,No Summer relevance,None,17% avg weekend uplift,0,0,Seasonal factor: No Summer relevance
March,2024,SKU0112,Sweet Box Assorted 1kg,Snacks,Traditional Sweets,252,8.1,115668.0,1.6,Regular consumer demand,Normal Trading,Adequate inventory maintained,Stable,None,No Summer relevance,None,17% avg weekend uplift,0,0,Seasonal factor: No Summer relevance
March,2024,SKU0211,USB Cable 1m,Electronics,Electronics,113,3.6,25877.0,-8.9,Regular consumer demand,Normal Trading,Adequate inventory maintained,Stable,None,No Summer relevance,None,2% avg weekend uplift,0,0,Seasonal factor: No Summer relevance; Niche product - irregular demand pattern
March,2024,SKU0273,Vacuum Flask 1L,Household,Kitchenware,121,3.9,50699.0,-2.4,Regular consumer demand,Normal Trading,Adequate inventory maintained,Stable,None,No Summer relevance,None,1% avg weekend uplift,0,0,Seasonal factor: No Summer relevance; Niche product - irregular demand pattern
March,2024,SKU0274,Plastic Storage Container Set,Household,Kitchenware,226,7.3,180574.0,4.1,Regular consumer demand,Normal Trading,Adequate inventory maintained,Stable,None,No Summer relevance,None,1% avg weekend uplift,0,0,Seasonal factor: No Summer relevance; Niche product - irregular demand pattern
March,2024,SKU0093,Tender Coconut Water 250ml,Beverages,Beverages,83,2.7,3486.0,-10.8,Regular consumer demand,Normal Trading,Adequate inventory maintained,Moderate Decline,None,No Summer relevance,None,3% avg weekend uplift,0,0,Seasonal factor: No Summer relevance; Niche product - irregular demand pattern
March,2024,SKU0120,Bread Loaf 400g,Bakery,Bakery,1536,49.5,59904.0,12.6,Regular consumer demand,Normal Trading,Adequate inventory maintained,Stable,None,No Summer relevance,None,10% avg weekend uplift,0,0,Seasonal factor: No Summer relevance
March,2024,SKU0228,Christmas Tree Decor Combo,Household,Decorations,399,12.9,318801.0,-8.1,Regular consumer demand,Normal Trading,Adequate inventory maintained,Stable,None,No Summer relevance,None,3% avg weekend uplift,0,0,Seasonal factor: No Summer relevance
March,2024,SKU0233,Drinking Water Can 20L,Beverages,Beverages,909,29.3,71811.0,27.5,Discount on beverages,Promotion - Summer Kickoff,Adequate inventory maintained,Moderate Increase,None,No Summer relevance,Summer Kickoff,12% avg weekend uplift,0,0,Seasonal factor: No Summer relevance; Promotion active: Summer Kickoff
March,2024,SKU0185,Hair Oil 500ml,Personal Care,Hair Care,710,22.9,98690.0,-8.4,Regular consumer demand,Normal Trading,Low stock impact - 75 units missed opportunity,Stable,None,No Summer relevance,None,6% avg weekend uplift,0,75,Seasonal factor: No Summer relevance
March,2024,SKU0016,Gingelly Oil 1L,Grocery,Oil,492,15.9,88068.0,-6.6,Regular consumer demand,Normal Trading,Adequate inventory maintained,Stable,None,No Summer relevance,None,4% avg weekend uplift,0,0,Seasonal factor: No Summer relevance
March,2024,SKU0110,Dry Fruit Laddu Box 500g,Snacks,Traditional Sweets,649,20.9,239481.0,61.0,Ramadan demand surge - Dry Fruit,Festival - Ramadan,Adequate inventory maintained,Strong Increase,Ramadan,No Summer relevance,None,17% avg weekend uplift,0,0,Festival demand: Ramadan; Seasonal factor: No Summer relevance; Significant demand spike - review forecast
March,2024,SKU0022,Salt 1kg,Grocery,Salt,980,31.6,25480.0,5.4,Regular consumer demand,Normal Trading,Adequate inventory maintained,Stable,None,No Summer relevance,None,4% avg weekend uplift,0,0,Seasonal factor: No Summer relevance
March,2024,SKU0153,Orange 1kg,Fruits & Vegetables,Fruits,806,26.0,71734.0,13.0,Regular consumer demand,Normal Trading,Adequate inventory maintained,Stable,None,No Summer relevance,None,9% avg weekend uplift,0,0,Seasonal factor: No Summer relevance
March,2024,SKU0017,Coconut Oil 1L,Grocery,Oil,457,14.7,63523.0,-1.7,Regular consumer demand,Normal Trading,Adequate inventory maintained,Stable,None,No Summer relevance,None,4% avg weekend uplift,0,0,Seasonal factor: No Summer relevance
March,2024,SKU0278,LED Lantern Rechargeable,Electronics,Lighting,382,12.3,160058.0,12.0,Regular consumer demand,Normal Trading,Adequate inventory maintained,Stable,None,No Summer relevance,None,6% avg weekend uplift,0,0,Seasonal factor: No Summer relevance
March,2024,SKU0179,Banana Leaf Pack 10pcs,Grocery,Religious,538,17.4,42502.0,-8.7,Regular consumer demand,Normal Trading,Adequate inventory maintained,Stable,None,No Summer relevance,None,4% avg weekend uplift,0,0,Seasonal factor: No Summer relevance
March,2024,SKU0083,Filter Coffee Powder 500g,Beverages,Coffee,716,23.1,163964.0,5.0,Regular consumer demand,Normal Trading,Adequate inventory maintained,Stable,None,No Summer relevance,None,12% avg weekend uplift,0,0,Seasonal factor: No Summer relevance
March,2024,SKU0237,Hair Dryer 1200W,Electronics,Electronics,222,7.2,266178.0,2.3,Regular consumer demand,Normal Trading,Adequate inventory maintained,Stable,None,No Summer relevance,None,2% avg weekend uplift,0,0,Seasonal factor: No Summer relevance; Niche product - irregular demand pattern
March,2024,SKU0256,Vermicelli Kheer Mix 200g,Grocery,Mixes,559,18.0,40248.0,20.2,"Ramadan demand surge - Vermicelli, Kheer, Vermicelli Kheer",Festival - Ramadan,Low stock impact - 32 units missed opportunity,Moderate Increase,Ramadan,No Summer relevance,None,4% avg weekend uplift,0,32,Festival demand: Ramadan; Seasonal factor: No Summer relevance
March,2024,SKU0197,Baby Soap 100g,Personal Care,Baby Care,823,26.5,65017.0,20.7,Regular consumer demand,Weekend/Demand Surge,Adequate inventory maintained,Moderate Increase,None,No Summer relevance,None,6% avg weekend uplift,0,0,Seasonal factor: No Summer relevance
March,2024,SKU0262,Protein Shake 400g,Beverages,Health Drinks,161,5.2,67459.0,3.9,Regular consumer demand,Normal Trading,Adequate inventory maintained,Stable,None,No Summer relevance,None,3% avg weekend uplift,0,0,Seasonal factor: No Summer relevance; Niche product - irregular demand pattern
March,2024,SKU0092,Rose Milk 200ml,Beverages,Beverages,278,9.0,8896.0,28.1,Discount on beverages,Promotion - Summer Kickoff,Adequate inventory maintained,Moderate Increase,None,No Summer relevance,Summer Kickoff,3% avg weekend uplift,0,0,Seasonal factor: No Summer relevance; Promotion active: Summer Kickoff; Niche product - irregular demand pattern
March,2024,SKU0199,Hand Wash 750ml,Personal Care,Hygiene,1079,34.8,182351.0,20.0,Regular consumer demand,Normal Trading,Adequate inventory maintained,Moderate Increase,None,No Summer relevance,None,6% avg weekend uplift,0,0,Seasonal factor: No Summer relevance
March,2024,SKU0131,Frozen Fries 420g,Frozen Foods,Frozen Foods,499,16.1,69361.0,0.6,Regular consumer demand,Normal Trading,Low stock impact - 52 units missed opportunity,Stable,None,No Summer relevance,None,15% avg weekend uplift,0,52,Seasonal factor: No Summer relevance
March,2024,SKU0057,Pasta Sauce 300g,Grocery,Condiments,86,2.8,7654.0,-7.5,Regular consumer demand,Normal Trading,Adequate inventory maintained,Stable,None,No Summer relevance,None,1% avg weekend uplift,0,0,Seasonal factor: No Summer relevance; Niche product - irregular demand pattern
March,2024,SKU0099,Cold Coffee 180ml,Beverages,Beverages,851,27.5,35742.0,-2.0,Regular consumer demand,Normal Trading,Adequate inventory maintained,Stable,None,No Summer relevance,None,12% avg weekend uplift,0,0,Seasonal factor: No Summer relevance
March,2024,SKU0051,Organic Brown Rice 5kg,Grocery,Rice,102,3.3,46818.0,9.7,Regular consumer demand,Normal Trading,Adequate inventory maintained,Stable,None,No Summer relevance,None,1% avg weekend uplift,0,0,Seasonal factor: No Summer relevance; Niche product - irregular demand pattern
March,2024,SKU0191,Deodorant Spray 150ml,Personal Care,Deodorants,743,24.0,170147.0,-7.8,Regular consumer demand,Normal Trading,Adequate inventory maintained,Stable,None,No Summer relevance,None,6% avg weekend uplift,0,0,Seasonal factor: No Summer relevance
March,2024,SKU0254,Pista Cookies 400g,Snacks,Biscuits,806,26.0,184574.0,85.7,Ramadan demand surge - Pista,Festival - Ramadan,Adequate inventory maintained,Strong Increase,Ramadan,No Summer relevance,None,17% avg weekend uplift,0,0,Festival demand: Ramadan; Seasonal factor: No Summer relevance; Significant demand spike - review forecast
March,2024,SKU0205,Printer Paper 500 sheets,Stationery,Stationery,66,2.1,17754.0,6.5,Regular consumer demand,Normal Trading,Adequate inventory maintained,Stable,None,No Summer relevance,None,1% avg weekend uplift,0,0,Seasonal factor: No Summer relevance
March,2024,SKU0074,Greek Yogurt 400g,Dairy,Dairy,108,3.5,12852.0,16.1,Regular consumer demand,Normal Trading,Adequate inventory maintained,Stable,None,No Summer relevance,None,2% avg weekend uplift,0,0,Seasonal factor: No Summer relevance; Niche product - irregular demand pattern
March,2024,SKU0232,Disposable Plates & Cups 50pcs,Household,Party Supplies,562,18.1,128698.0,-4.6,Regular consumer demand,Normal Trading,Adequate inventory maintained,Stable,None,No Summer relevance,None,3% avg weekend uplift,0,0,Seasonal factor: No Summer relevance
March,2024,SKU0168,Fabric Conditioner 860ml,Household,Laundry,141,4.5,22419.0,13.7,Regular consumer demand,Normal Trading,Adequate inventory maintained,Stable,None,No Summer relevance,None,1% avg weekend uplift,0,0,Seasonal factor: No Summer relevance; Niche product - irregular demand pattern
March,2024,SKU0009,Rava / Sooji 1kg,Grocery,Flour,634,20.5,32968.0,13.6,Regular consumer demand,Normal Trading,Adequate inventory maintained,Stable,None,No Summer relevance,None,4% avg weekend uplift,0,0,Seasonal factor: No Summer relevance
March,2024,SKU0046,Nutella Spread 350g,Grocery,Spreads,188,6.1,50572.0,-13.4,Regular consumer demand,Normal Trading,Adequate inventory maintained,Moderate Decline,None,No Summer relevance,None,1% avg weekend uplift,0,0,Seasonal factor: No Summer relevance; Niche product - irregular demand pattern
March,2024,SKU0221,Bedsheet Queen Size,Lifestyle,Bedding,837,27.0,668763.0,8.0,Regular consumer demand,Normal Trading,Adequate inventory maintained,Stable,None,No Summer relevance,None,7% avg weekend uplift,0,0,Seasonal factor: No Summer relevance
March,2024,SKU0300,Diwali Gift Hamper,Grocery,Gift Sets,353,11.4,423247.0,-5.1,Regular consumer demand,Normal Trading,Adequate inventory maintained,Stable,None,No Summer relevance,None,4% avg weekend uplift,0,0,Seasonal factor: No Summer relevance
March,2024,SKU0114,Nachos 150g,Snacks,Chips,124,4.0,11036.0,0.0,Regular consumer demand,Normal Trading,Low stock impact - 9 units missed opportunity,Stable,None,No Summer relevance,None,5% avg weekend uplift,0,9,Seasonal factor: No Summer relevance; Niche product - irregular demand pattern
March,2024,SKU0027,Sambar Powder 500g,Grocery,Spices,831,26.8,73959.0,7.2,Regular consumer demand,Normal Trading,Adequate inventory maintained,Stable,None,No Summer relevance,None,4% avg weekend uplift,0,0,Seasonal factor: No Summer relevance
March,2024,SKU0236,Trimmer Rechargeable,Electronics,Electronics,163,5.3,130237.0,5.2,Regular consumer demand,Normal Trading,Adequate inventory maintained,Stable,None,No Summer relevance,None,2% avg weekend uplift,0,0,Seasonal factor: No Summer relevance; Niche product - irregular demand pattern
March,2024,SKU0089,Soda Bottles 750ml,Beverages,Beverages,644,20.8,20608.0,29.8,Discount on beverages,Promotion - Summer Kickoff,Adequate inventory maintained,Moderate Increase,None,No Summer relevance,Summer Kickoff,12% avg weekend uplift,0,0,Seasonal factor: No Summer relevance; Promotion active: Summer Kickoff
March,2024,SKU0145,Apple 1kg,Fruits & Vegetables,Fruits,761,24.5,128609.0,22.7,Regular consumer demand,Weekend/Demand Surge,Adequate inventory maintained,Moderate Increase,None,No Summer relevance,None,9% avg weekend uplift,0,0,Seasonal factor: No Summer relevance
March,2024,SKU0202,Ball Pen Pack 10pcs,Stationery,Stationery,675,21.8,41850.0,-5.3,Regular consumer demand,Normal Trading,Stockout for 3 days - lost 58 units,Stable,None,No Summer relevance,None,3% avg weekend uplift,3,58,Seasonal factor: No Summer relevance; Inventory issue: Stockout for 3 days - lost 58 units
March,2024,SKU0250,Coconut Cookies 200g,Snacks,Biscuits,1077,34.7,77544.0,33.6,Regular consumer demand,Weekend/Demand Surge,Adequate inventory maintained,Moderate Increase,None,No Summer relevance,None,17% avg weekend uplift,0,0,Seasonal factor: No Summer relevance
March,2024,SKU0172,Mosquito Refill 45ml,Household,Pest Control,788,25.4,109532.0,-2.2,Regular consumer demand,Normal Trading,Low stock impact - 38 units missed opportunity,Stable,None,No Summer relevance,None,3% avg weekend uplift,0,38,Seasonal factor: No Summer relevance
March,2024,SKU0034,Raisins 250g,Grocery,Nuts,709,22.9,119821.0,14.4,Regular consumer demand,Normal Trading,Adequate inventory maintained,Stable,None,No Summer relevance,None,4% avg weekend uplift,0,0,Seasonal factor: No Summer relevance
March,2024,SKU0148,Mango 1kg,Fruits & Vegetables,Fruits,313,10.1,43507.0,-8.2,Regular consumer demand,Normal Trading,Stockout for 4 days - lost 31 units,Stable,None,No Summer relevance,None,9% avg weekend uplift,4,31,Seasonal factor: No Summer relevance; Inventory issue: Stockout for 4 days - lost 31 units
March,2024,SKU0157,Carrot 1kg,Fruits & Vegetables,Vegetables,903,29.1,46956.0,4.0,Regular consumer demand,Normal Trading,Adequate inventory maintained,Stable,None,No Summer relevance,None,9% avg weekend uplift,0,0,Seasonal factor: No Summer relevance
March,2024,SKU0107,Biscuit Pack 300g,Snacks,Biscuits,541,17.5,38952.0,2.7,Regular consumer demand,Normal Trading,Adequate inventory maintained,Stable,None,No Summer relevance,None,17% avg weekend uplift,0,0,Seasonal factor: No Summer relevance
March,2024,SKU0184,Shampoo Bottle 340ml,Personal Care,Hair Care,581,18.7,156289.0,-10.8,Regular consumer demand,Normal Trading,Low stock impact - 59 units missed opportunity,Moderate Decline,None,No Summer relevance,None,6% avg weekend uplift,0,59,Seasonal factor: No Summer relevance
March,2024,SKU0196,Baby Lotion 200ml,Personal Care,Baby Care,786,25.4,179994.0,20.7,Regular consumer demand,Weekend/Demand Surge,Adequate inventory maintained,Moderate Increase,None,No Summer relevance,None,6% avg weekend uplift,0,0,Seasonal factor: No Summer relevance
March,2024,SKU0200,Hand Sanitizer 500ml,Personal Care,Hygiene,811,26.2,128949.0,4.6,Regular consumer demand,Normal Trading,Adequate inventory maintained,Stable,None,No Summer relevance,None,6% avg weekend uplift,0,0,Seasonal factor: No Summer relevance
March,2024,SKU0208,Extension Box 4 socket,Electronics,Electrical,278,9.0,127602.0,12.1,Regular consumer demand,Normal Trading,Adequate inventory maintained,Stable,None,No Summer relevance,None,2% avg weekend uplift,0,0,Seasonal factor: No Summer relevance; Niche product - irregular demand pattern
March,2024,SKU0214,Rice Cooker 1.8L,Electronics,Appliances,205,6.6,430295.0,10.2,Regular consumer demand,Normal Trading,Adequate inventory maintained,Stable,None,No Summer relevance,None,2% avg weekend uplift,0,0,Seasonal factor: No Summer relevance; Niche product - irregular demand pattern
March,2024,SKU0289,Pooja Oil 500ml,Grocery,Religious,291,9.4,49179.0,-6.1,Regular consumer demand,Normal Trading,Stockout for 5 days - lost 34 units,Stable,None,No Summer relevance,None,4% avg weekend uplift,5,34,Seasonal factor: No Summer relevance; Inventory issue: Stockout for 5 days - lost 34 units
March,2024,SKU0295,Kids Festive Wear Medium,Lifestyle,Clothing,519,16.7,726081.0,11.6,Regular consumer demand,Normal Trading,Adequate inventory maintained,Stable,None,No Summer relevance,None,7% avg weekend uplift,0,0,Seasonal factor: No Summer relevance
March,2024,SKU0075,Imported Cheese 200g,Dairy,Dairy,223,7.2,51067.0,2.8,Regular consumer demand,Normal Trading,Adequate inventory maintained,Stable,None,No Summer relevance,None,2% avg weekend uplift,0,0,Seasonal factor: No Summer relevance; Niche product - irregular demand pattern
March,2024,SKU0235,Smart Watch Standard,Electronics,Electronics,224,7.2,514976.0,3.2,Regular consumer demand,Normal Trading,Adequate inventory maintained,Stable,None,No Summer relevance,None,2% avg weekend uplift,0,0,Seasonal factor: No Summer relevance; Niche product - irregular demand pattern
March,2024,SKU0072,Condensed Milk 400g,Dairy,Dairy,714,23.0,99246.0,21.2,Regular consumer demand,Weekend/Demand Surge,Adequate inventory maintained,Moderate Increase,None,No Summer relevance,None,7% avg weekend uplift,0,0,Seasonal factor: No Summer relevance
March,2024,SKU0117,Energy Bar 6pcs,Snacks,Health Bars,176,5.7,47344.0,-5.4,Regular consumer demand,Normal Trading,Low stock impact - 15 units missed opportunity,Stable,None,No Summer relevance,None,5% avg weekend uplift,0,15,Seasonal factor: No Summer relevance; Niche product - irregular demand pattern
March,2024,SKU0067,Cheese Slices 200g,Dairy,Dairy,530,17.1,63070.0,-5.0,Regular consumer demand,Normal Trading,Adequate inventory maintained,Stable,None,No Summer relevance,None,7% avg weekend uplift,0,0,Seasonal factor: No Summer relevance
March,2024,SKU0091,Mango Juice 1L,Beverages,Juices,1313,42.4,116857.0,122.9,Summer demand - Juice; Discount on beverages,Promotion - Summer Kickoff,Adequate inventory maintained,Strong Increase,None,Summer demand - Juice,Summer Kickoff,12% avg weekend uplift,0,0,Seasonal factor: Summer demand - Juice; Promotion active: Summer Kickoff; Significant demand spike - review forecast
March,2024,SKU0227,Dhoti Set XL,Lifestyle,Clothing,412,13.3,329188.0,20.8,Regular consumer demand,Weekend/Demand Surge,Adequate inventory maintained,Moderate Increase,None,No Summer relevance,None,7% avg weekend uplift,0,0,Seasonal factor: No Summer relevance
March,2024,SKU0279,Mobile Power Bank 10000mAh,Electronics,Electronics,215,6.9,300785.0,15.6,Regular consumer demand,Normal Trading,Adequate inventory maintained,Stable,None,No Summer relevance,None,2% avg weekend uplift,0,0,Seasonal factor: No Summer relevance; Niche product - irregular demand pattern
March,2024,SKU0056,Pasta 500g,Grocery,Pasta,727,23.5,57433.0,2.0,Regular consumer demand,Normal Trading,Adequate inventory maintained,Stable,None,No Summer relevance,None,4% avg weekend uplift,0,0,Seasonal factor: No Summer relevance
March,2024,SKU0177,Steel Tiffin Box 3-tier,Household,Kitchenware,134,4.3,61506.0,-13.5,Regular consumer demand,Normal Trading,Adequate inventory maintained,Moderate Decline,None,No Summer relevance,None,1% avg weekend uplift,0,0,Seasonal factor: No Summer relevance; Niche product - irregular demand pattern
March,2024,SKU0216,Emergency Lamp Rechargeable,Electronics,Lighting,227,7.3,181373.0,-8.5,Regular consumer demand,Normal Trading,Adequate inventory maintained,Stable,None,No Summer relevance,None,6% avg weekend uplift,0,0,Seasonal factor: No Summer relevance
March,2024,SKU0024,Turmeric Powder 200g,Grocery,Spices,609,19.6,37758.0,-6.5,Regular consumer demand,Normal Trading,Adequate inventory maintained,Stable,None,No Summer relevance,None,4% avg weekend uplift,0,0,Seasonal factor: No Summer relevance
March,2024,SKU0162,Decorative Lights 20m,Household,Decorations,655,21.1,300645.0,17.4,Regular consumer demand,Normal Trading,Adequate inventory maintained,Stable,None,No Summer relevance,None,3% avg weekend uplift,0,0,Seasonal factor: No Summer relevance
March,2024,SKU0163,Rangoli Powder 500g,Household,Decorations,351,11.3,21762.0,13.2,Regular consumer demand,Normal Trading,Adequate inventory maintained,Stable,None,No Summer relevance,None,3% avg weekend uplift,0,0,Seasonal factor: No Summer relevance
March,2024,SKU0064,Curd Cup 400g,Dairy,Dairy,878,28.3,36876.0,1.2,Regular consumer demand,Normal Trading,Adequate inventory maintained,Stable,None,No Summer relevance,None,7% avg weekend uplift,0,0,Seasonal factor: No Summer relevance
March,2024,SKU0126,Croissants 6pcs,Bakery,Bakery,155,5.0,21545.0,0.0,Regular consumer demand,Normal Trading,Adequate inventory maintained,Stable,None,No Summer relevance,None,3% avg weekend uplift,0,0,Seasonal factor: No Summer relevance; Niche product - irregular demand pattern
March,2024,SKU0134,Frozen Sweet Corn 500g,Frozen Foods,Frozen Foods,1203,38.8,119097.0,29.4,Regular consumer demand,Weekend/Demand Surge,Adequate inventory maintained,Moderate Increase,None,No Summer relevance,None,15% avg weekend uplift,0,0,Seasonal factor: No Summer relevance
March,2024,SKU0141,Green Chilli 250g,Fruits & Vegetables,Vegetables,1434,46.3,45888.0,15.6,Regular consumer demand,Normal Trading,Adequate inventory maintained,Stable,None,No Summer relevance,None,9% avg weekend uplift,0,0,Seasonal factor: No Summer relevance
March,2024,SKU0025,Chilli Powder 500g,Grocery,Spices,546,17.6,43134.0,3.6,Regular consumer demand,Normal Trading,Adequate inventory maintained,Stable,None,No Summer relevance,None,4% avg weekend uplift,0,0,Seasonal factor: No Summer relevance
March,2024,SKU0297,Temple Coconut Pack 5pcs,Fruits & Vegetables,Fruits,660,21.3,111540.0,12.1,Regular consumer demand,Normal Trading,Adequate inventory maintained,Stable,None,No Summer relevance,None,9% avg weekend uplift,0,0,Seasonal factor: No Summer relevance
March,2024,SKU0018,Ghee 500ml,Grocery,Ghee,664,21.4,178616.0,7.1,Regular consumer demand,Normal Trading,Adequate inventory maintained,Stable,None,No Summer relevance,None,4% avg weekend uplift,0,0,Seasonal factor: No Summer relevance
March,2024,SKU0174,Pressure Cooker 5L,Household,Cookware,134,4.3,160666.0,-13.5,Regular consumer demand,Normal Trading,Low stock impact - 5 units missed opportunity,Moderate Decline,None,No Summer relevance,None,1% avg weekend uplift,0,5,Seasonal factor: No Summer relevance; Niche product - irregular demand pattern
March,2024,SKU0175,Non-Stick Pan 28cm,Household,Cookware,220,7.1,175780.0,-11.3,Regular consumer demand,Normal Trading,Adequate inventory maintained,Moderate Decline,None,No Summer relevance,None,1% avg weekend uplift,0,0,Seasonal factor: No Summer relevance; Niche product - irregular demand pattern
March,2024,SKU0212,Electric Kettle 1.5L,Electronics,Appliances,95,3.1,113905.0,2.2,Regular consumer demand,Normal Trading,Adequate inventory maintained,Stable,None,No Summer relevance,None,2% avg weekend uplift,0,0,Seasonal factor: No Summer relevance; Niche product - irregular demand pattern
March,2024,SKU0270,Beard Oil 50ml,Personal Care,Grooming,158,5.1,42502.0,1.9,Regular consumer demand,Normal Trading,Adequate inventory maintained,Stable,None,No Summer relevance,None,2% avg weekend uplift,0,0,Seasonal factor: No Summer relevance; Niche product - irregular demand pattern
March,2024,SKU0033,Pistachios 250g,Grocery,Nuts,326,10.5,136594.0,-4.4,Regular consumer demand,Normal Trading,Adequate inventory maintained,Stable,None,No Summer relevance,None,4% avg weekend uplift,0,0,Seasonal factor: No Summer relevance
March,2024,SKU0048,Chicken Masala 100g,Grocery,Spices,724,23.4,28236.0,16.8,Regular consumer demand,Normal Trading,Adequate inventory maintained,Stable,None,No Summer relevance,None,4% avg weekend uplift,0,0,Seasonal factor: No Summer relevance
March,2024,SKU0049,Semiya Payasam Mix 200g,Grocery,Mixes,779,25.1,48298.0,47.8,"Ramadan demand surge - Semiya, Payasam",Festival - Ramadan,Adequate inventory maintained,Moderate Increase,Ramadan,No Summer relevance,None,4% avg weekend uplift,0,0,Festival demand: Ramadan; Seasonal factor: No Summer relevance
March,2024,SKU0231,Turmeric Plant Bundle,Fruits & Vegetables,Plants,442,14.3,34918.0,-10.9,Regular consumer demand,Normal Trading,Stockout for 3 days - lost 38 units,Moderate Decline,None,No Summer relevance,None,9% avg weekend uplift,3,38,Seasonal factor: No Summer relevance; Inventory issue: Stockout for 3 days - lost 38 units
March,2024,SKU0154,Grapes 500g,Fruits & Vegetables,Fruits,1049,33.8,124831.0,16.7,Regular consumer demand,Normal Trading,Adequate inventory maintained,Stable,None,No Summer relevance,None,9% avg weekend uplift,0,0,Seasonal factor: No Summer relevance
March,2024,SKU0085,Health Drink 500g,Beverages,Health Drinks,918,29.6,145962.0,2.1,Regular consumer demand,Normal Trading,Adequate inventory maintained,Stable,None,No Summer relevance,None,12% avg weekend uplift,0,0,Seasonal factor: No Summer relevance
March,2024,SKU0100,Electrolyte Drink 500ml,Beverages,Beverages,958,30.9,75682.0,93.1,Summer demand - Electrolyte,Seasonal - Summer,Adequate inventory maintained,Strong Increase,None,Summer demand - Electrolyte,None,12% avg weekend uplift,0,0,Seasonal factor: Summer demand - Electrolyte; Significant demand spike - review forecast
March,2024,SKU0255,Saffron 1g,Grocery,Spices,170,5.5,135830.0,-8.6,Regular consumer demand,Normal Trading,Adequate inventory maintained,Stable,None,No Summer relevance,None,1% avg weekend uplift,0,0,Seasonal factor: No Summer relevance; Niche product - irregular demand pattern
March,2024,SKU0073,Fresh Cream 250ml,Dairy,Dairy,471,15.2,37209.0,16.9,Regular consumer demand,Normal Trading,Adequate inventory maintained,Stable,None,No Summer relevance,None,7% avg weekend uplift,0,0,Seasonal factor: No Summer relevance
March,2024,SKU0012,Moong Dal 1kg,Grocery,Pulses,828,26.7,139932.0,11.3,Regular consumer demand,Normal Trading,Adequate inventory maintained,Stable,None,No Summer relevance,None,4% avg weekend uplift,0,0,Seasonal factor: No Summer relevance
March,2024,SKU0186,Toothpaste 200g,Personal Care,Oral Care,930,30.0,82770.0,20.0,Regular consumer demand,Normal Trading,Adequate inventory maintained,Stable,None,No Summer relevance,None,6% avg weekend uplift,0,0,Seasonal factor: No Summer relevance
March,2024,SKU0068,Buttermilk 200ml,Dairy,Beverages,968,31.2,22264.0,0.7,Regular consumer demand,Normal Trading,Low stock impact - 85 units missed opportunity,Stable,None,No Summer relevance,None,7% avg weekend uplift,0,85,Seasonal factor: No Summer relevance
March,2024,SKU0271,Wall Clock Standard,Household,Home Decor,30,1.0,9870.0,-3.2,Regular consumer demand,Normal Trading,Low stock impact - 4 units missed opportunity,Stable,None,No Summer relevance,None,1% avg weekend uplift,0,4,Seasonal factor: No Summer relevance
March,2024,SKU0282,Hand Blender Standard,Electronics,Appliances,113,3.6,158087.0,-8.9,Regular consumer demand,Normal Trading,Adequate inventory maintained,Stable,None,No Summer relevance,None,2% avg weekend uplift,0,0,Seasonal factor: No Summer relevance; Niche product - irregular demand pattern
March,2024,SKU0071,Ice Cream Cone Pack 6pcs,Dairy,Frozen,932,30.1,110908.0,200.6,Summer demand - Ice Cream,Seasonal - Summer,Adequate inventory maintained,Strong Increase,None,Summer demand - Ice Cream,None,7% avg weekend uplift,0,0,Seasonal factor: Summer demand - Ice Cream; Significant demand spike - review forecast
March,2024,SKU0188,Toothbrush 2pcs,Personal Care,Oral Care,988,31.9,137332.0,13.8,Regular consumer demand,Normal Trading,Adequate inventory maintained,Stable,None,No Summer relevance,None,6% avg weekend uplift,0,0,Seasonal factor: No Summer relevance
March,2024,SKU0266,Toilet Cleaner 1L,Household,Cleaning,1021,32.9,172549.0,17.6,Regular consumer demand,Normal Trading,Adequate inventory maintained,Stable,None,No Summer relevance,None,3% avg weekend uplift,0,0,Seasonal factor: No Summer relevance
March,2024,SKU0125,Rusks 300g,Bakery,Bakery,889,28.7,55118.0,24.7,Regular consumer demand,Weekend/Demand Surge,Adequate inventory maintained,Moderate Increase,None,No Summer relevance,None,10% avg weekend uplift,0,0,Seasonal factor: No Summer relevance
March,2024,SKU0032,Almonds 500g,Grocery,Nuts,577,18.6,287923.0,9.5,Regular consumer demand,Normal Trading,Adequate inventory maintained,Stable,None,No Summer relevance,None,4% avg weekend uplift,0,0,Seasonal factor: No Summer relevance
March,2024,SKU0053,Chia Seeds 250g,Grocery,Seeds,160,5.2,36640.0,-14.0,Regular consumer demand,Normal Trading,Adequate inventory maintained,Moderate Decline,None,No Summer relevance,None,1% avg weekend uplift,0,0,Seasonal factor: No Summer relevance; Niche product - irregular demand pattern
March,2024,SKU0087,Soft Drink Cola 2L,Beverages,Soft Drinks,756,24.4,59724.0,87.6,Summer demand - Soft Drink,Seasonal - Summer,Low stock impact - 31 units missed opportunity,Strong Increase,None,Summer demand - Soft Drink,None,12% avg weekend uplift,0,31,Seasonal factor: Summer demand - Soft Drink; Significant demand spike - review forecast
March,2024,SKU0088,Soft Drink Orange 2L,Beverages,Soft Drinks,1209,39.0,95511.0,105.3,Summer demand - Soft Drink,Seasonal - Summer,Adequate inventory maintained,Strong Increase,None,Summer demand - Soft Drink,None,12% avg weekend uplift,0,0,Seasonal factor: Summer demand - Soft Drink; Significant demand spike - review forecast
March,2024,SKU0102,Magic Masala Chips 75g,Snacks,Chips,1139,36.7,36448.0,26.7,Regular consumer demand,Weekend/Demand Surge,Low stock impact - 29 units missed opportunity,Moderate Increase,None,No Summer relevance,None,17% avg weekend uplift,0,29,Seasonal factor: No Summer relevance
March,2024,SKU0133,Frozen Peas 500g,Frozen Foods,Frozen Foods,1028,33.2,91492.0,27.5,Regular consumer demand,Weekend/Demand Surge,Adequate inventory maintained,Moderate Increase,None,No Summer relevance,None,15% avg weekend uplift,0,0,Seasonal factor: No Summer relevance
March,2024,SKU0170,Aluminum Foil 9m,Household,Kitchen,508,16.4,45212.0,2.4,Regular consumer demand,Normal Trading,Stockout for 2 days - lost 21 units,Stable,None,No Summer relevance,None,3% avg weekend uplift,2,21,Seasonal factor: No Summer relevance; Inventory issue: Stockout for 2 days - lost 21 units
March,2024,SKU0204,School Bag Medium,Stationery,Bags,553,17.8,441847.0,-6.1,Regular consumer demand,Normal Trading,Adequate inventory maintained,Stable,None,No Summer relevance,None,3% avg weekend uplift,0,0,Seasonal factor: No Summer relevance
March,2024,SKU0209,Mobile Charger 18W,Electronics,Electronics,255,8.2,157845.0,2.8,Regular consumer demand,Normal Trading,Adequate inventory maintained,Stable,None,No Summer relevance,None,2% avg weekend uplift,0,0,Seasonal factor: No Summer relevance; Niche product - irregular demand pattern
March,2024,SKU0288,Prayer Oil Lamp Brass,Household,Religious,644,20.8,269836.0,9.3,Regular consumer demand,Normal Trading,Adequate inventory maintained,Stable,None,No Summer relevance,None,3% avg weekend uplift,0,0,Seasonal factor: No Summer relevance
March,2024,SKU0146,Pomegranate 1kg,Fruits & Vegetables,Fruits,475,15.3,127775.0,17.9,Regular consumer demand,Normal Trading,Adequate inventory maintained,Stable,None,No Summer relevance,None,9% avg weekend uplift,0,0,Seasonal factor: No Summer relevance
March,2024,SKU0104,Mixture Snacks 500g,Snacks,Traditional Snacks,672,21.7,113568.0,27.5,Regular consumer demand,Weekend/Demand Surge,Adequate inventory maintained,Moderate Increase,None,No Summer relevance,None,17% avg weekend uplift,0,0,Seasonal factor: No Summer relevance
March,2024,SKU0137,Frozen Momos 500g,Frozen Foods,Frozen Foods,231,7.5,45969.0,-6.9,Regular consumer demand,Normal Trading,Adequate inventory maintained,Stable,None,No Summer relevance,None,4% avg weekend uplift,0,0,Seasonal factor: No Summer relevance; Niche product - irregular demand pattern
March,2024,SKU0004,Raw Rice 25kg,Grocery,Rice,617,19.9,924883.0,-5.2,Regular consumer demand,Normal Trading,Low stock impact - 62 units missed opportunity,Stable,None,No Summer relevance,None,4% avg weekend uplift,0,62,Seasonal factor: No Summer relevance
March,2024,SKU0129,Garlic Bread 200g,Bakery,Bakery,240,7.7,17280.0,10.6,Regular consumer demand,Normal Trading,Adequate inventory maintained,Stable,None,No Summer relevance,None,3% avg weekend uplift,0,0,Seasonal factor: No Summer relevance; Niche product - irregular demand pattern
March,2024,SKU0142,Ginger 250g,Fruits & Vegetables,Vegetables,637,20.5,39494.0,8.1,Regular consumer demand,Normal Trading,Adequate inventory maintained,Stable,None,No Summer relevance,None,9% avg weekend uplift,0,0,Seasonal factor: No Summer relevance
March,2024,SKU0006,Wheat Flour Atta 5kg,Grocery,Atta,837,27.0,241893.0,-6.9,Regular consumer demand,Normal Trading,Adequate inventory maintained,Stable,None,No Summer relevance,None,4% avg weekend uplift,0,0,Seasonal factor: No Summer relevance
March,2024,SKU0122,Pizza Base 200g,Bakery,Bakery,235,7.6,14570.0,-5.2,Regular consumer demand,Normal Trading,Adequate inventory maintained,Stable,None,No Summer relevance,None,3% avg weekend uplift,0,0,Seasonal factor: No Summer relevance; Niche product - irregular demand pattern
March,2024,SKU0109,Chocolate Gift Box 500g,Snacks,Chocolates,457,14.7,209763.0,34.0,Regular consumer demand,Weekend/Demand Surge,Adequate inventory maintained,Moderate Increase,None,No Summer relevance,None,17% avg weekend uplift,0,0,Seasonal factor: No Summer relevance
March,2024,SKU0215,Induction Stove 1800W,Electronics,Appliances,230,7.4,712770.0,6.0,Regular consumer demand,Normal Trading,Adequate inventory maintained,Stable,None,No Summer relevance,None,2% avg weekend uplift,0,0,Seasonal factor: No Summer relevance; Niche product - irregular demand pattern
March,2024,SKU0190,Talcum Powder 400g,Personal Care,Skin Care,989,31.9,88021.0,6.3,Regular consumer demand,Normal Trading,Adequate inventory maintained,Stable,None,No Summer relevance,None,6% avg weekend uplift,0,0,Seasonal factor: No Summer relevance
March,2024,SKU0223,Blanket Double,Lifestyle,Bedding,655,21.1,785345.0,11.2,Regular consumer demand,Normal Trading,Adequate inventory maintained,Stable,None,No Summer relevance,None,7% avg weekend uplift,0,0,Seasonal factor: No Summer relevance
March,2024,SKU0180,Kumkum Powder 50g,Household,Religious,409,13.2,17178.0,1.5,Regular consumer demand,Normal Trading,Adequate inventory maintained,Stable,None,No Summer relevance,None,3% avg weekend uplift,0,0,Seasonal factor: No Summer relevance
March,2024,SKU0247,Cheese Popcorn 100g,Snacks,Snacks,168,5.4,10416.0,-9.7,Regular consumer demand,Normal Trading,Adequate inventory maintained,Stable,None,No Summer relevance,None,5% avg weekend uplift,0,0,Seasonal factor: No Summer relevance; Niche product - irregular demand pattern
March,2024,SKU0001,Ponni Rice 25kg,Grocery,Rice,712,23.0,1138488.0,4.4,Regular consumer demand,Normal Trading,Low stock impact - 59 units missed opportunity,Stable,None,No Summer relevance,None,4% avg weekend uplift,0,59,Seasonal factor: No Summer relevance
March,2024,SKU0241,Coconut Biscuits 200g,Snacks,Biscuits,589,19.0,30628.0,5.6,Regular consumer demand,Normal Trading,Adequate inventory maintained,Stable,None,No Summer relevance,None,17% avg weekend uplift,0,0,Seasonal factor: No Summer relevance
March,2024,SKU0248,Fruit Jam 500g,Grocery,Spreads,1100,35.5,152900.0,18.3,Regular consumer demand,Normal Trading,Adequate inventory maintained,Stable,None,No Summer relevance,None,4% avg weekend uplift,0,0,Seasonal factor: No Summer relevance
March,2024,SKU0252,Fruit Cake 300g,Bakery,Bakery,472,15.2,79768.0,1.5,Regular consumer demand,Normal Trading,Adequate inventory maintained,Stable,None,No Summer relevance,None,10% avg weekend uplift,0,0,Seasonal factor: No Summer relevance
March,2024,SKU0159,Agarbathi 100 sticks,Household,Religious,886,28.6,69994.0,5.9,Regular consumer demand,Normal Trading,Adequate inventory maintained,Stable,None,No Summer relevance,None,3% avg weekend uplift,0,0,Seasonal factor: No Summer relevance
March,2024,SKU0005,Basmati Rice 5kg,Grocery,Rice,1467,47.3,1216143.0,57.7,Ramadan demand surge - Basmati,Festival - Ramadan,Adequate inventory maintained,Strong Increase,Ramadan,No Summer relevance,None,4% avg weekend uplift,0,0,Festival demand: Ramadan; Seasonal factor: No Summer relevance; Significant demand spike - review forecast
March,2024,SKU0217,Smart LED Strip Lights 5m,Electronics,Lighting,287,9.3,344113.0,2.9,Regular consumer demand,Normal Trading,Stockout for 2 days - lost 12 units,Stable,None,No Summer relevance,None,6% avg weekend uplift,2,12,Seasonal factor: No Summer relevance; Inventory issue: Stockout for 2 days - lost 12 units
March,2024,SKU0076,Flavored Milk 200ml,Dairy,Beverages,889,28.7,20447.0,-4.4,Regular consumer demand,Normal Trading,Adequate inventory maintained,Stable,None,No Summer relevance,None,7% avg weekend uplift,0,0,Seasonal factor: No Summer relevance
March,2024,SKU0101,Lays Chips 50g,Snacks,Chips,789,25.5,14991.0,10.7,Regular consumer demand,Normal Trading,Adequate inventory maintained,Stable,None,No Summer relevance,None,17% avg weekend uplift,0,0,Seasonal factor: No Summer relevance
March,2024,SKU0098,Lemon Juice 600ml,Beverages,Juices,705,22.7,43710.0,89.5,Summer demand - Juice,Seasonal - Summer,Adequate inventory maintained,Strong Increase,None,Summer demand - Juice,None,12% avg weekend uplift,0,0,Seasonal factor: Summer demand - Juice; Significant demand spike - review forecast
March,2024,SKU0015,Sunflower Oil 1L,Grocery,Oil,941,30.4,111979.0,12.4,Regular consumer demand,Normal Trading,Low stock impact - 58 units missed opportunity,Stable,None,No Summer relevance,None,4% avg weekend uplift,0,58,Seasonal factor: No Summer relevance
March,2024,SKU0113,Kids Chocolate Pack,Snacks,Chocolates,742,23.9,273798.0,33.0,Regular consumer demand,Weekend/Demand Surge,Adequate inventory maintained,Moderate Increase,None,No Summer relevance,None,17% avg weekend uplift,0,0,Seasonal factor: No Summer relevance
March,2024,SKU0152,Jasmine Flowers 100g,Fruits & Vegetables,Flowers,227,7.3,14074.0,-8.5,Regular consumer demand,Normal Trading,Low stock impact - 23 units missed opportunity,Stable,None,No Summer relevance,None,9% avg weekend uplift,0,23,Seasonal factor: No Summer relevance
March,2024,SKU0043,Oats 1kg,Grocery,Breakfast,880,28.4,157520.0,1.4,Regular consumer demand,Normal Trading,Adequate inventory maintained,Stable,None,No Summer relevance,None,4% avg weekend uplift,0,0,Seasonal factor: No Summer relevance
March,2024,SKU0219,Raincoat XL,Lifestyle,Rainwear,321,10.4,134499.0,3.5,Regular consumer demand,Normal Trading,Adequate inventory maintained,Stable,None,No Summer relevance,None,7% avg weekend uplift,0,0,Seasonal factor: No Summer relevance
March,2024,SKU0003,Idly Rice 10kg,Grocery,Rice,828,26.7,992772.0,16.1,Regular consumer demand,Normal Trading,Adequate inventory maintained,Stable,None,No Summer relevance,None,4% avg weekend uplift,0,0,Seasonal factor: No Summer relevance
March,2024,SKU0222,Pillow Cover Pair,Lifestyle,Bedding,1092,35.2,250068.0,17.4,Regular consumer demand,Normal Trading,Adequate inventory maintained,Stable,None,No Summer relevance,None,7% avg weekend uplift,0,0,Seasonal factor: No Summer relevance
March,2024,SKU0144,Banana 1 dozen,Fruits & Vegetables,Fruits,1272,41.0,53424.0,0.1,Regular consumer demand,Normal Trading,Adequate inventory maintained,Stable,None,No Summer relevance,None,9% avg weekend uplift,0,0,Seasonal factor: No Summer relevance
March,2024,SKU0249,Choco Spread 350g,Grocery,Spreads,224,7.2,60256.0,-9.7,Regular consumer demand,Normal Trading,Adequate inventory maintained,Stable,None,No Summer relevance,None,1% avg weekend uplift,0,0,Seasonal factor: No Summer relevance; Niche product - irregular demand pattern
March,2024,SKU0055,Instant Noodles 12 Pack,Grocery,Instant Foods,495,16.0,68805.0,6.5,Regular consumer demand,Normal Trading,Adequate inventory maintained,Stable,None,No Summer relevance,None,4% avg weekend uplift,0,0,Seasonal factor: No Summer relevance
March,2024,SKU0010,Toor Dal 1kg,Grocery,Pulses,756,24.4,135324.0,-6.2,Regular consumer demand,Normal Trading,Low stock impact - 18 units missed opportunity,Stable,None,No Summer relevance,None,4% avg weekend uplift,0,18,Seasonal factor: No Summer relevance
March,2024,SKU0066,Paneer 200g,Dairy,Dairy,1004,32.4,79316.0,15.7,Regular consumer demand,Normal Trading,Adequate inventory maintained,Stable,None,No Summer relevance,None,7% avg weekend uplift,0,0,Seasonal factor: No Summer relevance
March,2024,SKU0045,Peanut Butter 1kg,Grocery,Spreads,275,8.9,101475.0,10.9,Regular consumer demand,Normal Trading,Adequate inventory maintained,Stable,None,No Summer relevance,None,1% avg weekend uplift,0,0,Seasonal factor: No Summer relevance; Niche product - irregular demand pattern
March,2024,SKU0171,Tissue Paper 200 pulls,Household,Household,640,20.6,39680.0,-10.2,Regular consumer demand,Normal Trading,Low stock impact - 20 units missed opportunity,Moderate Decline,None,No Summer relevance,None,3% avg weekend uplift,0,20,Seasonal factor: No Summer relevance
March,2024,SKU0169,Garbage Bags 30pcs,Household,Household,618,19.9,73542.0,10.8,Regular consumer demand,Normal Trading,Adequate inventory maintained,Stable,None,No Summer relevance,None,3% avg weekend uplift,0,0,Seasonal factor: No Summer relevance
March,2024,SKU0189,Face Wash 100ml,Personal Care,Skin Care,877,28.3,121903.0,-5.7,Regular consumer demand,Normal Trading,Adequate inventory maintained,Stable,None,No Summer relevance,None,6% avg weekend uplift,0,0,Seasonal factor: No Summer relevance
March,2024,SKU0277,Candle Pack 20pcs,Household,Religious,507,16.4,40053.0,-9.1,Regular consumer demand,Normal Trading,Adequate inventory maintained,Stable,None,No Summer relevance,None,3% avg weekend uplift,0,0,Seasonal factor: No Summer relevance
March,2024,SKU0039,Ready Pongal Mix 500g,Grocery,Mixes,532,17.2,42028.0,14.4,Regular consumer demand,Normal Trading,Adequate inventory maintained,Stable,None,No Summer relevance,None,4% avg weekend uplift,0,0,Seasonal factor: No Summer relevance
March,2024,SKU0041,Papad 200g,Grocery,Snacks,748,24.1,31416.0,-3.5,Regular consumer demand,Normal Trading,Adequate inventory maintained,Stable,None,No Summer relevance,None,4% avg weekend uplift,0,0,Seasonal factor: No Summer relevance
March,2024,SKU0194,Sanitary Pads XL Pack,Personal Care,Feminine Care,508,16.4,70612.0,9.2,Regular consumer demand,Normal Trading,Low stock impact - 46 units missed opportunity,Stable,None,No Summer relevance,None,6% avg weekend uplift,0,46,Seasonal factor: No Summer relevance
March,2024,SKU0201,Notebook A4 200 pages,Stationery,Stationery,107,3.5,8453.0,-13.7,Regular consumer demand,Normal Trading,Adequate inventory maintained,Moderate Decline,None,No Summer relevance,None,1% avg weekend uplift,0,0,Seasonal factor: No Summer relevance
March,2024,SKU0280,Bluetooth Earbuds TWS,Electronics,Electronics,204,6.6,468996.0,-17.7,Regular consumer demand,Normal Trading,Low stock impact - 14 units missed opportunity,Moderate Decline,None,No Summer relevance,None,2% avg weekend uplift,0,14,Seasonal factor: No Summer relevance; Niche product - irregular demand pattern
March,2024,SKU0030,Cardamom 50g,Grocery,Spices,842,27.2,226498.0,35.8,Ramadan demand surge - Cardamom,Festival - Ramadan,Stockout for 4 days - lost 95 units,Moderate Increase,Ramadan,No Summer relevance,None,4% avg weekend uplift,4,95,Festival demand: Ramadan; Seasonal factor: No Summer relevance; Inventory issue: Stockout for 4 days - lost 95 units
March,2024,SKU0038,Millet Mix 1kg,Grocery,Grains,96,3.1,13344.0,3.2,Regular consumer demand,Normal Trading,Adequate inventory maintained,Stable,None,No Summer relevance,None,1% avg weekend uplift,0,0,Seasonal factor: No Summer relevance; Niche product - irregular demand pattern
March,2024,SKU0220,Travel Bag Medium,Lifestyle,Luggage,146,4.7,204254.0,-5.8,Regular consumer demand,Normal Trading,Adequate inventory maintained,Stable,None,No Summer relevance,None,2% avg weekend uplift,0,0,Seasonal factor: No Summer relevance; Niche product - irregular demand pattern
March,2024,SKU0140,Potato 1kg,Fruits & Vegetables,Vegetables,1509,48.7,34707.0,10.6,Regular consumer demand,Normal Trading,Stockout for 4 days - lost 169 units,Stable,None,No Summer relevance,None,9% avg weekend uplift,4,169,Seasonal factor: No Summer relevance; Inventory issue: Stockout for 4 days - lost 169 units
March,2024,SKU0251,Herbal Tea 100g,Beverages,Tea,276,8.9,63204.0,11.3,Regular consumer demand,Normal Trading,Adequate inventory maintained,Stable,None,No Summer relevance,None,3% avg weekend uplift,0,0,Seasonal factor: No Summer relevance; Niche product - irregular demand pattern
March,2024,SKU0257,Sweet Corn Soup 50g,Grocery,Instant Foods,503,16.2,21126.0,8.2,Regular consumer demand,Normal Trading,Adequate inventory maintained,Stable,None,No Summer relevance,None,4% avg weekend uplift,0,0,Seasonal factor: No Summer relevance
March,2024,SKU0065,Butter 100g,Dairy,Dairy,640,20.6,56960.0,-1.7,Regular consumer demand,Normal Trading,Adequate inventory maintained,Stable,None,No Summer relevance,None,7% avg weekend uplift,0,0,Seasonal factor: No Summer relevance
March,2024,SKU0285,Steel Plates Set 6pcs,Household,Kitchenware,90,2.9,55710.0,-3.2,Regular consumer demand,Normal Trading,Adequate inventory maintained,Stable,None,No Summer relevance,None,1% avg weekend uplift,0,0,Seasonal factor: No Summer relevance; Niche product - irregular demand pattern
March,2024,SKU0155,Pineapple Per Piece,Fruits & Vegetables,Fruits,865,27.9,62280.0,-7.0,Regular consumer demand,Normal Trading,Adequate inventory maintained,Stable,None,No Summer relevance,None,9% avg weekend uplift,0,0,Seasonal factor: No Summer relevance
March,2024,SKU0292,Fruit Basket Combo,Fruits & Vegetables,Fruits,420,13.5,175980.0,-3.2,Regular consumer demand,Normal Trading,Adequate inventory maintained,Stable,None,No Summer relevance,None,9% avg weekend uplift,0,0,Seasonal factor: No Summer relevance
March,2024,SKU0265,Laundry Liquid 1L,Household,Laundry,820,26.5,187780.0,10.2,Regular consumer demand,Normal Trading,Adequate inventory maintained,Stable,None,No Summer relevance,None,3% avg weekend uplift,0,0,Seasonal factor: No Summer relevance
March,2024,SKU0173,Room Freshener 240ml,Household,Air Freshener,182,5.9,28938.0,-2.2,Regular consumer demand,Normal Trading,Adequate inventory maintained,Stable,None,No Summer relevance,None,1% avg weekend uplift,0,0,Seasonal factor: No Summer relevance; Niche product - irregular demand pattern
March,2024,SKU0151,Betel Leaves 1 Pack,Fruits & Vegetables,Leaves,661,21.3,27762.0,12.2,Regular consumer demand,Normal Trading,Adequate inventory maintained,Stable,None,No Summer relevance,None,9% avg weekend uplift,0,0,Seasonal factor: No Summer relevance
March,2024,SKU0063,Fresh Milk 500ml,Dairy,Milk,970,31.3,25220.0,-8.0,Regular consumer demand,Normal Trading,Adequate inventory maintained,Stable,None,No Summer relevance,None,7% avg weekend uplift,0,0,Seasonal factor: No Summer relevance
March,2024,SKU0240,Herbal Shampoo 400ml,Personal Care,Hair Care,470,15.2,107630.0,-5.2,Regular consumer demand,Normal Trading,Adequate inventory maintained,Stable,None,No Summer relevance,None,6% avg weekend uplift,0,0,Seasonal factor: No Summer relevance
March,2024,SKU0224,Towels Bath Size,Lifestyle,Bedding,1011,32.6,332619.0,12.5,Regular consumer demand,Normal Trading,Adequate inventory maintained,Stable,None,No Summer relevance,None,7% avg weekend uplift,0,0,Seasonal factor: No Summer relevance
March,2024,SKU0082,Tea Powder 1kg,Beverages,Tea,701,22.6,195579.0,13.1,Regular consumer demand,Normal Trading,Adequate inventory maintained,Stable,None,No Summer relevance,None,12% avg weekend uplift,0,0,Seasonal factor: No Summer relevance
March,2024,SKU0158,Beetroot 1kg,Fruits & Vegetables,Vegetables,983,31.7,41286.0,22.0,Regular consumer demand,Weekend/Demand Surge,Adequate inventory maintained,Moderate Increase,None,No Summer relevance,None,9% avg weekend uplift,0,0,Seasonal factor: No Summer relevance
March,2024,SKU0296,Puja Flowers Combo,Fruits & Vegetables,Flowers,700,22.6,188300.0,18.8,Regular consumer demand,Normal Trading,Adequate inventory maintained,Stable,None,No Summer relevance,None,9% avg weekend uplift,0,0,Seasonal factor: No Summer relevance
March,2024,SKU0165,Floor Cleaner 1L,Household,Cleaning,570,18.4,96330.0,-3.2,Regular consumer demand,Normal Trading,Adequate inventory maintained,Stable,None,No Summer relevance,None,3% avg weekend uplift,0,0,Seasonal factor: No Summer relevance
March,2024,SKU0118,Protein Chips 100g,Snacks,Health Snacks,169,5.5,23491.0,-9.1,Regular consumer demand,Normal Trading,Adequate inventory maintained,Stable,None,No Summer relevance,None,5% avg weekend uplift,0,0,Seasonal factor: No Summer relevance; Niche product - irregular demand pattern
March,2024,SKU0136,Frozen Pizza 300g,Frozen Foods,Frozen Foods,165,5.3,27885.0,-11.3,Regular consumer demand,Normal Trading,Adequate inventory maintained,Moderate Decline,None,No Summer relevance,None,4% avg weekend uplift,0,0,Seasonal factor: No Summer relevance; Niche product - irregular demand pattern
March,2024,SKU0283,Pressure Pan 3L,Household,Cookware,164,5.3,131036.0,5.8,Regular consumer demand,Normal Trading,Adequate inventory maintained,Stable,None,No Summer relevance,None,1% avg weekend uplift,0,0,Seasonal factor: No Summer relevance; Niche product - irregular demand pattern
March,2024,SKU0058,Tomato Ketchup 1kg,Grocery,Condiments,989,31.9,137471.0,6.3,Regular consumer demand,Normal Trading,Adequate inventory maintained,Stable,None,No Summer relevance,None,4% avg weekend uplift,0,0,Seasonal factor: No Summer relevance
March,2024,SKU0267,Face Cream 200ml,Personal Care,Skin Care,473,15.3,108317.0,1.7,Regular consumer demand,Normal Trading,Adequate inventory maintained,Stable,None,No Summer relevance,None,6% avg weekend uplift,0,0,Seasonal factor: No Summer relevance
March,2024,SKU0061,Fresh Milk 1L,Dairy,Milk,1050,33.9,54600.0,12.9,Regular consumer demand,Normal Trading,Low stock impact - 47 units missed opportunity,Stable,None,No Summer relevance,None,7% avg weekend uplift,0,47,Seasonal factor: No Summer relevance
March,2024,SKU0080,Chocolate Milk 180ml,Dairy,Beverages,538,17.4,22596.0,-3.6,Regular consumer demand,Normal Trading,Adequate inventory maintained,Stable,None,No Summer relevance,None,7% avg weekend uplift,0,0,Seasonal factor: No Summer relevance
March,2024,SKU0207,LED Bulb 9W,Electronics,Lighting,953,30.7,132467.0,6.0,Regular consumer demand,Normal Trading,Adequate inventory maintained,Stable,None,No Summer relevance,None,6% avg weekend uplift,0,0,Seasonal factor: No Summer relevance
March,2024,SKU0195,Baby Diapers 42pcs,Personal Care,Baby Care,740,23.9,591260.0,-4.5,Regular consumer demand,Normal Trading,Adequate inventory maintained,Stable,None,No Summer relevance,None,6% avg weekend uplift,0,0,Seasonal factor: No Summer relevance
April,2024,SKU0264,Air Freshener Spray 300ml,Household,Air Freshener,132,4.4,20988.0,10.0,Regular consumer demand,Normal Trading,Adequate inventory maintained,Stable,None,No Summer relevance,None,1% avg weekend uplift,0,0,Seasonal factor: No Summer relevance; Niche product - irregular demand pattern
April,2024,SKU0176,Water Bottle 1L,Household,Kitchenware,827,27.6,189383.0,6.0,Regular consumer demand,Normal Trading,Low stock impact - 64 units missed opportunity,Stable,None,No Summer relevance,None,3% avg weekend uplift,0,64,Seasonal factor: No Summer relevance
April,2024,SKU0060,Black Channa 1kg,Grocery,Pulses,402,13.4,39798.0,-10.7,Regular consumer demand,Normal Trading,Adequate inventory maintained,Moderate Decline,None,No Summer relevance,None,5% avg weekend uplift,0,0,Seasonal factor: No Summer relevance
April,2024,SKU0094,Energy Drink 250ml,Beverages,Beverages,247,8.2,34333.0,17.6,Regular consumer demand,Normal Trading,Adequate inventory maintained,Stable,None,No Summer relevance,None,4% avg weekend uplift,0,0,Seasonal factor: No Summer relevance; Niche product - irregular demand pattern
April,2024,SKU0097,Green Tea 100g,Beverages,Tea,136,4.5,22984.0,13.3,Regular consumer demand,Normal Trading,Adequate inventory maintained,Stable,None,No Summer relevance,None,4% avg weekend uplift,0,0,Seasonal factor: No Summer relevance; Niche product - irregular demand pattern
April,2024,SKU0062,Fresh Milk 1L,Dairy,Milk,1146,38.2,58446.0,-4.5,Regular consumer demand,Normal Trading,Stockout for 2 days - lost 64 units,Stable,None,No Summer relevance,None,7% avg weekend uplift,2,64,Seasonal factor: No Summer relevance; Inventory issue: Stockout for 2 days - lost 64 units
April,2024,SKU0138,Tomato 1kg,Fruits & Vegetables,Vegetables,1217,40.6,51114.0,12.7,Regular consumer demand,Normal Trading,Adequate inventory maintained,Stable,None,No Summer relevance,None,9% avg weekend uplift,0,0,Seasonal factor: No Summer relevance
April,2024,SKU0139,Onion 1kg,Fruits & Vegetables,Vegetables,1009,33.6,32288.0,-1.1,Regular consumer demand,Normal Trading,Adequate inventory maintained,Stable,None,No Summer relevance,None,9% avg weekend uplift,0,0,Seasonal factor: No Summer relevance
April,2024,SKU0294,Men's Kurta Set XL,Lifestyle,Clothing,493,16.4,1034807.0,26.4,Tamil New Year demand surge - Festival,Festival - Tamil New Year,Adequate inventory maintained,Moderate Increase,Tamil New Year,No Summer relevance,None,7% avg weekend uplift,0,0,Festival demand: Tamil New Year; Seasonal factor: No Summer relevance
April,2024,SKU0123,Muffins 2pcs,Bakery,Bakery,219,7.3,17301.0,-8.8,Regular consumer demand,Normal Trading,Adequate inventory maintained,Stable,None,No Summer relevance,None,3% avg weekend uplift,0,0,Seasonal factor: No Summer relevance; Niche product - irregular demand pattern
April,2024,SKU0178,Pooja Plate Set,Household,Religious,436,14.5,117284.0,21.1,"Tamil New Year demand surge - Festival, Pooja, Religious",Festival - Tamil New Year,Adequate inventory maintained,Moderate Increase,Tamil New Year,No Summer relevance,None,3% avg weekend uplift,0,0,Festival demand: Tamil New Year; Seasonal factor: No Summer relevance
April,2024,SKU0206,Gift Wrap Paper 5 sheets,Stationery,Gift Wrap,360,12.0,22320.0,9.1,"Tamil New Year demand surge - Festival, Gift",Festival - Tamil New Year,Adequate inventory maintained,Stable,Tamil New Year,No Summer relevance,None,3% avg weekend uplift,0,0,Festival demand: Tamil New Year; Seasonal factor: No Summer relevance
April,2024,SKU0021,Sugar 1kg,Grocery,Sweeteners,594,19.8,24948.0,16.5,Regular consumer demand,Normal Trading,Adequate inventory maintained,Stable,None,No Summer relevance,None,5% avg weekend uplift,0,0,Seasonal factor: No Summer relevance
April,2024,SKU0132,Frozen Nuggets 500g,Frozen Foods,Frozen Foods,262,8.7,59998.0,9.2,Regular consumer demand,Normal Trading,Adequate inventory maintained,Stable,None,No Summer relevance,None,5% avg weekend uplift,0,0,Seasonal factor: No Summer relevance; Niche product - irregular demand pattern
April,2024,SKU0268,Lip Balm 10g,Personal Care,Lip Care,573,19.1,45267.0,0.5,Regular consumer demand,Normal Trading,Adequate inventory maintained,Stable,None,No Summer relevance,None,6% avg weekend uplift,0,0,Seasonal factor: No Summer relevance
April,2024,SKU0086,Health Drink 1kg,Beverages,Health Drinks,831,27.7,273399.0,10.8,Regular consumer demand,Normal Trading,Low stock impact - 82 units missed opportunity,Stable,None,No Summer relevance,None,12% avg weekend uplift,0,82,Seasonal factor: No Summer relevance
April,2024,SKU0130,Frozen Parotta 400g,Frozen Foods,Frozen Foods,624,20.8,38688.0,9.5,Regular consumer demand,Normal Trading,Adequate inventory maintained,Stable,None,No Summer relevance,None,15% avg weekend uplift,0,0,Seasonal factor: No Summer relevance
April,2024,SKU0081,Tea Powder 1kg,Beverages,Tea,622,20.7,167318.0,-1.3,Regular consumer demand,Normal Trading,Adequate inventory maintained,Stable,None,No Summer relevance,None,12% avg weekend uplift,0,0,Seasonal factor: No Summer relevance
April,2024,SKU0084,Instant Coffee 200g,Beverages,Coffee,506,16.9,85514.0,-0.8,Regular consumer demand,Normal Trading,Adequate inventory maintained,Stable,None,No Summer relevance,None,12% avg weekend uplift,0,0,Seasonal factor: No Summer relevance
April,2024,SKU0246,Frozen Chapati 20pcs,Frozen Foods,Frozen Foods,806,26.9,112034.0,7.5,Regular consumer demand,Normal Trading,Adequate inventory maintained,Stable,None,No Summer relevance,None,15% avg weekend uplift,0,0,Seasonal factor: No Summer relevance
April,2024,SKU0291,Christmas Chocolates 24pcs,Snacks,Chocolates,359,12.0,502241.0,19.7,Regular consumer demand,Normal Trading,Low stock impact - 32 units missed opportunity,Stable,None,No Summer relevance,None,18% avg weekend uplift,0,32,Seasonal factor: No Summer relevance
April,2024,SKU0026,Coriander Powder 200g,Grocery,Spices,569,19.0,29588.0,-0.2,Regular consumer demand,Normal Trading,Adequate inventory maintained,Stable,None,No Summer relevance,None,5% avg weekend uplift,0,0,Seasonal factor: No Summer relevance
April,2024,SKU0036,Vermicelli 500g,Grocery,Pasta,280,9.3,20160.0,16.7,Ramadan demand surge - Vermicelli,Festival - Ramadan,Adequate inventory maintained,Stable,Ramadan,No Summer relevance,None,5% avg weekend uplift,0,0,Festival demand: Ramadan; Seasonal factor: No Summer relevance
April,2024,SKU0077,Lassi 200ml,Dairy,Beverages,824,27.5,26368.0,-8.4,Regular consumer demand,Normal Trading,Adequate inventory maintained,Stable,None,No Summer relevance,None,7% avg weekend uplift,0,0,Seasonal factor: No Summer relevance
April,2024,SKU0150,Sugarcane Per Stick,Fruits & Vegetables,Fruits,442,14.7,10166.0,-1.8,Regular consumer demand,Normal Trading,Adequate inventory maintained,Stable,None,No Summer relevance,None,9% avg weekend uplift,0,0,Seasonal factor: No Summer relevance
April,2024,SKU0210,Earphones Wired,Electronics,Electronics,79,2.6,33101.0,-12.2,Regular consumer demand,Normal Trading,Adequate inventory maintained,Moderate Decline,None,No Summer relevance,None,2% avg weekend uplift,0,0,Seasonal factor: No Summer relevance; Niche product - irregular demand pattern
April,2024,SKU0119,Bread Loaf 400g,Bakery,Bakery,843,28.1,35406.0,-12.2,Regular consumer demand,Normal Trading,Low stock impact - 63 units missed opportunity,Moderate Decline,None,No Summer relevance,None,10% avg weekend uplift,0,63,Seasonal factor: No Summer relevance
April,2024,SKU0161,Diya Lamps 10pcs,Household,Religious,574,19.1,79786.0,12.5,Tamil New Year demand surge - Religious,Festival - Tamil New Year,Adequate inventory maintained,Stable,Tamil New Year,No Summer relevance,None,3% avg weekend uplift,0,0,Festival demand: Tamil New Year; Seasonal factor: No Summer relevance
April,2024,SKU0261,Cheese Balls 150g,Snacks,Snacks,251,8.4,29869.0,4.6,Regular consumer demand,Normal Trading,Adequate inventory maintained,Stable,None,No Summer relevance,None,5% avg weekend uplift,0,0,Seasonal factor: No Summer relevance; Niche product - irregular demand pattern
April,2024,SKU0193,Shaving Razor 2pcs,Personal Care,Grooming,861,28.7,145509.0,14.8,Regular consumer demand,Normal Trading,Low stock impact - 33 units missed opportunity,Stable,None,No Summer relevance,None,6% avg weekend uplift,0,33,Seasonal factor: No Summer relevance
April,2024,SKU0011,Urad Dal 1kg,Grocery,Pulses,581,19.4,109809.0,1.9,Regular consumer demand,Normal Trading,Adequate inventory maintained,Stable,None,No Summer relevance,None,5% avg weekend uplift,0,0,Seasonal factor: No Summer relevance
April,2024,SKU0052,Quinoa 500g,Grocery,Grains,230,7.7,61870.0,-4.2,Regular consumer demand,Normal Trading,Adequate inventory maintained,Stable,None,No Summer relevance,None,1% avg weekend uplift,0,0,Seasonal factor: No Summer relevance; Niche product - irregular demand pattern
April,2024,SKU0020,Jaggery 1kg,Grocery,Sweeteners,706,23.5,55774.0,-1.9,Regular consumer demand,Normal Trading,Adequate inventory maintained,Stable,None,No Summer relevance,None,5% avg weekend uplift,0,0,Seasonal factor: No Summer relevance
April,2024,SKU0149,Coconut Per Piece,Fruits & Vegetables,Fruits,388,12.9,12416.0,7.8,Regular consumer demand,Normal Trading,Stockout for 4 days - lost 41 units,Stable,None,No Summer relevance,None,9% avg weekend uplift,4,41,Seasonal factor: No Summer relevance; Inventory issue: Stockout for 4 days - lost 41 units
April,2024,SKU0253,Dry Fruit Mix 1kg,Grocery,Nuts,613,20.4,489787.0,36.2,Ramadan demand surge - Dry Fruit,Festival - Ramadan,Adequate inventory maintained,Moderate Increase,Ramadan,No Summer relevance,None,5% avg weekend uplift,0,0,Festival demand: Ramadan; Seasonal factor: No Summer relevance
April,2024,SKU0031,Cashew Nuts 500g,Grocery,Nuts,680,22.7,271320.0,13.3,Regular consumer demand,Normal Trading,Adequate inventory maintained,Stable,None,No Summer relevance,None,5% avg weekend uplift,0,0,Seasonal factor: No Summer relevance
April,2024,SKU0213,Mixer Grinder 750W,Electronics,Appliances,212,7.1,572188.0,1.0,Regular consumer demand,Normal Trading,Adequate inventory maintained,Stable,None,No Summer relevance,None,2% avg weekend uplift,0,0,Seasonal factor: No Summer relevance; Niche product - irregular demand pattern
April,2024,SKU0245,Instant Upma Mix 500g,Grocery,Mixes,446,14.9,39694.0,-0.9,Regular consumer demand,Normal Trading,Adequate inventory maintained,Stable,None,No Summer relevance,None,5% avg weekend uplift,0,0,Seasonal factor: No Summer relevance
April,2024,SKU0181,Bath Soap 150g,Personal Care,Bath Soaps,476,15.9,19992.0,5.8,Regular consumer demand,Normal Trading,Adequate inventory maintained,Stable,None,No Summer relevance,None,6% avg weekend uplift,0,0,Seasonal factor: No Summer relevance
April,2024,SKU0143,Garlic 250g,Fruits & Vegetables,Vegetables,474,15.8,24648.0,-1.2,Regular consumer demand,Normal Trading,Adequate inventory maintained,Stable,None,No Summer relevance,None,9% avg weekend uplift,0,0,Seasonal factor: No Summer relevance
April,2024,SKU0044,Cornflakes 500g,Grocery,Breakfast,515,17.2,81885.0,-9.6,Regular consumer demand,Normal Trading,Adequate inventory maintained,Stable,None,No Summer relevance,None,5% avg weekend uplift,0,0,Seasonal factor: No Summer relevance
April,2024,SKU0290,Decorative Candles 6pcs,Household,Decorations,319,10.6,44341.0,18.1,Tamil New Year demand surge - Decorative,Festival - Tamil New Year,Adequate inventory maintained,Stable,Tamil New Year,No Summer relevance,None,3% avg weekend uplift,0,0,Festival demand: Tamil New Year; Seasonal factor: No Summer relevance
April,2024,SKU0234,Bluetooth Speaker Portable,Electronics,Electronics,226,7.5,316174.0,7.6,Regular consumer demand,Normal Trading,Adequate inventory maintained,Stable,None,No Summer relevance,None,2% avg weekend uplift,0,0,Seasonal factor: No Summer relevance; Niche product - irregular demand pattern
April,2024,SKU0230,Pongal Pot Set,Household,Religious,242,8.1,111078.0,0.8,Tamil New Year demand surge - Religious,Festival - Tamil New Year,Low stock impact - 27 units missed opportunity,Stable,Tamil New Year,No Summer relevance,None,3% avg weekend uplift,0,27,Festival demand: Tamil New Year; Seasonal factor: No Summer relevance
April,2024,SKU0115,Salted Peanuts 200g,Snacks,Nuts,777,25.9,61383.0,-4.1,Regular consumer demand,Normal Trading,Low stock impact - 63 units missed opportunity,Stable,None,No Summer relevance,None,18% avg weekend uplift,0,63,Seasonal factor: No Summer relevance
April,2024,SKU0090,Mineral Water 1L,Beverages,Beverages,1060,35.3,20140.0,17.8,Regular consumer demand,Normal Trading,Adequate inventory maintained,Stable,None,No Summer relevance,None,12% avg weekend uplift,0,0,Seasonal factor: No Summer relevance
April,2024,SKU0108,Chocolate Cookies 200g,Snacks,Biscuits,842,28.1,66518.0,33.7,Regular consumer demand,Weekend/Demand Surge,Adequate inventory maintained,Moderate Increase,None,No Summer relevance,None,18% avg weekend uplift,0,0,Seasonal factor: No Summer relevance
April,2024,SKU0229,Santa Cap Free Size,Lifestyle,Clothing,461,15.4,64079.0,-4.0,Regular consumer demand,Normal Trading,Adequate inventory maintained,Stable,None,No Summer relevance,None,7% avg weekend uplift,0,0,Seasonal factor: No Summer relevance
April,2024,SKU0225,Plastic Chairs Single,Lifestyle,Furniture,224,7.5,138656.0,-6.7,Regular consumer demand,Normal Trading,Low stock impact - 15 units missed opportunity,Stable,None,No Summer relevance,None,2% avg weekend uplift,0,15,Seasonal factor: No Summer relevance; Niche product - irregular demand pattern
April,2024,SKU0259,Fresh Lime Soda 250ml,Beverages,Beverages,790,26.3,33180.0,54.9,Summer demand - Lime,Seasonal - Summer,Adequate inventory maintained,Strong Increase,None,Summer demand - Lime,None,12% avg weekend uplift,0,0,Seasonal factor: Summer demand - Lime; Significant demand spike - review forecast
April,2024,SKU0059,Green Gram 1kg,Grocery,Pulses,469,15.6,41741.0,-8.0,Regular consumer demand,Normal Trading,Adequate inventory maintained,Stable,None,No Summer relevance,None,5% avg weekend uplift,0,0,Seasonal factor: No Summer relevance
April,2024,SKU0293,Silk Saree Combo Festival Pack,Lifestyle,Clothing,530,17.7,1960470.0,-1.9,Tamil New Year demand surge - Festival,Festival - Tamil New Year,Adequate inventory maintained,Stable,Tamil New Year,No Summer relevance,None,7% avg weekend uplift,0,0,Festival demand: Tamil New Year; Seasonal factor: No Summer relevance
April,2024,SKU0124,Birthday Cake 1kg,Bakery,Bakery,92,3.1,42228.0,2.2,Regular consumer demand,Normal Trading,Adequate inventory maintained,Stable,None,No Summer relevance,None,3% avg weekend uplift,0,0,Seasonal factor: No Summer relevance; Niche product - irregular demand pattern
April,2024,SKU0260,Sports Drink 250ml,Beverages,Beverages,716,23.9,37232.0,19.3,Regular consumer demand,Normal Trading,Adequate inventory maintained,Stable,None,No Summer relevance,None,12% avg weekend uplift,0,0,Seasonal factor: No Summer relevance
April,2024,SKU0103,Murukku 250g,Snacks,Traditional Snacks,329,11.0,39151.0,9.7,Regular consumer demand,Normal Trading,Adequate inventory maintained,Stable,None,No Summer relevance,None,18% avg weekend uplift,0,0,Seasonal factor: No Summer relevance
April,2024,SKU0166,Detergent Powder 2kg,Household,Laundry,540,18.0,123660.0,-10.0,Regular consumer demand,Normal Trading,Adequate inventory maintained,Moderate Decline,None,No Summer relevance,None,3% avg weekend uplift,0,0,Seasonal factor: No Summer relevance
April,2024,SKU0164,Dishwash Liquid 750ml,Household,Cleaning,722,24.1,100358.0,-17.0,Regular consumer demand,Normal Trading,Stockout for 3 days - lost 55 units,Moderate Decline,None,No Summer relevance,None,3% avg weekend uplift,3,55,Seasonal factor: No Summer relevance; Inventory issue: Stockout for 3 days - lost 55 units
April,2024,SKU0167,Detergent Powder 2kg,Household,Laundry,593,19.8,159517.0,-10.2,Regular consumer demand,Normal Trading,Adequate inventory maintained,Moderate Decline,None,No Summer relevance,None,3% avg weekend uplift,0,0,Seasonal factor: No Summer relevance
April,2024,SKU0105,Banana Chips 250g,Snacks,Chips,922,30.7,82058.0,28.1,Regular consumer demand,Weekend/Demand Surge,Adequate inventory maintained,Moderate Increase,None,No Summer relevance,None,18% avg weekend uplift,0,0,Seasonal factor: No Summer relevance
April,2024,SKU0035,Dates Premium 500g,Grocery,Nuts,428,14.3,115132.0,18.9,Ramadan demand surge - Dates,Festival - Ramadan,Adequate inventory maintained,Stable,Ramadan,No Summer relevance,None,5% avg weekend uplift,0,0,Festival demand: Ramadan; Seasonal factor: No Summer relevance
April,2024,SKU0042,Pickle Jar 500g,Grocery,Condiments,505,16.8,60095.0,-1.0,Regular consumer demand,Normal Trading,Adequate inventory maintained,Stable,None,No Summer relevance,None,5% avg weekend uplift,0,0,Seasonal factor: No Summer relevance
April,2024,SKU0095,Badam Milk 180ml,Beverages,Beverages,459,15.3,19278.0,17.7,Ramadan demand surge - Badam,Festival - Ramadan,Adequate inventory maintained,Stable,Ramadan,No Summer relevance,None,12% avg weekend uplift,0,0,Festival demand: Ramadan; Seasonal factor: No Summer relevance
April,2024,SKU0203,Pencil Box 10pcs,Stationery,Stationery,30,1.0,4170.0,0.0,Regular consumer demand,Normal Trading,Adequate inventory maintained,Stable,None,No Summer relevance,None,1% avg weekend uplift,0,0,Seasonal factor: No Summer relevance
April,2024,SKU0111,Halwa Pack 500g,Snacks,Traditional Sweets,480,16.0,129120.0,33.3,Regular consumer demand,Weekend/Demand Surge,Adequate inventory maintained,Moderate Increase,None,No Summer relevance,None,18% avg weekend uplift,0,0,Seasonal factor: No Summer relevance
April,2024,SKU0156,Cucumber 1kg,Fruits & Vegetables,Vegetables,1288,42.9,41216.0,10.1,Regular consumer demand,Normal Trading,Adequate inventory maintained,Stable,None,No Summer relevance,None,9% avg weekend uplift,0,0,Seasonal factor: No Summer relevance
April,2024,SKU0023,Rock Salt 500g,Grocery,Salt,436,14.5,13952.0,-9.2,Regular consumer demand,Normal Trading,Adequate inventory maintained,Stable,None,No Summer relevance,None,5% avg weekend uplift,0,0,Seasonal factor: No Summer relevance
April,2024,SKU0002,Ponni Rice 10kg,Grocery,Rice,520,17.3,675480.0,15.6,Regular consumer demand,Normal Trading,Adequate inventory maintained,Stable,None,No Summer relevance,None,5% avg weekend uplift,0,0,Seasonal factor: No Summer relevance
April,2024,SKU0187,Toothpaste 150g,Personal Care,Oral Care,619,20.6,44568.0,21.4,Regular consumer demand,Weekend/Demand Surge,Adequate inventory maintained,Moderate Increase,None,No Summer relevance,None,6% avg weekend uplift,0,0,Seasonal factor: No Summer relevance
April,2024,SKU0275,Kitchen Towels 2 Rolls,Household,Kitchenware,766,25.5,91154.0,11.0,Regular consumer demand,Normal Trading,Adequate inventory maintained,Stable,None,No Summer relevance,None,3% avg weekend uplift,0,0,Seasonal factor: No Summer relevance
April,2024,SKU0192,Perfume Gift Set,Personal Care,Fragrances,579,19.3,462621.0,13.5,Tamil New Year demand surge - Gift,Festival - Tamil New Year,Adequate inventory maintained,Stable,Tamil New Year,No Summer relevance,None,6% avg weekend uplift,0,0,Festival demand: Tamil New Year; Seasonal factor: No Summer relevance
April,2024,SKU0008,Maida Flour 1kg,Grocery,Flour,637,21.2,26754.0,-3.5,Regular consumer demand,Normal Trading,Low stock impact - 58 units missed opportunity,Stable,None,No Summer relevance,None,5% avg weekend uplift,0,58,Seasonal factor: No Summer relevance
April,2024,SKU0239,Vitamin Supplements 30 tabs,Personal Care,Health,790,26.3,259910.0,5.3,Regular consumer demand,Normal Trading,Low stock impact - 53 units missed opportunity,Stable,None,No Summer relevance,None,6% avg weekend uplift,0,53,Seasonal factor: No Summer relevance
April,2024,SKU0160,Camphor 100g,Household,Religious,526,17.5,46814.0,-7.7,"Tamil New Year demand surge - Festival, Religious",Festival - Tamil New Year,Adequate inventory maintained,Stable,Tamil New Year,No Summer relevance,None,3% avg weekend uplift,0,0,Festival demand: Tamil New Year; Seasonal factor: No Summer relevance
April,2024,SKU0298,Pongal Sugar Pack 2kg,Grocery,Sweeteners,484,16.1,81796.0,7.6,Regular consumer demand,Normal Trading,Adequate inventory maintained,Stable,None,No Summer relevance,None,5% avg weekend uplift,0,0,Seasonal factor: No Summer relevance
April,2024,SKU0054,Honey 500g,Grocery,Sweeteners,536,17.9,85224.0,11.7,Regular consumer demand,Normal Trading,Low stock impact - 26 units missed opportunity,Stable,None,No Summer relevance,None,5% avg weekend uplift,0,26,Seasonal factor: No Summer relevance
April,2024,SKU0263,Frozen Veg Burger Patty 400g,Frozen Foods,Frozen Foods,214,7.1,42586.0,-10.8,Regular consumer demand,Normal Trading,Low stock impact - 23 units missed opportunity,Moderate Decline,None,No Summer relevance,None,5% avg weekend uplift,0,23,Seasonal factor: No Summer relevance; Niche product - irregular demand pattern
April,2024,SKU0019,Ghee 1L,Grocery,Ghee,589,19.6,305691.0,-6.5,Regular consumer demand,Normal Trading,Adequate inventory maintained,Stable,None,No Summer relevance,None,5% avg weekend uplift,0,0,Seasonal factor: No Summer relevance
April,2024,SKU0070,Ice Cream Family Pack 1L,Dairy,Frozen,648,21.6,109512.0,170.0,Summer demand - Ice Cream,Seasonal - Summer,Adequate inventory maintained,Strong Increase,None,Summer demand - Ice Cream,None,7% avg weekend uplift,0,0,Seasonal factor: Summer demand - Ice Cream; Significant demand spike - review forecast
April,2024,SKU0147,Watermelon Per Piece,Fruits & Vegetables,Fruits,1189,39.6,73718.0,98.2,Summer demand - Watermelon,Seasonal - Summer,Adequate inventory maintained,Strong Increase,None,Summer demand - Watermelon,None,9% avg weekend uplift,0,0,Seasonal factor: Summer demand - Watermelon; Significant demand spike - review forecast
April,2024,SKU0286,Dry Fruit Gift Hamper Combo,Grocery,Gift Sets,416,13.9,498784.0,26.1,Ramadan demand surge - Dry Fruit,Festival - Ramadan,Adequate inventory maintained,Moderate Increase,Ramadan,No Summer relevance,None,5% avg weekend uplift,0,0,Festival demand: Ramadan; Seasonal factor: No Summer relevance
April,2024,SKU0047,Biryani Masala 100g,Grocery,Spices,501,16.7,21042.0,19.3,Ramadan demand surge - Biryani,Festival - Ramadan,Adequate inventory maintained,Stable,Ramadan,No Summer relevance,None,5% avg weekend uplift,0,0,Festival demand: Ramadan; Seasonal factor: No Summer relevance
April,2024,SKU0182,Bath Soap 125g,Personal Care,Bath Soaps,590,19.7,36580.0,-1.7,Regular consumer demand,Normal Trading,Low stock impact - 13 units missed opportunity,Stable,None,No Summer relevance,None,6% avg weekend uplift,0,13,Seasonal factor: No Summer relevance
April,2024,SKU0183,Shampoo Sachet 6ml,Personal Care,Hair Care,865,28.8,4325.0,3.0,Regular consumer demand,Normal Trading,Adequate inventory maintained,Stable,None,No Summer relevance,None,6% avg weekend uplift,0,0,Seasonal factor: No Summer relevance
April,2024,SKU0069,Flavored Yogurt 90g,Dairy,Dairy,90,3.0,3780.0,0.0,Regular consumer demand,Normal Trading,Adequate inventory maintained,Stable,None,No Summer relevance,None,2% avg weekend uplift,0,0,Seasonal factor: No Summer relevance; Niche product - irregular demand pattern
April,2024,SKU0007,Wheat Flour Atta 5kg,Grocery,Atta,519,17.3,155181.0,15.3,Regular consumer demand,Normal Trading,Adequate inventory maintained,Stable,None,No Summer relevance,None,5% avg weekend uplift,0,0,Seasonal factor: No Summer relevance
April,2024,SKU0276,Match Box 10pcs,Household,Household,412,13.7,9476.0,-14.2,Regular consumer demand,Normal Trading,Low stock impact - 43 units missed opportunity,Moderate Decline,None,No Summer relevance,None,3% avg weekend uplift,0,43,Seasonal factor: No Summer relevance
April,2024,SKU0096,Fruit Syrup 750ml,Beverages,Syrups,687,22.9,109233.0,14.5,Tamil New Year demand surge - Fruit,Festival - Tamil New Year,Low stock impact - 65 units missed opportunity,Stable,Tamil New Year,No Summer relevance,None,12% avg weekend uplift,0,65,Festival demand: Tamil New Year; Seasonal factor: No Summer relevance
April,2024,SKU0079,Probiotic Drink 5pcs,Dairy,Beverages,94,3.1,11186.0,4.4,Regular consumer demand,Normal Trading,Adequate inventory maintained,Stable,None,No Summer relevance,None,2% avg weekend uplift,0,0,Seasonal factor: No Summer relevance; Niche product - irregular demand pattern
April,2024,SKU0078,Dairy Whitener 400g,Dairy,Dairy,884,29.5,122876.0,-1.8,Regular consumer demand,Normal Trading,Low stock impact - 49 units missed opportunity,Stable,None,No Summer relevance,None,7% avg weekend uplift,0,49,Seasonal factor: No Summer relevance
April,2024,SKU0116,Namkeen Mix 400g,Snacks,Traditional Snacks,571,19.0,79369.0,26.9,Regular consumer demand,Weekend/Demand Surge,Adequate inventory maintained,Moderate Increase,None,No Summer relevance,None,18% avg weekend uplift,0,0,Seasonal factor: No Summer relevance
April,2024,SKU0281,Mosquito Bat Rechargeable,Household,Pest Control,876,29.2,288204.0,16.8,Regular consumer demand,Normal Trading,Adequate inventory maintained,Stable,None,No Summer relevance,None,3% avg weekend uplift,0,0,Seasonal factor: No Summer relevance
April,2024,SKU0226,Saree Gift Pack Silk Blend,Lifestyle,Clothing,288,9.6,777312.0,6.7,Tamil New Year demand surge - Gift,Festival - Tamil New Year,Adequate inventory maintained,Stable,Tamil New Year,No Summer relevance,None,7% avg weekend uplift,0,0,Festival demand: Tamil New Year; Seasonal factor: No Summer relevance
April,2024,SKU0238,Face Mask Pack 3pcs,Personal Care,Beauty,107,3.6,24503.0,-10.8,Regular consumer demand,Normal Trading,Stockout for 2 days - lost 5 units,Moderate Decline,None,No Summer relevance,None,2% avg weekend uplift,2,5,Seasonal factor: No Summer relevance; Inventory issue: Stockout for 2 days - lost 5 units; Niche product - irregular demand pattern
April,2024,SKU0299,Ramadan Combo Kit,Grocery,Gift Sets,302,10.1,241298.0,11.9,Tamil New Year demand surge - Gift,Festival - Tamil New Year,Adequate inventory maintained,Stable,Tamil New Year,No Summer relevance,None,5% avg weekend uplift,0,0,Festival demand: Tamil New Year; Seasonal factor: No Summer relevance
April,2024,SKU0050,Sugar Candy 250g,Grocery,Sweeteners,544,18.1,39168.0,20.9,Tamil New Year demand surge - Festival,Festival - Tamil New Year,Adequate inventory maintained,Moderate Increase,Tamil New Year,No Summer relevance,None,5% avg weekend uplift,0,0,Festival demand: Tamil New Year; Seasonal factor: No Summer relevance
April,2024,SKU0128,Donuts 2pcs,Bakery,Bakery,245,8.2,29155.0,16.7,Regular consumer demand,Normal Trading,Adequate inventory maintained,Stable,None,No Summer relevance,None,3% avg weekend uplift,0,0,Seasonal factor: No Summer relevance; Niche product - irregular demand pattern
April,2024,SKU0272,Lunch Box Medium,Household,Kitchenware,702,23.4,188838.0,-10.0,Regular consumer demand,Normal Trading,Low stock impact - 44 units missed opportunity,Moderate Decline,None,No Summer relevance,None,3% avg weekend uplift,0,44,Seasonal factor: No Summer relevance
April,2024,SKU0244,Green Peas Masala 200g,Grocery,Mixes,87,2.9,6873.0,-3.3,Regular consumer demand,Normal Trading,Low stock impact - 10 units missed opportunity,Stable,None,No Summer relevance,None,1% avg weekend uplift,0,10,Seasonal factor: No Summer relevance; Niche product - irregular demand pattern
April,2024,SKU0014,Groundnut Oil 1L,Grocery,Oil,783,26.1,101007.0,8.8,Regular consumer demand,Normal Trading,Adequate inventory maintained,Stable,None,No Summer relevance,None,5% avg weekend uplift,0,0,Seasonal factor: No Summer relevance
April,2024,SKU0106,Popcorn 100g,Snacks,Chips,822,27.4,34524.0,9.6,Regular consumer demand,Normal Trading,Adequate inventory maintained,Stable,None,No Summer relevance,None,18% avg weekend uplift,0,0,Seasonal factor: No Summer relevance
April,2024,SKU0013,Chana Dal 1kg,Grocery,Pulses,475,15.8,75525.0,5.6,Regular consumer demand,Normal Trading,Low stock impact - 22 units missed opportunity,Stable,None,No Summer relevance,None,5% avg weekend uplift,0,22,Seasonal factor: No Summer relevance
April,2024,SKU0029,Pepper Powder 100g,Grocery,Spices,596,19.9,70924.0,-5.4,Regular consumer demand,Normal Trading,Low stock impact - 34 units missed opportunity,Stable,None,No Summer relevance,None,5% avg weekend uplift,0,34,Seasonal factor: No Summer relevance
April,2024,SKU0218,Umbrella Large,Lifestyle,Rainwear,313,10.4,102977.0,4.3,Regular consumer demand,Normal Trading,Low stock impact - 24 units missed opportunity,Stable,None,No Summer relevance,None,7% avg weekend uplift,0,24,Seasonal factor: No Summer relevance
April,2024,SKU0287,Festival Sweet Combo 2kg,Snacks,Traditional Sweets,290,9.7,231710.0,20.8,"Tamil New Year demand surge - Sweet, Festival",Festival - Tamil New Year,Adequate inventory maintained,Moderate Increase,Tamil New Year,No Summer relevance,None,18% avg weekend uplift,0,0,Festival demand: Tamil New Year; Seasonal factor: No Summer relevance
April,2024,SKU0037,Aval / Poha 1kg,Grocery,Breakfast,804,26.8,49848.0,-10.7,Regular consumer demand,Normal Trading,Low stock impact - 21 units missed opportunity,Moderate Decline,None,No Summer relevance,None,5% avg weekend uplift,0,21,Seasonal factor: No Summer relevance
April,2024,SKU0127,Plum Cake 500g,Bakery,Bakery,410,13.7,110290.0,-8.9,Regular consumer demand,Normal Trading,Low stock impact - 40 units missed opportunity,Stable,None,No Summer relevance,None,10% avg weekend uplift,0,40,Seasonal factor: No Summer relevance
April,2024,SKU0198,Baby Powder 200g,Personal Care,Baby Care,800,26.7,111200.0,-4.8,Regular consumer demand,Normal Trading,Low stock impact - 45 units missed opportunity,Stable,None,No Summer relevance,None,6% avg weekend uplift,0,45,Seasonal factor: No Summer relevance
April,2024,SKU0028,Rasam Powder 200g,Grocery,Spices,799,26.6,57528.0,-8.2,Regular consumer demand,Normal Trading,Adequate inventory maintained,Stable,None,No Summer relevance,None,5% avg weekend uplift,0,0,Seasonal factor: No Summer relevance
April,2024,SKU0121,Burger Buns 4pcs,Bakery,Bakery,954,31.8,30528.0,17.8,Regular consumer demand,Normal Trading,Adequate inventory maintained,Stable,None,No Summer relevance,None,10% avg weekend uplift,0,0,Seasonal factor: No Summer relevance
April,2024,SKU0269,Hair Gel 100ml,Personal Care,Hair Care,141,4.7,19599.0,-6.0,Regular consumer demand,Normal Trading,Adequate inventory maintained,Stable,None,No Summer relevance,None,2% avg weekend uplift,0,0,Seasonal factor: No Summer relevance; Niche product - irregular demand pattern
April,2024,SKU0284,Coconut Scraper Manual,Household,Kitchenware,120,4.0,32280.0,0.0,Regular consumer demand,Normal Trading,Adequate inventory maintained,Stable,None,No Summer relevance,None,1% avg weekend uplift,0,0,Seasonal factor: No Summer relevance; Niche product - irregular demand pattern
April,2024,SKU0135,Ice Cubes 1kg,Frozen Foods,Frozen Foods,486,16.2,20412.0,1.2,Regular consumer demand,Normal Trading,Stockout for 5 days - lost 55 units,Stable,None,No Summer relevance,None,15% avg weekend uplift,5,55,Seasonal factor: No Summer relevance; Inventory issue: Stockout for 5 days - lost 55 units
April,2024,SKU0243,Instant Soup 3 Pack,Grocery,Instant Foods,529,17.6,73531.0,-7.2,Regular consumer demand,Normal Trading,Adequate inventory maintained,Stable,None,No Summer relevance,None,5% avg weekend uplift,0,0,Seasonal factor: No Summer relevance
April,2024,SKU0040,Tamarind 500g,Grocery,Spices,551,18.4,49039.0,8.0,Regular consumer demand,Normal Trading,Adequate inventory maintained,Stable,None,No Summer relevance,None,5% avg weekend uplift,0,0,Seasonal factor: No Summer relevance
April,2024,SKU0258,Instant Coffee Sachet 10pcs,Beverages,Coffee,774,25.8,47988.0,3.2,Regular consumer demand,Normal Trading,Low stock impact - 27 units missed opportunity,Stable,None,No Summer relevance,None,12% avg weekend uplift,0,27,Seasonal factor: No Summer relevance
April,2024,SKU0242,Salt Biscuits 300g,Snacks,Biscuits,1012,33.7,62744.0,29.7,Regular consumer demand,Weekend/Demand Surge,Adequate inventory maintained,Moderate Increase,None,No Summer relevance,None,18% avg weekend uplift,0,0,Seasonal factor: No Summer relevance
April,2024,SKU0112,Sweet Box Assorted 1kg,Snacks,Traditional Sweets,591,19.7,271269.0,3.7,Tamil New Year demand surge - Sweet,Festival - Tamil New Year,Low stock impact - 24 units missed opportunity,Stable,Tamil New Year,No Summer relevance,None,18% avg weekend uplift,0,24,Festival demand: Tamil New Year; Seasonal factor: No Summer relevance
April,2024,SKU0211,USB Cable 1m,Electronics,Electronics,147,4.9,33663.0,-2.0,Regular consumer demand,Normal Trading,Adequate inventory maintained,Stable,None,No Summer relevance,None,2% avg weekend uplift,0,0,Seasonal factor: No Summer relevance; Niche product - irregular demand pattern
April,2024,SKU0273,Vacuum Flask 1L,Household,Kitchenware,120,4.0,50280.0,-20.0,Regular consumer demand,Normal Trading,Low stock impact - 10 units missed opportunity,Moderate Decline,None,No Summer relevance,None,1% avg weekend uplift,0,10,Seasonal factor: No Summer relevance; Niche product - irregular demand pattern
April,2024,SKU0274,Plastic Storage Container Set,Household,Kitchenware,135,4.5,107865.0,12.5,Regular consumer demand,Normal Trading,Adequate inventory maintained,Stable,None,No Summer relevance,None,1% avg weekend uplift,0,0,Seasonal factor: No Summer relevance; Niche product - irregular demand pattern
April,2024,SKU0093,Tender Coconut Water 250ml,Beverages,Beverages,278,9.3,11676.0,15.8,Regular consumer demand,Normal Trading,Adequate inventory maintained,Stable,None,No Summer relevance,None,4% avg weekend uplift,0,0,Seasonal factor: No Summer relevance; Niche product - irregular demand pattern
April,2024,SKU0120,Bread Loaf 400g,Bakery,Bakery,1480,49.3,57720.0,26.5,Regular consumer demand,Weekend/Demand Surge,Adequate inventory maintained,Moderate Increase,None,No Summer relevance,None,10% avg weekend uplift,0,0,Seasonal factor: No Summer relevance
April,2024,SKU0228,Christmas Tree Decor Combo,Household,Decorations,377,12.6,301223.0,-3.3,Regular consumer demand,Normal Trading,Adequate inventory maintained,Stable,None,No Summer relevance,None,3% avg weekend uplift,0,0,Seasonal factor: No Summer relevance
April,2024,SKU0233,Drinking Water Can 20L,Beverages,Beverages,730,24.3,57670.0,28.1,Regular consumer demand,Weekend/Demand Surge,Adequate inventory maintained,Moderate Increase,None,No Summer relevance,None,12% avg weekend uplift,0,0,Seasonal factor: No Summer relevance
April,2024,SKU0185,Hair Oil 500ml,Personal Care,Hair Care,933,31.1,129687.0,7.2,Regular consumer demand,Normal Trading,Adequate inventory maintained,Stable,None,No Summer relevance,None,6% avg weekend uplift,0,0,Seasonal factor: No Summer relevance
April,2024,SKU0016,Gingelly Oil 1L,Grocery,Oil,528,17.6,94512.0,-2.2,Regular consumer demand,Normal Trading,Low stock impact - 19 units missed opportunity,Stable,None,No Summer relevance,None,5% avg weekend uplift,0,19,Seasonal factor: No Summer relevance
April,2024,SKU0110,Dry Fruit Laddu Box 500g,Snacks,Traditional Sweets,383,12.8,141327.0,27.7,Ramadan demand surge - Dry Fruit,Festival - Ramadan,Adequate inventory maintained,Moderate Increase,Ramadan,No Summer relevance,None,18% avg weekend uplift,0,0,Festival demand: Ramadan; Seasonal factor: No Summer relevance
April,2024,SKU0022,Salt 1kg,Grocery,Salt,781,26.0,20306.0,13.2,Regular consumer demand,Normal Trading,Adequate inventory maintained,Stable,None,No Summer relevance,None,5% avg weekend uplift,0,0,Seasonal factor: No Summer relevance
April,2024,SKU0153,Orange 1kg,Fruits & Vegetables,Fruits,780,26.0,69420.0,13.0,Regular consumer demand,Normal Trading,Adequate inventory maintained,Stable,None,No Summer relevance,None,9% avg weekend uplift,0,0,Seasonal factor: No Summer relevance
April,2024,SKU0017,Coconut Oil 1L,Grocery,Oil,488,16.3,67832.0,8.4,Regular consumer demand,Normal Trading,Adequate inventory maintained,Stable,None,No Summer relevance,None,5% avg weekend uplift,0,0,Seasonal factor: No Summer relevance
April,2024,SKU0278,LED Lantern Rechargeable,Electronics,Lighting,302,10.1,126538.0,0.7,Regular consumer demand,Normal Trading,Low stock impact - 17 units missed opportunity,Stable,None,No Summer relevance,None,6% avg weekend uplift,0,17,Seasonal factor: No Summer relevance
April,2024,SKU0179,Banana Leaf Pack 10pcs,Grocery,Religious,635,21.2,50165.0,11.4,Tamil New Year demand surge - Religious,Festival - Tamil New Year,Adequate inventory maintained,Stable,Tamil New Year,No Summer relevance,None,5% avg weekend uplift,0,0,Festival demand: Tamil New Year; Seasonal factor: No Summer relevance
April,2024,SKU0083,Filter Coffee Powder 500g,Beverages,Coffee,950,31.7,217550.0,21.8,Regular consumer demand,Weekend/Demand Surge,Adequate inventory maintained,Moderate Increase,None,No Summer relevance,None,12% avg weekend uplift,0,0,Seasonal factor: No Summer relevance
April,2024,SKU0237,Hair Dryer 1200W,Electronics,Electronics,190,6.3,227810.0,-9.5,Regular consumer demand,Normal Trading,Low stock impact - 11 units missed opportunity,Stable,None,No Summer relevance,None,2% avg weekend uplift,0,11,Seasonal factor: No Summer relevance; Niche product - irregular demand pattern
April,2024,SKU0256,Vermicelli Kheer Mix 200g,Grocery,Mixes,381,12.7,27432.0,15.5,"Ramadan demand surge - Vermicelli, Kheer, Vermicelli Kheer",Festival - Ramadan,Adequate inventory maintained,Stable,Ramadan,No Summer relevance,None,5% avg weekend uplift,0,0,Festival demand: Ramadan; Seasonal factor: No Summer relevance
April,2024,SKU0197,Baby Soap 100g,Personal Care,Baby Care,870,29.0,68730.0,0.0,Regular consumer demand,Normal Trading,Adequate inventory maintained,Stable,None,No Summer relevance,None,6% avg weekend uplift,0,0,Seasonal factor: No Summer relevance
April,2024,SKU0262,Protein Shake 400g,Beverages,Health Drinks,173,5.8,72487.0,15.3,Regular consumer demand,Normal Trading,Adequate inventory maintained,Stable,None,No Summer relevance,None,4% avg weekend uplift,0,0,Seasonal factor: No Summer relevance; Niche product - irregular demand pattern
April,2024,SKU0092,Rose Milk 200ml,Beverages,Beverages,80,2.7,2560.0,-11.1,Regular consumer demand,Normal Trading,Adequate inventory maintained,Moderate Decline,None,No Summer relevance,None,4% avg weekend uplift,0,0,Seasonal factor: No Summer relevance; Niche product - irregular demand pattern
April,2024,SKU0199,Hand Wash 750ml,Personal Care,Hygiene,859,28.6,145171.0,14.5,Regular consumer demand,Normal Trading,Adequate inventory maintained,Stable,None,No Summer relevance,None,6% avg weekend uplift,0,0,Seasonal factor: No Summer relevance
April,2024,SKU0131,Frozen Fries 420g,Frozen Foods,Frozen Foods,595,19.8,82705.0,10.2,Regular consumer demand,Normal Trading,Adequate inventory maintained,Stable,None,No Summer relevance,None,15% avg weekend uplift,0,0,Seasonal factor: No Summer relevance
April,2024,SKU0057,Pasta Sauce 300g,Grocery,Condiments,82,2.7,7298.0,-8.9,Regular consumer demand,Normal Trading,Stockout for 5 days - lost 10 units,Stable,None,No Summer relevance,None,1% avg weekend uplift,5,10,Seasonal factor: No Summer relevance; Inventory issue: Stockout for 5 days - lost 10 units; Niche product - irregular demand pattern
April,2024,SKU0099,Cold Coffee 180ml,Beverages,Beverages,459,15.3,19278.0,-4.4,Regular consumer demand,Normal Trading,Low stock impact - 24 units missed opportunity,Stable,None,No Summer relevance,None,12% avg weekend uplift,0,24,Seasonal factor: No Summer relevance
April,2024,SKU0051,Organic Brown Rice 5kg,Grocery,Rice,146,4.9,67014.0,-2.7,Regular consumer demand,Normal Trading,Adequate inventory maintained,Stable,None,No Summer relevance,None,1% avg weekend uplift,0,0,Seasonal factor: No Summer relevance; Niche product - irregular demand pattern
April,2024,SKU0191,Deodorant Spray 150ml,Personal Care,Deodorants,960,32.0,219840.0,10.3,Regular consumer demand,Normal Trading,Adequate inventory maintained,Stable,None,No Summer relevance,None,6% avg weekend uplift,0,0,Seasonal factor: No Summer relevance
April,2024,SKU0254,Pista Cookies 400g,Snacks,Biscuits,785,26.2,179765.0,53.9,Ramadan demand surge - Pista,Festival - Ramadan,Adequate inventory maintained,Strong Increase,Ramadan,No Summer relevance,None,18% avg weekend uplift,0,0,Festival demand: Ramadan; Seasonal factor: No Summer relevance; Significant demand spike - review forecast
April,2024,SKU0205,Printer Paper 500 sheets,Stationery,Stationery,112,3.7,30128.0,-6.7,Regular consumer demand,Normal Trading,Adequate inventory maintained,Stable,None,No Summer relevance,None,1% avg weekend uplift,0,0,Seasonal factor: No Summer relevance
April,2024,SKU0074,Greek Yogurt 400g,Dairy,Dairy,121,4.0,14399.0,0.8,Regular consumer demand,Normal Trading,Adequate inventory maintained,Stable,None,No Summer relevance,None,2% avg weekend uplift,0,0,Seasonal factor: No Summer relevance; Niche product - irregular demand pattern
April,2024,SKU0232,Disposable Plates & Cups 50pcs,Household,Party Supplies,377,12.6,86333.0,4.7,Tamil New Year demand surge - Festival,Festival - Tamil New Year,Low stock impact - 38 units missed opportunity,Stable,Tamil New Year,No Summer relevance,None,3% avg weekend uplift,0,38,Festival demand: Tamil New Year; Seasonal factor: No Summer relevance
April,2024,SKU0168,Fabric Conditioner 860ml,Household,Laundry,137,4.6,21783.0,14.2,Regular consumer demand,Normal Trading,Adequate inventory maintained,Stable,None,No Summer relevance,None,1% avg weekend uplift,0,0,Seasonal factor: No Summer relevance; Niche product - irregular demand pattern
April,2024,SKU0009,Rava / Sooji 1kg,Grocery,Flour,695,23.2,36140.0,0.7,Regular consumer demand,Normal Trading,Adequate inventory maintained,Stable,None,No Summer relevance,None,5% avg weekend uplift,0,0,Seasonal factor: No Summer relevance
April,2024,SKU0046,Nutella Spread 350g,Grocery,Spreads,256,8.5,68864.0,6.7,Regular consumer demand,Normal Trading,Adequate inventory maintained,Stable,None,No Summer relevance,None,1% avg weekend uplift,0,0,Seasonal factor: No Summer relevance; Niche product - irregular demand pattern
April,2024,SKU0221,Bedsheet Queen Size,Lifestyle,Bedding,587,19.6,469013.0,-2.2,Regular consumer demand,Normal Trading,Adequate inventory maintained,Stable,None,No Summer relevance,None,7% avg weekend uplift,0,0,Seasonal factor: No Summer relevance
April,2024,SKU0300,Diwali Gift Hamper,Grocery,Gift Sets,548,18.3,657052.0,21.8,Tamil New Year demand surge - Gift,Festival - Tamil New Year,Adequate inventory maintained,Moderate Increase,Tamil New Year,No Summer relevance,None,5% avg weekend uplift,0,0,Festival demand: Tamil New Year; Seasonal factor: No Summer relevance
April,2024,SKU0114,Nachos 150g,Snacks,Chips,89,3.0,7921.0,-1.1,Regular consumer demand,Normal Trading,Stockout for 4 days - lost 9 units,Stable,None,No Summer relevance,None,5% avg weekend uplift,4,9,Seasonal factor: No Summer relevance; Inventory issue: Stockout for 4 days - lost 9 units; Niche product - irregular demand pattern
April,2024,SKU0027,Sambar Powder 500g,Grocery,Spices,467,15.6,41563.0,-8.4,Regular consumer demand,Normal Trading,Adequate inventory maintained,Stable,None,No Summer relevance,None,5% avg weekend uplift,0,0,Seasonal factor: No Summer relevance
April,2024,SKU0236,Trimmer Rechargeable,Electronics,Electronics,89,3.0,71111.0,-1.1,Regular consumer demand,Normal Trading,Adequate inventory maintained,Stable,None,No Summer relevance,None,2% avg weekend uplift,0,0,Seasonal factor: No Summer relevance; Niche product - irregular demand pattern
April,2024,SKU0089,Soda Bottles 750ml,Beverages,Beverages,442,14.7,14144.0,-1.8,Regular consumer demand,Normal Trading,Adequate inventory maintained,Stable,None,No Summer relevance,None,12% avg weekend uplift,0,0,Seasonal factor: No Summer relevance
April,2024,SKU0145,Apple 1kg,Fruits & Vegetables,Fruits,653,21.8,110357.0,8.8,Regular consumer demand,Normal Trading,Stockout for 2 days - lost 27 units,Stable,None,No Summer relevance,None,9% avg weekend uplift,2,27,Seasonal factor: No Summer relevance; Inventory issue: Stockout for 2 days - lost 27 units
April,2024,SKU0202,Ball Pen Pack 10pcs,Stationery,Stationery,597,19.9,37014.0,-5.2,Regular consumer demand,Normal Trading,Adequate inventory maintained,Stable,None,No Summer relevance,None,3% avg weekend uplift,0,0,Seasonal factor: No Summer relevance
April,2024,SKU0250,Coconut Cookies 200g,Snacks,Biscuits,893,29.8,64296.0,35.3,Regular consumer demand,Weekend/Demand Surge,Adequate inventory maintained,Moderate Increase,None,No Summer relevance,None,18% avg weekend uplift,0,0,Seasonal factor: No Summer relevance
April,2024,SKU0172,Mosquito Refill 45ml,Household,Pest Control,597,19.9,82983.0,17.1,Regular consumer demand,Normal Trading,Adequate inventory maintained,Stable,None,No Summer relevance,None,3% avg weekend uplift,0,0,Seasonal factor: No Summer relevance
April,2024,SKU0034,Raisins 250g,Grocery,Nuts,577,19.2,97513.0,-3.8,Regular consumer demand,Normal Trading,Adequate inventory maintained,Stable,None,No Summer relevance,None,5% avg weekend uplift,0,0,Seasonal factor: No Summer relevance
April,2024,SKU0148,Mango 1kg,Fruits & Vegetables,Fruits,300,10.0,41700.0,0.0,Regular consumer demand,Normal Trading,Low stock impact - 31 units missed opportunity,Stable,None,No Summer relevance,None,9% avg weekend uplift,0,31,Seasonal factor: No Summer relevance
April,2024,SKU0157,Carrot 1kg,Fruits & Vegetables,Vegetables,685,22.8,35620.0,-4.9,Regular consumer demand,Normal Trading,Low stock impact - 15 units missed opportunity,Stable,None,No Summer relevance,None,9% avg weekend uplift,0,15,Seasonal factor: No Summer relevance
April,2024,SKU0107,Biscuit Pack 300g,Snacks,Biscuits,794,26.5,57168.0,32.3,Regular consumer demand,Weekend/Demand Surge,Adequate inventory maintained,Moderate Increase,None,No Summer relevance,None,18% avg weekend uplift,0,0,Seasonal factor: No Summer relevance
April,2024,SKU0184,Shampoo Bottle 340ml,Personal Care,Hair Care,578,19.3,155482.0,7.0,Regular consumer demand,Normal Trading,Adequate inventory maintained,Stable,None,No Summer relevance,None,6% avg weekend uplift,0,0,Seasonal factor: No Summer relevance
April,2024,SKU0196,Baby Lotion 200ml,Personal Care,Baby Care,547,18.2,125263.0,-8.8,Regular consumer demand,Normal Trading,Adequate inventory maintained,Stable,None,No Summer relevance,None,6% avg weekend uplift,0,0,Seasonal factor: No Summer relevance
April,2024,SKU0200,Hand Sanitizer 500ml,Personal Care,Hygiene,851,28.4,135309.0,18.2,Regular consumer demand,Normal Trading,Adequate inventory maintained,Stable,None,No Summer relevance,None,6% avg weekend uplift,0,0,Seasonal factor: No Summer relevance
April,2024,SKU0208,Extension Box 4 socket,Electronics,Electrical,86,2.9,39474.0,-4.4,Regular consumer demand,Normal Trading,Low stock impact - 7 units missed opportunity,Stable,None,No Summer relevance,None,2% avg weekend uplift,0,7,Seasonal factor: No Summer relevance; Niche product - irregular demand pattern
April,2024,SKU0214,Rice Cooker 1.8L,Electronics,Appliances,111,3.7,232989.0,-7.5,Regular consumer demand,Normal Trading,Adequate inventory maintained,Stable,None,No Summer relevance,None,2% avg weekend uplift,0,0,Seasonal factor: No Summer relevance; Niche product - irregular demand pattern
April,2024,SKU0289,Pooja Oil 500ml,Grocery,Religious,492,16.4,83148.0,17.1,"Tamil New Year demand surge - Festival, Pooja, Religious",Festival - Tamil New Year,Adequate inventory maintained,Stable,Tamil New Year,No Summer relevance,None,5% avg weekend uplift,0,0,Festival demand: Tamil New Year; Seasonal factor: No Summer relevance
April,2024,SKU0295,Kids Festive Wear Medium,Lifestyle,Clothing,471,15.7,658929.0,12.1,Tamil New Year demand surge - Festival,Festival - Tamil New Year,Stockout for 3 days - lost 33 units,Stable,Tamil New Year,No Summer relevance,None,7% avg weekend uplift,3,33,Festival demand: Tamil New Year; Seasonal factor: No Summer relevance; Inventory issue: Stockout for 3 days - lost 33 units
April,2024,SKU0075,Imported Cheese 200g,Dairy,Dairy,139,4.6,31831.0,15.8,Regular consumer demand,Normal Trading,Adequate inventory maintained,Stable,None,No Summer relevance,None,2% avg weekend uplift,0,0,Seasonal factor: No Summer relevance; Niche product - irregular demand pattern
April,2024,SKU0235,Smart Watch Standard,Electronics,Electronics,212,7.1,487388.0,-11.7,Regular consumer demand,Normal Trading,Adequate inventory maintained,Moderate Decline,None,No Summer relevance,None,2% avg weekend uplift,0,0,Seasonal factor: No Summer relevance; Niche product - irregular demand pattern
April,2024,SKU0072,Condensed Milk 400g,Dairy,Dairy,600,20.0,83400.0,11.1,Regular consumer demand,Normal Trading,Adequate inventory maintained,Stable,None,No Summer relevance,None,7% avg weekend uplift,0,0,Seasonal factor: No Summer relevance
April,2024,SKU0117,Energy Bar 6pcs,Snacks,Health Bars,169,5.6,45461.0,-6.1,Regular consumer demand,Normal Trading,Adequate inventory maintained,Stable,None,No Summer relevance,None,5% avg weekend uplift,0,0,Seasonal factor: No Summer relevance; Niche product - irregular demand pattern
April,2024,SKU0067,Cheese Slices 200g,Dairy,Dairy,681,22.7,81039.0,19.5,Regular consumer demand,Normal Trading,Adequate inventory maintained,Stable,None,No Summer relevance,None,7% avg weekend uplift,0,0,Seasonal factor: No Summer relevance
April,2024,SKU0091,Mango Juice 1L,Beverages,Juices,1581,52.7,140709.0,75.7,Summer demand - Juice,Seasonal - Summer,Stockout for 5 days - lost 203 units,Strong Increase,None,Summer demand - Juice,None,12% avg weekend uplift,5,203,Seasonal factor: Summer demand - Juice; Inventory issue: Stockout for 5 days - lost 203 units; Significant demand spike - review forecast
April,2024,SKU0227,Dhoti Set XL,Lifestyle,Clothing,559,18.6,446641.0,-1.9,Regular consumer demand,Normal Trading,Adequate inventory maintained,Stable,None,No Summer relevance,None,7% avg weekend uplift,0,0,Seasonal factor: No Summer relevance
April,2024,SKU0279,Mobile Power Bank 10000mAh,Electronics,Electronics,205,6.8,286795.0,-2.4,Regular consumer demand,Normal Trading,Adequate inventory maintained,Stable,None,No Summer relevance,None,2% avg weekend uplift,0,0,Seasonal factor: No Summer relevance; Niche product - irregular demand pattern
April,2024,SKU0056,Pasta 500g,Grocery,Pasta,898,29.9,70942.0,10.9,Regular consumer demand,Normal Trading,Adequate inventory maintained,Stable,None,No Summer relevance,None,5% avg weekend uplift,0,0,Seasonal factor: No Summer relevance
April,2024,SKU0177,Steel Tiffin Box 3-tier,Household,Kitchenware,243,8.1,111537.0,1.2,Regular consumer demand,Normal Trading,Low stock impact - 21 units missed opportunity,Stable,None,No Summer relevance,None,1% avg weekend uplift,0,21,Seasonal factor: No Summer relevance; Niche product - irregular demand pattern
April,2024,SKU0216,Emergency Lamp Rechargeable,Electronics,Lighting,398,13.3,318002.0,2.1,Regular consumer demand,Normal Trading,Adequate inventory maintained,Stable,None,No Summer relevance,None,6% avg weekend uplift,0,0,Seasonal factor: No Summer relevance
April,2024,SKU0024,Turmeric Powder 200g,Grocery,Spices,785,26.2,48670.0,-9.8,Regular consumer demand,Normal Trading,Adequate inventory maintained,Stable,None,No Summer relevance,None,5% avg weekend uplift,0,0,Seasonal factor: No Summer relevance
April,2024,SKU0162,Decorative Lights 20m,Household,Decorations,537,17.9,246483.0,5.3,Tamil New Year demand surge - Decorative,Festival - Tamil New Year,Adequate inventory maintained,Stable,Tamil New Year,No Summer relevance,None,3% avg weekend uplift,0,0,Festival demand: Tamil New Year; Seasonal factor: No Summer relevance
April,2024,SKU0163,Rangoli Powder 500g,Household,Decorations,560,18.7,34720.0,9.8,Regular consumer demand,Normal Trading,Adequate inventory maintained,Stable,None,No Summer relevance,None,3% avg weekend uplift,0,0,Seasonal factor: No Summer relevance
April,2024,SKU0064,Curd Cup 400g,Dairy,Dairy,1122,37.4,47124.0,20.6,Regular consumer demand,Weekend/Demand Surge,Adequate inventory maintained,Moderate Increase,None,No Summer relevance,None,7% avg weekend uplift,0,0,Seasonal factor: No Summer relevance
April,2024,SKU0126,Croissants 6pcs,Bakery,Bakery,262,8.7,36418.0,9.2,Regular consumer demand,Normal Trading,Adequate inventory maintained,Stable,None,No Summer relevance,None,3% avg weekend uplift,0,0,Seasonal factor: No Summer relevance; Niche product - irregular demand pattern
April,2024,SKU0134,Frozen Sweet Corn 500g,Frozen Foods,Frozen Foods,1037,34.6,102663.0,19.2,Tamil New Year demand surge - Sweet,Festival - Tamil New Year,Adequate inventory maintained,Stable,Tamil New Year,No Summer relevance,None,15% avg weekend uplift,0,0,Festival demand: Tamil New Year; Seasonal factor: No Summer relevance
April,2024,SKU0141,Green Chilli 250g,Fruits & Vegetables,Vegetables,1042,34.7,33344.0,24.0,Regular consumer demand,Weekend/Demand Surge,Adequate inventory maintained,Moderate Increase,None,No Summer relevance,None,9% avg weekend uplift,0,0,Seasonal factor: No Summer relevance
April,2024,SKU0025,Chilli Powder 500g,Grocery,Spices,903,30.1,71337.0,7.5,Regular consumer demand,Normal Trading,Low stock impact - 28 units missed opportunity,Stable,None,No Summer relevance,None,5% avg weekend uplift,0,28,Seasonal factor: No Summer relevance
April,2024,SKU0297,Temple Coconut Pack 5pcs,Fruits & Vegetables,Fruits,509,17.0,86021.0,-0.2,Tamil New Year demand surge - Festival,Festival - Tamil New Year,Adequate inventory maintained,Stable,Tamil New Year,No Summer relevance,None,9% avg weekend uplift,0,0,Festival demand: Tamil New Year; Seasonal factor: No Summer relevance
April,2024,SKU0018,Ghee 500ml,Grocery,Ghee,566,18.9,152254.0,-5.7,Regular consumer demand,Normal Trading,Adequate inventory maintained,Stable,None,No Summer relevance,None,5% avg weekend uplift,0,0,Seasonal factor: No Summer relevance
April,2024,SKU0174,Pressure Cooker 5L,Household,Cookware,176,5.9,211024.0,-16.2,Regular consumer demand,Normal Trading,Low stock impact - 5 units missed opportunity,Moderate Decline,None,No Summer relevance,None,1% avg weekend uplift,0,5,Seasonal factor: No Summer relevance; Niche product - irregular demand pattern
April,2024,SKU0175,Non-Stick Pan 28cm,Household,Cookware,79,2.6,63121.0,-12.2,Regular consumer demand,Normal Trading,Adequate inventory maintained,Moderate Decline,None,No Summer relevance,None,1% avg weekend uplift,0,0,Seasonal factor: No Summer relevance; Niche product - irregular demand pattern
April,2024,SKU0212,Electric Kettle 1.5L,Electronics,Appliances,131,4.4,157069.0,-12.7,Regular consumer demand,Normal Trading,Adequate inventory maintained,Moderate Decline,None,No Summer relevance,None,2% avg weekend uplift,0,0,Seasonal factor: No Summer relevance; Niche product - irregular demand pattern
April,2024,SKU0270,Beard Oil 50ml,Personal Care,Grooming,182,6.1,48958.0,1.1,Regular consumer demand,Normal Trading,Adequate inventory maintained,Stable,None,No Summer relevance,None,2% avg weekend uplift,0,0,Seasonal factor: No Summer relevance; Niche product - irregular demand pattern
April,2024,SKU0033,Pistachios 250g,Grocery,Nuts,263,8.8,110197.0,9.6,Regular consumer demand,Normal Trading,Adequate inventory maintained,Stable,None,No Summer relevance,None,5% avg weekend uplift,0,0,Seasonal factor: No Summer relevance
April,2024,SKU0048,Chicken Masala 100g,Grocery,Spices,571,19.0,22269.0,-4.8,Regular consumer demand,Normal Trading,Low stock impact - 25 units missed opportunity,Stable,None,No Summer relevance,None,5% avg weekend uplift,0,25,Seasonal factor: No Summer relevance
April,2024,SKU0049,Semiya Payasam Mix 200g,Grocery,Mixes,584,19.5,36208.0,8.1,"Ramadan demand surge - Semiya, Payasam",Festival - Ramadan,Adequate inventory maintained,Stable,Ramadan,No Summer relevance,None,5% avg weekend uplift,0,0,Festival demand: Ramadan; Seasonal factor: No Summer relevance
April,2024,SKU0231,Turmeric Plant Bundle,Fruits & Vegetables,Plants,450,15.0,35550.0,25.0,Regular consumer demand,Weekend/Demand Surge,Adequate inventory maintained,Moderate Increase,None,No Summer relevance,None,9% avg weekend uplift,0,0,Seasonal factor: No Summer relevance
April,2024,SKU0154,Grapes 500g,Fruits & Vegetables,Fruits,778,25.9,92582.0,-0.3,Regular consumer demand,Normal Trading,Adequate inventory maintained,Stable,None,No Summer relevance,None,9% avg weekend uplift,0,0,Seasonal factor: No Summer relevance
April,2024,SKU0085,Health Drink 500g,Beverages,Health Drinks,509,17.0,80931.0,6.0,Regular consumer demand,Normal Trading,Adequate inventory maintained,Stable,None,No Summer relevance,None,12% avg weekend uplift,0,0,Seasonal factor: No Summer relevance
April,2024,SKU0100,Electrolyte Drink 500ml,Beverages,Beverages,982,32.7,77578.0,72.3,Summer demand - Electrolyte,Seasonal - Summer,Adequate inventory maintained,Strong Increase,None,Summer demand - Electrolyte,None,12% avg weekend uplift,0,0,Seasonal factor: Summer demand - Electrolyte; Significant demand spike - review forecast
April,2024,SKU0255,Saffron 1g,Grocery,Spices,131,4.4,104669.0,9.2,Tamil New Year demand surge - Festival,Festival - Tamil New Year,Adequate inventory maintained,Stable,Tamil New Year,No Summer relevance,None,1% avg weekend uplift,0,0,Festival demand: Tamil New Year; Seasonal factor: No Summer relevance; Niche product - irregular demand pattern
April,2024,SKU0073,Fresh Cream 250ml,Dairy,Dairy,511,17.0,40369.0,-5.4,Regular consumer demand,Normal Trading,Adequate inventory maintained,Stable,None,No Summer relevance,None,7% avg weekend uplift,0,0,Seasonal factor: No Summer relevance
April,2024,SKU0012,Moong Dal 1kg,Grocery,Pulses,890,29.7,150410.0,18.7,Regular consumer demand,Normal Trading,Adequate inventory maintained,Stable,None,No Summer relevance,None,5% avg weekend uplift,0,0,Seasonal factor: No Summer relevance
April,2024,SKU0186,Toothpaste 200g,Personal Care,Oral Care,755,25.2,67195.0,9.4,Regular consumer demand,Normal Trading,Adequate inventory maintained,Stable,None,No Summer relevance,None,6% avg weekend uplift,0,0,Seasonal factor: No Summer relevance
April,2024,SKU0068,Buttermilk 200ml,Dairy,Beverages,1403,46.8,32269.0,16.9,Regular consumer demand,Normal Trading,Adequate inventory maintained,Stable,None,No Summer relevance,None,7% avg weekend uplift,0,0,Seasonal factor: No Summer relevance
April,2024,SKU0271,Wall Clock Standard,Household,Home Decor,33,1.1,10857.0,10.0,Regular consumer demand,Normal Trading,Adequate inventory maintained,Stable,None,No Summer relevance,None,1% avg weekend uplift,0,0,Seasonal factor: No Summer relevance
April,2024,SKU0282,Hand Blender Standard,Electronics,Appliances,150,5.0,209850.0,0.0,Regular consumer demand,Normal Trading,Adequate inventory maintained,Stable,None,No Summer relevance,None,2% avg weekend uplift,0,0,Seasonal factor: No Summer relevance; Niche product - irregular demand pattern
April,2024,SKU0071,Ice Cream Cone Pack 6pcs,Dairy,Frozen,984,32.8,117096.0,173.3,Summer demand - Ice Cream,Seasonal - Summer,Adequate inventory maintained,Strong Increase,None,Summer demand - Ice Cream,None,7% avg weekend uplift,0,0,Seasonal factor: Summer demand - Ice Cream; Significant demand spike - review forecast
April,2024,SKU0188,Toothbrush 2pcs,Personal Care,Oral Care,882,29.4,122598.0,1.4,Regular consumer demand,Normal Trading,Adequate inventory maintained,Stable,None,No Summer relevance,None,6% avg weekend uplift,0,0,Seasonal factor: No Summer relevance
April,2024,SKU0266,Toilet Cleaner 1L,Household,Cleaning,563,18.8,95147.0,-1.2,Regular consumer demand,Normal Trading,Low stock impact - 34 units missed opportunity,Stable,None,No Summer relevance,None,3% avg weekend uplift,0,34,Seasonal factor: No Summer relevance
April,2024,SKU0125,Rusks 300g,Bakery,Bakery,805,26.8,49910.0,-4.2,Regular consumer demand,Normal Trading,Adequate inventory maintained,Stable,None,No Summer relevance,None,10% avg weekend uplift,0,0,Seasonal factor: No Summer relevance
April,2024,SKU0032,Almonds 500g,Grocery,Nuts,539,18.0,268961.0,5.7,Regular consumer demand,Normal Trading,Adequate inventory maintained,Stable,None,No Summer relevance,None,5% avg weekend uplift,0,0,Seasonal factor: No Summer relevance
April,2024,SKU0053,Chia Seeds 250g,Grocery,Seeds,144,4.8,32976.0,-4.0,Regular consumer demand,Normal Trading,Adequate inventory maintained,Stable,None,No Summer relevance,None,1% avg weekend uplift,0,0,Seasonal factor: No Summer relevance; Niche product - irregular demand pattern
April,2024,SKU0087,Soft Drink Cola 2L,Beverages,Soft Drinks,758,25.3,59882.0,110.6,Summer demand - Soft Drink,Seasonal - Summer,Low stock impact - 41 units missed opportunity,Strong Increase,None,Summer demand - Soft Drink,None,12% avg weekend uplift,0,41,Seasonal factor: Summer demand - Soft Drink; Significant demand spike - review forecast
April,2024,SKU0088,Soft Drink Orange 2L,Beverages,Soft Drinks,990,33.0,78210.0,153.8,Summer demand - Soft Drink,Seasonal - Summer,Adequate inventory maintained,Strong Increase,None,Summer demand - Soft Drink,None,12% avg weekend uplift,0,0,Seasonal factor: Summer demand - Soft Drink; Significant demand spike - review forecast
April,2024,SKU0102,Magic Masala Chips 75g,Snacks,Chips,586,19.5,18752.0,30.2,Regular consumer demand,Weekend/Demand Surge,Adequate inventory maintained,Moderate Increase,None,No Summer relevance,None,18% avg weekend uplift,0,0,Seasonal factor: No Summer relevance
April,2024,SKU0133,Frozen Peas 500g,Frozen Foods,Frozen Foods,1055,35.2,93895.0,21.3,Regular consumer demand,Weekend/Demand Surge,Adequate inventory maintained,Moderate Increase,None,No Summer relevance,None,15% avg weekend uplift,0,0,Seasonal factor: No Summer relevance
April,2024,SKU0170,Aluminum Foil 9m,Household,Kitchen,562,18.7,50018.0,17.1,Regular consumer demand,Normal Trading,Adequate inventory maintained,Stable,None,No Summer relevance,None,3% avg weekend uplift,0,0,Seasonal factor: No Summer relevance
April,2024,SKU0204,School Bag Medium,Stationery,Bags,404,13.5,322796.0,-10.2,Regular consumer demand,Normal Trading,Adequate inventory maintained,Moderate Decline,None,No Summer relevance,None,3% avg weekend uplift,0,0,Seasonal factor: No Summer relevance
April,2024,SKU0209,Mobile Charger 18W,Electronics,Electronics,162,5.4,100278.0,8.0,Regular consumer demand,Normal Trading,Adequate inventory maintained,Stable,None,No Summer relevance,None,2% avg weekend uplift,0,0,Seasonal factor: No Summer relevance; Niche product - irregular demand pattern
April,2024,SKU0288,Prayer Oil Lamp Brass,Household,Religious,643,21.4,269417.0,19.1,"Tamil New Year demand surge - Festival, Prayer, Religious",Festival - Tamil New Year,Adequate inventory maintained,Stable,Tamil New Year,No Summer relevance,None,3% avg weekend uplift,0,0,Festival demand: Tamil New Year; Seasonal factor: No Summer relevance
April,2024,SKU0146,Pomegranate 1kg,Fruits & Vegetables,Fruits,237,7.9,63753.0,-1.2,Regular consumer demand,Normal Trading,Adequate inventory maintained,Stable,None,No Summer relevance,None,9% avg weekend uplift,0,0,Seasonal factor: No Summer relevance
April,2024,SKU0104,Mixture Snacks 500g,Snacks,Traditional Snacks,596,19.9,100724.0,4.6,Regular consumer demand,Normal Trading,Adequate inventory maintained,Stable,None,No Summer relevance,None,18% avg weekend uplift,0,0,Seasonal factor: No Summer relevance
April,2024,SKU0137,Frozen Momos 500g,Frozen Foods,Frozen Foods,273,9.1,54327.0,13.8,Regular consumer demand,Normal Trading,Adequate inventory maintained,Stable,None,No Summer relevance,None,5% avg weekend uplift,0,0,Seasonal factor: No Summer relevance; Niche product - irregular demand pattern
April,2024,SKU0004,Raw Rice 25kg,Grocery,Rice,559,18.6,837941.0,-1.9,Regular consumer demand,Normal Trading,Adequate inventory maintained,Stable,None,No Summer relevance,None,5% avg weekend uplift,0,0,Seasonal factor: No Summer relevance
April,2024,SKU0129,Garlic Bread 200g,Bakery,Bakery,95,3.2,6840.0,5.6,Regular consumer demand,Normal Trading,Adequate inventory maintained,Stable,None,No Summer relevance,None,3% avg weekend uplift,0,0,Seasonal factor: No Summer relevance; Niche product - irregular demand pattern
April,2024,SKU0142,Ginger 250g,Fruits & Vegetables,Vegetables,677,22.6,41974.0,7.5,Regular consumer demand,Normal Trading,Adequate inventory maintained,Stable,None,No Summer relevance,None,9% avg weekend uplift,0,0,Seasonal factor: No Summer relevance
April,2024,SKU0006,Wheat Flour Atta 5kg,Grocery,Atta,975,32.5,281775.0,12.1,Regular consumer demand,Normal Trading,Adequate inventory maintained,Stable,None,No Summer relevance,None,5% avg weekend uplift,0,0,Seasonal factor: No Summer relevance
April,2024,SKU0122,Pizza Base 200g,Bakery,Bakery,217,7.2,13454.0,-9.6,Regular consumer demand,Normal Trading,Adequate inventory maintained,Stable,None,No Summer relevance,None,3% avg weekend uplift,0,0,Seasonal factor: No Summer relevance; Niche product - irregular demand pattern
April,2024,SKU0109,Chocolate Gift Box 500g,Snacks,Chocolates,408,13.6,187272.0,4.6,Tamil New Year demand surge - Gift,Festival - Tamil New Year,Low stock impact - 38 units missed opportunity,Stable,Tamil New Year,No Summer relevance,None,18% avg weekend uplift,0,38,Festival demand: Tamil New Year; Seasonal factor: No Summer relevance
April,2024,SKU0215,Induction Stove 1800W,Electronics,Appliances,168,5.6,520632.0,-6.7,Regular consumer demand,Normal Trading,Adequate inventory maintained,Stable,None,No Summer relevance,None,2% avg weekend uplift,0,0,Seasonal factor: No Summer relevance; Niche product - irregular demand pattern
April,2024,SKU0190,Talcum Powder 400g,Personal Care,Skin Care,775,25.8,68975.0,3.3,Regular consumer demand,Normal Trading,Adequate inventory maintained,Stable,None,No Summer relevance,None,6% avg weekend uplift,0,0,Seasonal factor: No Summer relevance
April,2024,SKU0223,Blanket Double,Lifestyle,Bedding,191,6.4,229009.0,-20.4,Regular consumer demand,Normal Trading,Stockout for 5 days - lost 29 units,Moderate Decline,None,No Summer relevance,None,7% avg weekend uplift,5,29,Seasonal factor: No Summer relevance; Inventory issue: Stockout for 5 days - lost 29 units; Demand below baseline - investigate cause
April,2024,SKU0180,Kumkum Powder 50g,Household,Religious,310,10.3,13020.0,-13.9,"Tamil New Year demand surge - Festival, Religious, Kumkum",Festival - Tamil New Year,Low stock impact - 24 units missed opportunity,Moderate Decline,Tamil New Year,No Summer relevance,None,3% avg weekend uplift,0,24,Festival demand: Tamil New Year; Seasonal factor: No Summer relevance
April,2024,SKU0247,Cheese Popcorn 100g,Snacks,Snacks,197,6.6,12214.0,-6.2,Regular consumer demand,Normal Trading,Adequate inventory maintained,Stable,None,No Summer relevance,None,5% avg weekend uplift,0,0,Seasonal factor: No Summer relevance; Niche product - irregular demand pattern
April,2024,SKU0001,Ponni Rice 25kg,Grocery,Rice,956,31.9,1528644.0,9.9,Regular consumer demand,Normal Trading,Low stock impact - 87 units missed opportunity,Stable,None,No Summer relevance,None,5% avg weekend uplift,0,87,Seasonal factor: No Summer relevance
April,2024,SKU0241,Coconut Biscuits 200g,Snacks,Biscuits,543,18.1,28236.0,13.1,Regular consumer demand,Normal Trading,Adequate inventory maintained,Stable,None,No Summer relevance,None,18% avg weekend uplift,0,0,Seasonal factor: No Summer relevance
April,2024,SKU0248,Fruit Jam 500g,Grocery,Spreads,950,31.7,132050.0,17.3,Tamil New Year demand surge - Fruit,Festival - Tamil New Year,Adequate inventory maintained,Stable,Tamil New Year,No Summer relevance,None,5% avg weekend uplift,0,0,Festival demand: Tamil New Year; Seasonal factor: No Summer relevance
April,2024,SKU0252,Fruit Cake 300g,Bakery,Bakery,658,21.9,111202.0,21.9,Tamil New Year demand surge - Fruit,Festival - Tamil New Year,Adequate inventory maintained,Moderate Increase,Tamil New Year,No Summer relevance,None,10% avg weekend uplift,0,0,Festival demand: Tamil New Year; Seasonal factor: No Summer relevance
April,2024,SKU0159,Agarbathi 100 sticks,Household,Religious,500,16.7,39500.0,-7.4,"Tamil New Year demand surge - Festival, Religious",Festival - Tamil New Year,Adequate inventory maintained,Stable,Tamil New Year,No Summer relevance,None,3% avg weekend uplift,0,0,Festival demand: Tamil New Year; Seasonal factor: No Summer relevance
April,2024,SKU0005,Basmati Rice 5kg,Grocery,Rice,575,19.2,476675.0,19.8,Ramadan demand surge - Basmati,Festival - Ramadan,Low stock impact - 43 units missed opportunity,Stable,Ramadan,No Summer relevance,None,5% avg weekend uplift,0,43,Festival demand: Ramadan; Seasonal factor: No Summer relevance
April,2024,SKU0217,Smart LED Strip Lights 5m,Electronics,Lighting,460,15.3,551540.0,-4.2,Regular consumer demand,Normal Trading,Adequate inventory maintained,Stable,None,No Summer relevance,None,6% avg weekend uplift,0,0,Seasonal factor: No Summer relevance
April,2024,SKU0076,Flavored Milk 200ml,Dairy,Beverages,1027,34.2,23621.0,18.0,Regular consumer demand,Normal Trading,Low stock impact - 43 units missed opportunity,Stable,None,No Summer relevance,None,7% avg weekend uplift,0,43,Seasonal factor: No Summer relevance
April,2024,SKU0101,Lays Chips 50g,Snacks,Chips,887,29.6,16853.0,13.7,Regular consumer demand,Normal Trading,Stockout for 3 days - lost 80 units,Stable,None,No Summer relevance,None,18% avg weekend uplift,3,80,Seasonal factor: No Summer relevance; Inventory issue: Stockout for 3 days - lost 80 units
April,2024,SKU0098,Lemon Juice 600ml,Beverages,Juices,990,33.0,61380.0,83.3,Summer demand - Juice,Seasonal - Summer,Adequate inventory maintained,Strong Increase,None,Summer demand - Juice,None,12% avg weekend uplift,0,0,Seasonal factor: Summer demand - Juice; Significant demand spike - review forecast
April,2024,SKU0015,Sunflower Oil 1L,Grocery,Oil,865,28.8,102935.0,15.3,Regular consumer demand,Normal Trading,Adequate inventory maintained,Stable,None,No Summer relevance,None,5% avg weekend uplift,0,0,Seasonal factor: No Summer relevance
April,2024,SKU0113,Kids Chocolate Pack,Snacks,Chocolates,507,16.9,187083.0,20.7,Regular consumer demand,Weekend/Demand Surge,Adequate inventory maintained,Moderate Increase,None,No Summer relevance,None,18% avg weekend uplift,0,0,Seasonal factor: No Summer relevance
April,2024,SKU0152,Jasmine Flowers 100g,Fruits & Vegetables,Flowers,621,20.7,38502.0,21.8,Tamil New Year demand surge - Festival,Festival - Tamil New Year,Adequate inventory maintained,Moderate Increase,Tamil New Year,No Summer relevance,None,9% avg weekend uplift,0,0,Festival demand: Tamil New Year; Seasonal factor: No Summer relevance
April,2024,SKU0043,Oats 1kg,Grocery,Breakfast,498,16.6,89142.0,-2.4,Regular consumer demand,Normal Trading,Adequate inventory maintained,Stable,None,No Summer relevance,None,5% avg weekend uplift,0,0,Seasonal factor: No Summer relevance
April,2024,SKU0219,Raincoat XL,Lifestyle,Rainwear,373,12.4,156287.0,3.6,Regular consumer demand,Normal Trading,Adequate inventory maintained,Stable,None,No Summer relevance,None,7% avg weekend uplift,0,0,Seasonal factor: No Summer relevance
April,2024,SKU0003,Idly Rice 10kg,Grocery,Rice,658,21.9,788942.0,-12.3,Regular consumer demand,Normal Trading,Low stock impact - 64 units missed opportunity,Moderate Decline,None,No Summer relevance,None,5% avg weekend uplift,0,64,Seasonal factor: No Summer relevance
April,2024,SKU0222,Pillow Cover Pair,Lifestyle,Bedding,529,17.6,121141.0,-7.2,Regular consumer demand,Normal Trading,Low stock impact - 19 units missed opportunity,Stable,None,No Summer relevance,None,7% avg weekend uplift,0,19,Seasonal factor: No Summer relevance
April,2024,SKU0144,Banana 1 dozen,Fruits & Vegetables,Fruits,870,29.0,36540.0,11.5,Regular consumer demand,Normal Trading,Adequate inventory maintained,Stable,None,No Summer relevance,None,9% avg weekend uplift,0,0,Seasonal factor: No Summer relevance
April,2024,SKU0249,Choco Spread 350g,Grocery,Spreads,197,6.6,52993.0,-6.2,Regular consumer demand,Normal Trading,Adequate inventory maintained,Stable,None,No Summer relevance,None,1% avg weekend uplift,0,0,Seasonal factor: No Summer relevance; Niche product - irregular demand pattern
April,2024,SKU0055,Instant Noodles 12 Pack,Grocery,Instant Foods,731,24.4,101609.0,-9.8,Regular consumer demand,Normal Trading,Adequate inventory maintained,Stable,None,No Summer relevance,None,5% avg weekend uplift,0,0,Seasonal factor: No Summer relevance
April,2024,SKU0010,Toor Dal 1kg,Grocery,Pulses,862,28.7,154298.0,14.9,Regular consumer demand,Normal Trading,Adequate inventory maintained,Stable,None,No Summer relevance,None,5% avg weekend uplift,0,0,Seasonal factor: No Summer relevance
April,2024,SKU0066,Paneer 200g,Dairy,Dairy,1252,41.7,98908.0,1.8,Regular consumer demand,Normal Trading,Adequate inventory maintained,Stable,None,No Summer relevance,None,7% avg weekend uplift,0,0,Seasonal factor: No Summer relevance
April,2024,SKU0045,Peanut Butter 1kg,Grocery,Spreads,156,5.2,57564.0,-13.3,Regular consumer demand,Normal Trading,Stockout for 2 days - lost 7 units,Moderate Decline,None,No Summer relevance,None,1% avg weekend uplift,2,7,Seasonal factor: No Summer relevance; Inventory issue: Stockout for 2 days - lost 7 units; Niche product - irregular demand pattern
April,2024,SKU0171,Tissue Paper 200 pulls,Household,Household,616,20.5,38192.0,-6.7,Regular consumer demand,Normal Trading,Adequate inventory maintained,Stable,None,No Summer relevance,None,3% avg weekend uplift,0,0,Seasonal factor: No Summer relevance
April,2024,SKU0169,Garbage Bags 30pcs,Household,Household,771,25.7,91749.0,-1.2,Regular consumer demand,Normal Trading,Adequate inventory maintained,Stable,None,No Summer relevance,None,3% avg weekend uplift,0,0,Seasonal factor: No Summer relevance
April,2024,SKU0189,Face Wash 100ml,Personal Care,Skin Care,856,28.5,118984.0,14.1,Regular consumer demand,Normal Trading,Low stock impact - 37 units missed opportunity,Stable,None,No Summer relevance,None,6% avg weekend uplift,0,37,Seasonal factor: No Summer relevance
April,2024,SKU0277,Candle Pack 20pcs,Household,Religious,358,11.9,28282.0,8.5,Tamil New Year demand surge - Religious,Festival - Tamil New Year,Low stock impact - 38 units missed opportunity,Stable,Tamil New Year,No Summer relevance,None,3% avg weekend uplift,0,38,Festival demand: Tamil New Year; Seasonal factor: No Summer relevance
April,2024,SKU0039,Ready Pongal Mix 500g,Grocery,Mixes,263,8.8,20777.0,9.6,Regular consumer demand,Normal Trading,Adequate inventory maintained,Stable,None,No Summer relevance,None,5% avg weekend uplift,0,0,Seasonal factor: No Summer relevance
April,2024,SKU0041,Papad 200g,Grocery,Snacks,903,30.1,37926.0,7.5,Regular consumer demand,Normal Trading,Adequate inventory maintained,Stable,None,No Summer relevance,None,5% avg weekend uplift,0,0,Seasonal factor: No Summer relevance
April,2024,SKU0194,Sanitary Pads XL Pack,Personal Care,Feminine Care,689,23.0,95771.0,4.4,Regular consumer demand,Normal Trading,Adequate inventory maintained,Stable,None,No Summer relevance,None,6% avg weekend uplift,0,0,Seasonal factor: No Summer relevance
April,2024,SKU0201,Notebook A4 200 pages,Stationery,Stationery,136,4.5,10744.0,13.3,Regular consumer demand,Normal Trading,Adequate inventory maintained,Stable,None,No Summer relevance,None,1% avg weekend uplift,0,0,Seasonal factor: No Summer relevance
April,2024,SKU0280,Bluetooth Earbuds TWS,Electronics,Electronics,253,8.4,581647.0,5.4,Regular consumer demand,Normal Trading,Adequate inventory maintained,Stable,None,No Summer relevance,None,2% avg weekend uplift,0,0,Seasonal factor: No Summer relevance; Niche product - irregular demand pattern
April,2024,SKU0030,Cardamom 50g,Grocery,Spices,344,11.5,92536.0,43.3,Ramadan demand surge - Cardamom,Festival - Ramadan,Adequate inventory maintained,Moderate Increase,Ramadan,No Summer relevance,None,5% avg weekend uplift,0,0,Festival demand: Ramadan; Seasonal factor: No Summer relevance
April,2024,SKU0038,Millet Mix 1kg,Grocery,Grains,188,6.3,26132.0,-10.5,Regular consumer demand,Normal Trading,Adequate inventory maintained,Moderate Decline,None,No Summer relevance,None,1% avg weekend uplift,0,0,Seasonal factor: No Summer relevance; Niche product - irregular demand pattern
April,2024,SKU0220,Travel Bag Medium,Lifestyle,Luggage,98,3.3,137102.0,8.9,Regular consumer demand,Normal Trading,Adequate inventory maintained,Stable,None,No Summer relevance,None,2% avg weekend uplift,0,0,Seasonal factor: No Summer relevance; Niche product - irregular demand pattern
April,2024,SKU0140,Potato 1kg,Fruits & Vegetables,Vegetables,1127,37.6,25921.0,21.2,Regular consumer demand,Weekend/Demand Surge,Adequate inventory maintained,Moderate Increase,None,No Summer relevance,None,9% avg weekend uplift,0,0,Seasonal factor: No Summer relevance
April,2024,SKU0251,Herbal Tea 100g,Beverages,Tea,202,6.7,46258.0,12.2,Regular consumer demand,Normal Trading,Adequate inventory maintained,Stable,None,No Summer relevance,None,4% avg weekend uplift,0,0,Seasonal factor: No Summer relevance; Niche product - irregular demand pattern
April,2024,SKU0257,Sweet Corn Soup 50g,Grocery,Instant Foods,359,12.0,15078.0,-7.9,Tamil New Year demand surge - Sweet,Festival - Tamil New Year,Adequate inventory maintained,Stable,Tamil New Year,No Summer relevance,None,5% avg weekend uplift,0,0,Festival demand: Tamil New Year; Seasonal factor: No Summer relevance
April,2024,SKU0065,Butter 100g,Dairy,Dairy,829,27.6,73781.0,20.1,Regular consumer demand,Weekend/Demand Surge,Adequate inventory maintained,Moderate Increase,None,No Summer relevance,None,7% avg weekend uplift,0,0,Seasonal factor: No Summer relevance
April,2024,SKU0285,Steel Plates Set 6pcs,Household,Kitchenware,201,6.7,124419.0,11.7,Regular consumer demand,Normal Trading,Adequate inventory maintained,Stable,None,No Summer relevance,None,1% avg weekend uplift,0,0,Seasonal factor: No Summer relevance; Niche product - irregular demand pattern
April,2024,SKU0155,Pineapple Per Piece,Fruits & Vegetables,Fruits,529,17.6,38088.0,-2.0,Regular consumer demand,Normal Trading,Low stock impact - 27 units missed opportunity,Stable,None,No Summer relevance,None,9% avg weekend uplift,0,27,Seasonal factor: No Summer relevance
April,2024,SKU0292,Fruit Basket Combo,Fruits & Vegetables,Fruits,435,14.5,182265.0,3.6,"Tamil New Year demand surge - Festival, Fruit",Festival - Tamil New Year,Stockout for 2 days - lost 20 units,Stable,Tamil New Year,No Summer relevance,None,9% avg weekend uplift,2,20,Festival demand: Tamil New Year; Seasonal factor: No Summer relevance; Inventory issue: Stockout for 2 days - lost 20 units
April,2024,SKU0265,Laundry Liquid 1L,Household,Laundry,473,15.8,108317.0,-1.5,Regular consumer demand,Normal Trading,Adequate inventory maintained,Stable,None,No Summer relevance,None,3% avg weekend uplift,0,0,Seasonal factor: No Summer relevance
April,2024,SKU0173,Room Freshener 240ml,Household,Air Freshener,103,3.4,16377.0,14.4,Regular consumer demand,Normal Trading,Adequate inventory maintained,Stable,None,No Summer relevance,None,1% avg weekend uplift,0,0,Seasonal factor: No Summer relevance; Niche product - irregular demand pattern
April,2024,SKU0151,Betel Leaves 1 Pack,Fruits & Vegetables,Leaves,661,22.0,27762.0,22.4,Tamil New Year demand surge - New Year,Festival - Tamil New Year,Adequate inventory maintained,Moderate Increase,Tamil New Year,No Summer relevance,None,9% avg weekend uplift,0,0,Festival demand: Tamil New Year; Seasonal factor: No Summer relevance
April,2024,SKU0063,Fresh Milk 500ml,Dairy,Milk,1251,41.7,32526.0,22.6,Regular consumer demand,Weekend/Demand Surge,Adequate inventory maintained,Moderate Increase,None,No Summer relevance,None,7% avg weekend uplift,0,0,Seasonal factor: No Summer relevance
April,2024,SKU0240,Herbal Shampoo 400ml,Personal Care,Hair Care,542,18.1,124118.0,6.3,Regular consumer demand,Normal Trading,Stockout for 3 days - lost 42 units,Stable,None,No Summer relevance,None,6% avg weekend uplift,3,42,Seasonal factor: No Summer relevance; Inventory issue: Stockout for 3 days - lost 42 units
April,2024,SKU0224,Towels Bath Size,Lifestyle,Bedding,539,18.0,177331.0,12.3,Regular consumer demand,Normal Trading,Adequate inventory maintained,Stable,None,No Summer relevance,None,7% avg weekend uplift,0,0,Seasonal factor: No Summer relevance
April,2024,SKU0082,Tea Powder 1kg,Beverages,Tea,901,30.0,251379.0,20.1,Regular consumer demand,Weekend/Demand Surge,Adequate inventory maintained,Moderate Increase,None,No Summer relevance,None,12% avg weekend uplift,0,0,Seasonal factor: No Summer relevance
April,2024,SKU0158,Beetroot 1kg,Fruits & Vegetables,Vegetables,1012,33.7,42504.0,16.3,Regular consumer demand,Normal Trading,Adequate inventory maintained,Stable,None,No Summer relevance,None,9% avg weekend uplift,0,0,Seasonal factor: No Summer relevance
April,2024,SKU0296,Puja Flowers Combo,Fruits & Vegetables,Flowers,301,10.0,80969.0,11.5,Tamil New Year demand surge - Festival,Festival - Tamil New Year,Adequate inventory maintained,Stable,Tamil New Year,No Summer relevance,None,9% avg weekend uplift,0,0,Festival demand: Tamil New Year; Seasonal factor: No Summer relevance
April,2024,SKU0165,Floor Cleaner 1L,Household,Cleaning,601,20.0,101569.0,-4.6,Regular consumer demand,Normal Trading,Stockout for 5 days - lost 78 units,Stable,None,No Summer relevance,None,3% avg weekend uplift,5,78,Seasonal factor: No Summer relevance; Inventory issue: Stockout for 5 days - lost 78 units
April,2024,SKU0118,Protein Chips 100g,Snacks,Health Snacks,90,3.0,12510.0,0.0,Regular consumer demand,Normal Trading,Adequate inventory maintained,Stable,None,No Summer relevance,None,5% avg weekend uplift,0,0,Seasonal factor: No Summer relevance; Niche product - irregular demand pattern
April,2024,SKU0136,Frozen Pizza 300g,Frozen Foods,Frozen Foods,227,7.6,38363.0,-5.4,Regular consumer demand,Normal Trading,Adequate inventory maintained,Stable,None,No Summer relevance,None,5% avg weekend uplift,0,0,Seasonal factor: No Summer relevance; Niche product - irregular demand pattern
April,2024,SKU0283,Pressure Pan 3L,Household,Cookware,241,8.0,192559.0,14.8,Regular consumer demand,Normal Trading,Adequate inventory maintained,Stable,None,No Summer relevance,None,1% avg weekend uplift,0,0,Seasonal factor: No Summer relevance; Niche product - irregular demand pattern
April,2024,SKU0058,Tomato Ketchup 1kg,Grocery,Condiments,765,25.5,106335.0,-1.9,Regular consumer demand,Normal Trading,Adequate inventory maintained,Stable,None,No Summer relevance,None,5% avg weekend uplift,0,0,Seasonal factor: No Summer relevance
April,2024,SKU0267,Face Cream 200ml,Personal Care,Skin Care,753,25.1,172437.0,0.4,Regular consumer demand,Normal Trading,Adequate inventory maintained,Stable,None,No Summer relevance,None,6% avg weekend uplift,0,0,Seasonal factor: No Summer relevance
April,2024,SKU0061,Fresh Milk 1L,Dairy,Milk,1124,37.5,58448.0,-1.4,Regular consumer demand,Normal Trading,Adequate inventory maintained,Stable,None,No Summer relevance,None,7% avg weekend uplift,0,0,Seasonal factor: No Summer relevance
April,2024,SKU0080,Chocolate Milk 180ml,Dairy,Beverages,819,27.3,34398.0,9.2,Regular consumer demand,Normal Trading,Low stock impact - 87 units missed opportunity,Stable,None,No Summer relevance,None,7% avg weekend uplift,0,87,Seasonal factor: No Summer relevance
April,2024,SKU0207,LED Bulb 9W,Electronics,Lighting,762,25.4,105918.0,-2.3,Regular consumer demand,Normal Trading,Adequate inventory maintained,Stable,None,No Summer relevance,None,6% avg weekend uplift,0,0,Seasonal factor: No Summer relevance
April,2024,SKU0195,Baby Diapers 42pcs,Personal Care,Baby Care,618,20.6,493782.0,3.0,Regular consumer demand,Normal Trading,Adequate inventory maintained,Stable,None,No Summer relevance,None,6% avg weekend uplift,0,0,Seasonal factor: No Summer relevance
May,2024,SKU0264,Air Freshener Spray 300ml,Household,Air Freshener,228,7.4,36252.0,5.1,Regular consumer demand,Normal Trading,Adequate inventory maintained,Stable,None,No Summer relevance,None,1% avg weekend uplift,0,0,Seasonal factor: No Summer relevance; Niche product - irregular demand pattern
May,2024,SKU0176,Water Bottle 1L,Household,Kitchenware,951,30.7,217779.0,9.6,Regular consumer demand,Normal Trading,Adequate inventory maintained,Stable,None,No Summer relevance,None,3% avg weekend uplift,0,0,Seasonal factor: No Summer relevance
May,2024,SKU0060,Black Channa 1kg,Grocery,Pulses,1046,33.7,103554.0,12.5,Regular consumer demand,Normal Trading,Adequate inventory maintained,Stable,None,No Summer relevance,None,4% avg weekend uplift,0,0,Seasonal factor: No Summer relevance
May,2024,SKU0094,Energy Drink 250ml,Beverages,Beverages,123,4.0,17097.0,-0.8,Regular consumer demand,Normal Trading,Adequate inventory maintained,Stable,None,No Summer relevance,None,3% avg weekend uplift,0,0,Seasonal factor: No Summer relevance; Niche product - irregular demand pattern
May,2024,SKU0097,Green Tea 100g,Beverages,Tea,137,4.4,23153.0,-11.6,Regular consumer demand,Normal Trading,Adequate inventory maintained,Moderate Decline,None,No Summer relevance,None,3% avg weekend uplift,0,0,Seasonal factor: No Summer relevance; Niche product - irregular demand pattern
May,2024,SKU0062,Fresh Milk 1L,Dairy,Milk,1236,39.9,63036.0,7.8,Regular consumer demand,Normal Trading,Low stock impact - 106 units missed opportunity,Stable,None,No Summer relevance,None,7% avg weekend uplift,0,106,Seasonal factor: No Summer relevance
May,2024,SKU0138,Tomato 1kg,Fruits & Vegetables,Vegetables,885,28.5,37170.0,9.8,Regular consumer demand,Normal Trading,Adequate inventory maintained,Stable,None,No Summer relevance,None,9% avg weekend uplift,0,0,Seasonal factor: No Summer relevance
May,2024,SKU0139,Onion 1kg,Fruits & Vegetables,Vegetables,997,32.2,31904.0,19.1,Regular consumer demand,Normal Trading,Adequate inventory maintained,Stable,None,No Summer relevance,None,9% avg weekend uplift,0,0,Seasonal factor: No Summer relevance
May,2024,SKU0294,Men's Kurta Set XL,Lifestyle,Clothing,561,18.1,1177539.0,6.5,Regular consumer demand,Normal Trading,Adequate inventory maintained,Stable,None,No Summer relevance,None,7% avg weekend uplift,0,0,Seasonal factor: No Summer relevance
May,2024,SKU0123,Muffins 2pcs,Bakery,Bakery,124,4.0,9796.0,0.0,Regular consumer demand,Normal Trading,Adequate inventory maintained,Stable,None,No Summer relevance,None,3% avg weekend uplift,0,0,Seasonal factor: No Summer relevance; Niche product - irregular demand pattern
May,2024,SKU0178,Pooja Plate Set,Household,Religious,466,15.0,125354.0,-6.0,Regular consumer demand,Normal Trading,Adequate inventory maintained,Stable,None,No Summer relevance,None,3% avg weekend uplift,0,0,Seasonal factor: No Summer relevance
May,2024,SKU0206,Gift Wrap Paper 5 sheets,Stationery,Gift Wrap,373,12.0,23126.0,0.3,Regular consumer demand,Normal Trading,Stockout for 2 days - lost 19 units,Stable,None,No Summer relevance,None,3% avg weekend uplift,2,19,Seasonal factor: No Summer relevance; Inventory issue: Stockout for 2 days - lost 19 units
May,2024,SKU0021,Sugar 1kg,Grocery,Sweeteners,440,14.2,18480.0,-11.3,Regular consumer demand,Normal Trading,Low stock impact - 16 units missed opportunity,Moderate Decline,None,No Summer relevance,None,4% avg weekend uplift,0,16,Seasonal factor: No Summer relevance
May,2024,SKU0132,Frozen Nuggets 500g,Frozen Foods,Frozen Foods,213,6.9,48777.0,14.5,Regular consumer demand,Normal Trading,Adequate inventory maintained,Stable,None,No Summer relevance,None,4% avg weekend uplift,0,0,Seasonal factor: No Summer relevance; Niche product - irregular demand pattern
May,2024,SKU0268,Lip Balm 10g,Personal Care,Lip Care,838,27.0,66202.0,17.5,Regular consumer demand,Normal Trading,Adequate inventory maintained,Stable,None,No Summer relevance,None,6% avg weekend uplift,0,0,Seasonal factor: No Summer relevance
May,2024,SKU0086,Health Drink 1kg,Beverages,Health Drinks,735,23.7,241815.0,7.8,Regular consumer demand,Normal Trading,Adequate inventory maintained,Stable,None,No Summer relevance,None,12% avg weekend uplift,0,0,Seasonal factor: No Summer relevance
May,2024,SKU0130,Frozen Parotta 400g,Frozen Foods,Frozen Foods,813,26.2,50406.0,19.2,Regular consumer demand,Normal Trading,Adequate inventory maintained,Stable,None,No Summer relevance,None,15% avg weekend uplift,0,0,Seasonal factor: No Summer relevance
May,2024,SKU0081,Tea Powder 1kg,Beverages,Tea,914,29.5,245866.0,-1.7,Regular consumer demand,Normal Trading,Adequate inventory maintained,Stable,None,No Summer relevance,None,12% avg weekend uplift,0,0,Seasonal factor: No Summer relevance
May,2024,SKU0084,Instant Coffee 200g,Beverages,Coffee,568,18.3,95992.0,14.5,Regular consumer demand,Normal Trading,Adequate inventory maintained,Stable,None,No Summer relevance,None,12% avg weekend uplift,0,0,Seasonal factor: No Summer relevance
May,2024,SKU0246,Frozen Chapati 20pcs,Frozen Foods,Frozen Foods,987,31.8,137193.0,6.1,Regular consumer demand,Normal Trading,Stockout for 4 days - lost 109 units,Stable,None,No Summer relevance,None,15% avg weekend uplift,4,109,Seasonal factor: No Summer relevance; Inventory issue: Stockout for 4 days - lost 109 units
May,2024,SKU0291,Christmas Chocolates 24pcs,Snacks,Chocolates,324,10.5,453276.0,30.6,Regular consumer demand,Weekend/Demand Surge,Adequate inventory maintained,Moderate Increase,None,No Summer relevance,None,17% avg weekend uplift,0,0,Seasonal factor: No Summer relevance
May,2024,SKU0026,Coriander Powder 200g,Grocery,Spices,474,15.3,24648.0,-10.1,Regular consumer demand,Normal Trading,Stockout for 2 days - lost 27 units,Moderate Decline,None,No Summer relevance,None,4% avg weekend uplift,2,27,Seasonal factor: No Summer relevance; Inventory issue: Stockout for 2 days - lost 27 units
May,2024,SKU0036,Vermicelli 500g,Grocery,Pasta,620,20.0,44640.0,11.1,Regular consumer demand,Normal Trading,Adequate inventory maintained,Stable,None,No Summer relevance,None,4% avg weekend uplift,0,0,Seasonal factor: No Summer relevance
May,2024,SKU0077,Lassi 200ml,Dairy,Beverages,809,26.1,25888.0,8.7,Regular consumer demand,Normal Trading,Adequate inventory maintained,Stable,None,No Summer relevance,None,7% avg weekend uplift,0,0,Seasonal factor: No Summer relevance
May,2024,SKU0150,Sugarcane Per Stick,Fruits & Vegetables,Fruits,279,9.0,6417.0,12.5,Regular consumer demand,Normal Trading,Adequate inventory maintained,Stable,None,No Summer relevance,None,9% avg weekend uplift,0,0,Seasonal factor: No Summer relevance
May,2024,SKU0210,Earphones Wired,Electronics,Electronics,220,7.1,92180.0,1.4,Regular consumer demand,Normal Trading,Adequate inventory maintained,Stable,None,No Summer relevance,None,2% avg weekend uplift,0,0,Seasonal factor: No Summer relevance; Niche product - irregular demand pattern
May,2024,SKU0119,Bread Loaf 400g,Bakery,Bakery,1408,45.4,59136.0,22.8,Regular consumer demand,Weekend/Demand Surge,Adequate inventory maintained,Moderate Increase,None,No Summer relevance,None,10% avg weekend uplift,0,0,Seasonal factor: No Summer relevance
May,2024,SKU0161,Diya Lamps 10pcs,Household,Religious,373,12.0,51847.0,0.3,Regular consumer demand,Normal Trading,Stockout for 3 days - lost 31 units,Stable,None,No Summer relevance,None,3% avg weekend uplift,3,31,Seasonal factor: No Summer relevance; Inventory issue: Stockout for 3 days - lost 31 units
May,2024,SKU0261,Cheese Balls 150g,Snacks,Snacks,243,7.8,28917.0,-2.0,Regular consumer demand,Normal Trading,Adequate inventory maintained,Stable,None,No Summer relevance,None,5% avg weekend uplift,0,0,Seasonal factor: No Summer relevance; Niche product - irregular demand pattern
May,2024,SKU0193,Shaving Razor 2pcs,Personal Care,Grooming,644,20.8,108836.0,9.3,Regular consumer demand,Normal Trading,Adequate inventory maintained,Stable,None,No Summer relevance,None,6% avg weekend uplift,0,0,Seasonal factor: No Summer relevance
May,2024,SKU0011,Urad Dal 1kg,Grocery,Pulses,712,23.0,134568.0,9.4,Regular consumer demand,Normal Trading,Adequate inventory maintained,Stable,None,No Summer relevance,None,4% avg weekend uplift,0,0,Seasonal factor: No Summer relevance
May,2024,SKU0052,Quinoa 500g,Grocery,Grains,90,2.9,24210.0,-3.2,Regular consumer demand,Normal Trading,Adequate inventory maintained,Stable,None,No Summer relevance,None,1% avg weekend uplift,0,0,Seasonal factor: No Summer relevance; Niche product - irregular demand pattern
May,2024,SKU0020,Jaggery 1kg,Grocery,Sweeteners,887,28.6,70073.0,2.2,Regular consumer demand,Normal Trading,Adequate inventory maintained,Stable,None,No Summer relevance,None,4% avg weekend uplift,0,0,Seasonal factor: No Summer relevance
May,2024,SKU0149,Coconut Per Piece,Fruits & Vegetables,Fruits,512,16.5,16384.0,-2.8,Regular consumer demand,Normal Trading,Adequate inventory maintained,Stable,None,No Summer relevance,None,9% avg weekend uplift,0,0,Seasonal factor: No Summer relevance
May,2024,SKU0253,Dry Fruit Mix 1kg,Grocery,Nuts,237,7.6,189363.0,-15.1,Regular consumer demand,Normal Trading,Stockout for 3 days - lost 16 units,Moderate Decline,None,No Summer relevance,None,4% avg weekend uplift,3,16,Seasonal factor: No Summer relevance; Inventory issue: Stockout for 3 days - lost 16 units
May,2024,SKU0031,Cashew Nuts 500g,Grocery,Nuts,326,10.5,130074.0,5.2,Regular consumer demand,Normal Trading,Stockout for 3 days - lost 25 units,Stable,None,No Summer relevance,None,4% avg weekend uplift,3,25,Seasonal factor: No Summer relevance; Inventory issue: Stockout for 3 days - lost 25 units
May,2024,SKU0213,Mixer Grinder 750W,Electronics,Appliances,193,6.2,520907.0,3.8,Regular consumer demand,Normal Trading,Low stock impact - 15 units missed opportunity,Stable,None,No Summer relevance,None,2% avg weekend uplift,0,15,Seasonal factor: No Summer relevance; Niche product - irregular demand pattern
May,2024,SKU0245,Instant Upma Mix 500g,Grocery,Mixes,1004,32.4,89356.0,8.0,Regular consumer demand,Normal Trading,Adequate inventory maintained,Stable,None,No Summer relevance,None,4% avg weekend uplift,0,0,Seasonal factor: No Summer relevance
May,2024,SKU0181,Bath Soap 150g,Personal Care,Bath Soaps,1032,33.3,43344.0,14.8,Regular consumer demand,Normal Trading,Adequate inventory maintained,Stable,None,No Summer relevance,None,6% avg weekend uplift,0,0,Seasonal factor: No Summer relevance
May,2024,SKU0143,Garlic 250g,Fruits & Vegetables,Vegetables,829,26.7,43108.0,21.6,Regular consumer demand,Weekend/Demand Surge,Low stock impact - 22 units missed opportunity,Moderate Increase,None,No Summer relevance,None,9% avg weekend uplift,0,22,Seasonal factor: No Summer relevance
May,2024,SKU0044,Cornflakes 500g,Grocery,Breakfast,854,27.5,135786.0,19.8,Regular consumer demand,Normal Trading,Adequate inventory maintained,Stable,None,No Summer relevance,None,4% avg weekend uplift,0,0,Seasonal factor: No Summer relevance
May,2024,SKU0290,Decorative Candles 6pcs,Household,Decorations,325,10.5,45175.0,-4.7,Regular consumer demand,Normal Trading,Adequate inventory maintained,Stable,None,No Summer relevance,None,3% avg weekend uplift,0,0,Seasonal factor: No Summer relevance
May,2024,SKU0234,Bluetooth Speaker Portable,Electronics,Electronics,195,6.3,272805.0,-10.1,Regular consumer demand,Normal Trading,Adequate inventory maintained,Moderate Decline,None,No Summer relevance,None,2% avg weekend uplift,0,0,Seasonal factor: No Summer relevance; Niche product - irregular demand pattern
May,2024,SKU0230,Pongal Pot Set,Household,Religious,455,14.7,208845.0,-2.2,Regular consumer demand,Normal Trading,Adequate inventory maintained,Stable,None,No Summer relevance,None,3% avg weekend uplift,0,0,Seasonal factor: No Summer relevance
May,2024,SKU0115,Salted Peanuts 200g,Snacks,Nuts,570,18.4,45030.0,22.6,Regular consumer demand,Weekend/Demand Surge,Adequate inventory maintained,Moderate Increase,None,No Summer relevance,None,17% avg weekend uplift,0,0,Seasonal factor: No Summer relevance
May,2024,SKU0090,Mineral Water 1L,Beverages,Beverages,788,25.4,14972.0,27.1,Regular consumer demand,Weekend/Demand Surge,Adequate inventory maintained,Moderate Increase,None,No Summer relevance,None,12% avg weekend uplift,0,0,Seasonal factor: No Summer relevance
May,2024,SKU0108,Chocolate Cookies 200g,Snacks,Biscuits,628,20.3,49612.0,6.6,Regular consumer demand,Normal Trading,Adequate inventory maintained,Stable,None,No Summer relevance,None,17% avg weekend uplift,0,0,Seasonal factor: No Summer relevance
May,2024,SKU0229,Santa Cap Free Size,Lifestyle,Clothing,265,8.5,36835.0,6.9,Regular consumer demand,Normal Trading,Adequate inventory maintained,Stable,None,No Summer relevance,None,7% avg weekend uplift,0,0,Seasonal factor: No Summer relevance
May,2024,SKU0225,Plastic Chairs Single,Lifestyle,Furniture,131,4.2,81089.0,5.6,Regular consumer demand,Normal Trading,Adequate inventory maintained,Stable,None,No Summer relevance,None,2% avg weekend uplift,0,0,Seasonal factor: No Summer relevance; Niche product - irregular demand pattern
May,2024,SKU0259,Fresh Lime Soda 250ml,Beverages,Beverages,701,22.6,29442.0,61.5,Summer demand - Lime,Seasonal - Summer,Adequate inventory maintained,Strong Increase,None,Summer demand - Lime,None,12% avg weekend uplift,0,0,Seasonal factor: Summer demand - Lime; Significant demand spike - review forecast
May,2024,SKU0059,Green Gram 1kg,Grocery,Pulses,895,28.9,79655.0,11.0,Regular consumer demand,Normal Trading,Adequate inventory maintained,Stable,None,No Summer relevance,None,4% avg weekend uplift,0,0,Seasonal factor: No Summer relevance
May,2024,SKU0293,Silk Saree Combo Festival Pack,Lifestyle,Clothing,248,8.0,917352.0,0.0,Regular consumer demand,Normal Trading,Low stock impact - 7 units missed opportunity,Stable,None,No Summer relevance,None,7% avg weekend uplift,0,7,Seasonal factor: No Summer relevance
May,2024,SKU0124,Birthday Cake 1kg,Bakery,Bakery,238,7.7,109242.0,-4.0,Regular consumer demand,Normal Trading,Adequate inventory maintained,Stable,None,No Summer relevance,None,3% avg weekend uplift,0,0,Seasonal factor: No Summer relevance; Niche product - irregular demand pattern
May,2024,SKU0260,Sports Drink 250ml,Beverages,Beverages,351,11.3,18252.0,25.8,Regular consumer demand,Weekend/Demand Surge,Adequate inventory maintained,Moderate Increase,None,No Summer relevance,None,12% avg weekend uplift,0,0,Seasonal factor: No Summer relevance
May,2024,SKU0103,Murukku 250g,Snacks,Traditional Snacks,567,18.3,67473.0,30.6,Regular consumer demand,Weekend/Demand Surge,Adequate inventory maintained,Moderate Increase,None,No Summer relevance,None,17% avg weekend uplift,0,0,Seasonal factor: No Summer relevance
May,2024,SKU0166,Detergent Powder 2kg,Household,Laundry,551,17.8,126179.0,-11.1,Regular consumer demand,Normal Trading,Low stock impact - 36 units missed opportunity,Moderate Decline,None,No Summer relevance,None,3% avg weekend uplift,0,36,Seasonal factor: No Summer relevance
May,2024,SKU0164,Dishwash Liquid 750ml,Household,Cleaning,744,24.0,103416.0,-7.7,Regular consumer demand,Normal Trading,Adequate inventory maintained,Stable,None,No Summer relevance,None,3% avg weekend uplift,0,0,Seasonal factor: No Summer relevance
May,2024,SKU0167,Detergent Powder 2kg,Household,Laundry,1011,32.6,271959.0,16.5,Regular consumer demand,Normal Trading,Adequate inventory maintained,Stable,None,No Summer relevance,None,3% avg weekend uplift,0,0,Seasonal factor: No Summer relevance
May,2024,SKU0105,Banana Chips 250g,Snacks,Chips,689,22.2,61321.0,23.5,Regular consumer demand,Weekend/Demand Surge,Stockout for 4 days - lost 58 units,Moderate Increase,None,No Summer relevance,None,17% avg weekend uplift,4,58,Seasonal factor: No Summer relevance; Inventory issue: Stockout for 4 days - lost 58 units
May,2024,SKU0035,Dates Premium 500g,Grocery,Nuts,690,22.3,185610.0,11.3,Regular consumer demand,Normal Trading,Adequate inventory maintained,Stable,None,No Summer relevance,None,4% avg weekend uplift,0,0,Seasonal factor: No Summer relevance
May,2024,SKU0042,Pickle Jar 500g,Grocery,Condiments,454,14.6,54026.0,-2.4,Regular consumer demand,Normal Trading,Stockout for 4 days - lost 46 units,Stable,None,No Summer relevance,None,4% avg weekend uplift,4,46,Seasonal factor: No Summer relevance; Inventory issue: Stockout for 4 days - lost 46 units
May,2024,SKU0095,Badam Milk 180ml,Beverages,Beverages,428,13.8,17976.0,25.5,Regular consumer demand,Weekend/Demand Surge,Adequate inventory maintained,Moderate Increase,None,No Summer relevance,None,12% avg weekend uplift,0,0,Seasonal factor: No Summer relevance
May,2024,SKU0203,Pencil Box 10pcs,Stationery,Stationery,60,1.9,8340.0,-3.2,Regular consumer demand,Normal Trading,Adequate inventory maintained,Stable,None,No Summer relevance,None,1% avg weekend uplift,0,0,Seasonal factor: No Summer relevance
May,2024,SKU0111,Halwa Pack 500g,Snacks,Traditional Sweets,581,18.7,156289.0,33.9,Regular consumer demand,Weekend/Demand Surge,Adequate inventory maintained,Moderate Increase,None,No Summer relevance,None,17% avg weekend uplift,0,0,Seasonal factor: No Summer relevance
May,2024,SKU0156,Cucumber 1kg,Fruits & Vegetables,Vegetables,770,24.8,24640.0,-4.5,Regular consumer demand,Normal Trading,Adequate inventory maintained,Stable,None,No Summer relevance,None,9% avg weekend uplift,0,0,Seasonal factor: No Summer relevance
May,2024,SKU0023,Rock Salt 500g,Grocery,Salt,897,28.9,28704.0,3.3,Regular consumer demand,Normal Trading,Adequate inventory maintained,Stable,None,No Summer relevance,None,4% avg weekend uplift,0,0,Seasonal factor: No Summer relevance
May,2024,SKU0002,Ponni Rice 10kg,Grocery,Rice,709,22.9,920991.0,-4.7,Regular consumer demand,Normal Trading,Adequate inventory maintained,Stable,None,No Summer relevance,None,4% avg weekend uplift,0,0,Seasonal factor: No Summer relevance
May,2024,SKU0187,Toothpaste 150g,Personal Care,Oral Care,757,24.4,54504.0,6.2,Regular consumer demand,Normal Trading,Low stock impact - 19 units missed opportunity,Stable,None,No Summer relevance,None,6% avg weekend uplift,0,19,Seasonal factor: No Summer relevance
May,2024,SKU0275,Kitchen Towels 2 Rolls,Household,Kitchenware,422,13.6,50218.0,-9.2,Regular consumer demand,Normal Trading,Adequate inventory maintained,Stable,None,No Summer relevance,None,3% avg weekend uplift,0,0,Seasonal factor: No Summer relevance
May,2024,SKU0192,Perfume Gift Set,Personal Care,Fragrances,541,17.5,432259.0,-12.7,Regular consumer demand,Normal Trading,Low stock impact - 27 units missed opportunity,Moderate Decline,None,No Summer relevance,None,6% avg weekend uplift,0,27,Seasonal factor: No Summer relevance
May,2024,SKU0008,Maida Flour 1kg,Grocery,Flour,1016,32.8,42672.0,9.2,Regular consumer demand,Normal Trading,Adequate inventory maintained,Stable,None,No Summer relevance,None,4% avg weekend uplift,0,0,Seasonal factor: No Summer relevance
May,2024,SKU0239,Vitamin Supplements 30 tabs,Personal Care,Health,569,18.4,187201.0,8.0,Regular consumer demand,Normal Trading,Adequate inventory maintained,Stable,None,No Summer relevance,None,6% avg weekend uplift,0,0,Seasonal factor: No Summer relevance
May,2024,SKU0160,Camphor 100g,Household,Religious,240,7.7,21360.0,-3.2,Regular consumer demand,Normal Trading,Adequate inventory maintained,Stable,None,No Summer relevance,None,3% avg weekend uplift,0,0,Seasonal factor: No Summer relevance
May,2024,SKU0298,Pongal Sugar Pack 2kg,Grocery,Sweeteners,473,15.3,79937.0,1.7,Regular consumer demand,Normal Trading,Adequate inventory maintained,Stable,None,No Summer relevance,None,4% avg weekend uplift,0,0,Seasonal factor: No Summer relevance
May,2024,SKU0054,Honey 500g,Grocery,Sweeteners,634,20.5,100806.0,7.6,Regular consumer demand,Normal Trading,Low stock impact - 44 units missed opportunity,Stable,None,No Summer relevance,None,4% avg weekend uplift,0,44,Seasonal factor: No Summer relevance
May,2024,SKU0263,Frozen Veg Burger Patty 400g,Frozen Foods,Frozen Foods,260,8.4,51740.0,19.8,Regular consumer demand,Normal Trading,Adequate inventory maintained,Stable,None,No Summer relevance,None,4% avg weekend uplift,0,0,Seasonal factor: No Summer relevance; Niche product - irregular demand pattern
May,2024,SKU0019,Ghee 1L,Grocery,Ghee,778,25.1,403782.0,-3.5,Regular consumer demand,Normal Trading,Adequate inventory maintained,Stable,None,No Summer relevance,None,4% avg weekend uplift,0,0,Seasonal factor: No Summer relevance
May,2024,SKU0070,Ice Cream Family Pack 1L,Dairy,Frozen,1148,37.0,194012.0,184.9,Summer demand - Ice Cream,Seasonal - Summer,Adequate inventory maintained,Strong Increase,None,Summer demand - Ice Cream,None,7% avg weekend uplift,0,0,Seasonal factor: Summer demand - Ice Cream; Significant demand spike - review forecast
May,2024,SKU0147,Watermelon Per Piece,Fruits & Vegetables,Fruits,563,18.2,34906.0,51.3,Summer demand - Watermelon,Seasonal - Summer,Low stock impact - 60 units missed opportunity,Strong Increase,None,Summer demand - Watermelon,None,9% avg weekend uplift,0,60,Seasonal factor: Summer demand - Watermelon; Significant demand spike - review forecast
May,2024,SKU0286,Dry Fruit Gift Hamper Combo,Grocery,Gift Sets,405,13.1,485595.0,18.8,Regular consumer demand,Normal Trading,Adequate inventory maintained,Stable,None,No Summer relevance,None,4% avg weekend uplift,0,0,Seasonal factor: No Summer relevance
May,2024,SKU0047,Biryani Masala 100g,Grocery,Spices,506,16.3,21252.0,16.6,Regular consumer demand,Normal Trading,Adequate inventory maintained,Stable,None,No Summer relevance,None,4% avg weekend uplift,0,0,Seasonal factor: No Summer relevance
May,2024,SKU0182,Bath Soap 125g,Personal Care,Bath Soaps,1019,32.9,63178.0,13.3,Regular consumer demand,Normal Trading,Adequate inventory maintained,Stable,None,No Summer relevance,None,6% avg weekend uplift,0,0,Seasonal factor: No Summer relevance
May,2024,SKU0183,Shampoo Sachet 6ml,Personal Care,Hair Care,499,16.1,2495.0,-5.3,Regular consumer demand,Normal Trading,Adequate inventory maintained,Stable,None,No Summer relevance,None,6% avg weekend uplift,0,0,Seasonal factor: No Summer relevance
May,2024,SKU0069,Flavored Yogurt 90g,Dairy,Dairy,89,2.9,3738.0,-4.3,Regular consumer demand,Normal Trading,Adequate inventory maintained,Stable,None,No Summer relevance,None,2% avg weekend uplift,0,0,Seasonal factor: No Summer relevance; Niche product - irregular demand pattern
May,2024,SKU0007,Wheat Flour Atta 5kg,Grocery,Atta,839,27.1,250861.0,12.8,Regular consumer demand,Normal Trading,Adequate inventory maintained,Stable,None,No Summer relevance,None,4% avg weekend uplift,0,0,Seasonal factor: No Summer relevance
May,2024,SKU0276,Match Box 10pcs,Household,Household,858,27.7,19734.0,-7.7,Regular consumer demand,Normal Trading,Adequate inventory maintained,Stable,None,No Summer relevance,None,3% avg weekend uplift,0,0,Seasonal factor: No Summer relevance
May,2024,SKU0096,Fruit Syrup 750ml,Beverages,Syrups,713,23.0,113367.0,21.1,Regular consumer demand,Weekend/Demand Surge,Adequate inventory maintained,Moderate Increase,None,No Summer relevance,None,12% avg weekend uplift,0,0,Seasonal factor: No Summer relevance
May,2024,SKU0079,Probiotic Drink 5pcs,Dairy,Beverages,176,5.7,20944.0,-5.4,Regular consumer demand,Normal Trading,Adequate inventory maintained,Stable,None,No Summer relevance,None,2% avg weekend uplift,0,0,Seasonal factor: No Summer relevance; Niche product - irregular demand pattern
May,2024,SKU0078,Dairy Whitener 400g,Dairy,Dairy,905,29.2,125795.0,-2.7,Regular consumer demand,Normal Trading,Adequate inventory maintained,Stable,None,No Summer relevance,None,7% avg weekend uplift,0,0,Seasonal factor: No Summer relevance
May,2024,SKU0116,Namkeen Mix 400g,Snacks,Traditional Snacks,673,21.7,93547.0,14.3,Regular consumer demand,Normal Trading,Low stock impact - 24 units missed opportunity,Stable,None,No Summer relevance,None,17% avg weekend uplift,0,24,Seasonal factor: No Summer relevance
May,2024,SKU0281,Mosquito Bat Rechargeable,Household,Pest Control,869,28.0,285901.0,16.8,Regular consumer demand,Normal Trading,Adequate inventory maintained,Stable,None,No Summer relevance,None,3% avg weekend uplift,0,0,Seasonal factor: No Summer relevance
May,2024,SKU0226,Saree Gift Pack Silk Blend,Lifestyle,Clothing,302,9.7,815098.0,21.8,Regular consumer demand,Weekend/Demand Surge,Adequate inventory maintained,Moderate Increase,None,No Summer relevance,None,7% avg weekend uplift,0,0,Seasonal factor: No Summer relevance
May,2024,SKU0238,Face Mask Pack 3pcs,Personal Care,Beauty,147,4.7,33663.0,-5.2,Regular consumer demand,Normal Trading,Adequate inventory maintained,Stable,None,No Summer relevance,None,2% avg weekend uplift,0,0,Seasonal factor: No Summer relevance; Niche product - irregular demand pattern
May,2024,SKU0299,Ramadan Combo Kit,Grocery,Gift Sets,271,8.7,216529.0,-2.9,Regular consumer demand,Normal Trading,Adequate inventory maintained,Stable,None,No Summer relevance,None,4% avg weekend uplift,0,0,Seasonal factor: No Summer relevance
May,2024,SKU0050,Sugar Candy 250g,Grocery,Sweeteners,588,19.0,42336.0,-5.2,Regular consumer demand,Normal Trading,Adequate inventory maintained,Stable,None,No Summer relevance,None,4% avg weekend uplift,0,0,Seasonal factor: No Summer relevance
May,2024,SKU0128,Donuts 2pcs,Bakery,Bakery,266,8.6,31654.0,7.3,Regular consumer demand,Normal Trading,Adequate inventory maintained,Stable,None,No Summer relevance,None,3% avg weekend uplift,0,0,Seasonal factor: No Summer relevance; Niche product - irregular demand pattern
May,2024,SKU0272,Lunch Box Medium,Household,Kitchenware,904,29.2,243176.0,0.6,Regular consumer demand,Normal Trading,Low stock impact - 68 units missed opportunity,Stable,None,No Summer relevance,None,3% avg weekend uplift,0,68,Seasonal factor: No Summer relevance
May,2024,SKU0244,Green Peas Masala 200g,Grocery,Mixes,139,4.5,10981.0,-10.3,Regular consumer demand,Normal Trading,Adequate inventory maintained,Moderate Decline,None,No Summer relevance,None,1% avg weekend uplift,0,0,Seasonal factor: No Summer relevance; Niche product - irregular demand pattern
May,2024,SKU0014,Groundnut Oil 1L,Grocery,Oil,925,29.8,119325.0,2.9,Regular consumer demand,Normal Trading,Adequate inventory maintained,Stable,None,No Summer relevance,None,4% avg weekend uplift,0,0,Seasonal factor: No Summer relevance
May,2024,SKU0106,Popcorn 100g,Snacks,Chips,743,24.0,31206.0,8.9,Regular consumer demand,Normal Trading,Adequate inventory maintained,Stable,None,No Summer relevance,None,17% avg weekend uplift,0,0,Seasonal factor: No Summer relevance
May,2024,SKU0013,Chana Dal 1kg,Grocery,Pulses,776,25.0,123384.0,-10.6,Regular consumer demand,Normal Trading,Adequate inventory maintained,Moderate Decline,None,No Summer relevance,None,4% avg weekend uplift,0,0,Seasonal factor: No Summer relevance
May,2024,SKU0029,Pepper Powder 100g,Grocery,Spices,598,19.3,71162.0,1.5,Regular consumer demand,Normal Trading,Stockout for 5 days - lost 92 units,Stable,None,No Summer relevance,None,4% avg weekend uplift,5,92,Seasonal factor: No Summer relevance; Inventory issue: Stockout for 5 days - lost 92 units
May,2024,SKU0218,Umbrella Large,Lifestyle,Rainwear,261,8.4,85869.0,5.2,Regular consumer demand,Normal Trading,Adequate inventory maintained,Stable,None,No Summer relevance,None,7% avg weekend uplift,0,0,Seasonal factor: No Summer relevance
May,2024,SKU0287,Festival Sweet Combo 2kg,Snacks,Traditional Sweets,251,8.1,200549.0,1.2,Regular consumer demand,Normal Trading,Adequate inventory maintained,Stable,None,No Summer relevance,None,17% avg weekend uplift,0,0,Seasonal factor: No Summer relevance
May,2024,SKU0037,Aval / Poha 1kg,Grocery,Breakfast,669,21.6,41478.0,-1.9,Regular consumer demand,Normal Trading,Low stock impact - 30 units missed opportunity,Stable,None,No Summer relevance,None,4% avg weekend uplift,0,30,Seasonal factor: No Summer relevance
May,2024,SKU0127,Plum Cake 500g,Bakery,Bakery,759,24.5,204171.0,22.4,Regular consumer demand,Weekend/Demand Surge,Adequate inventory maintained,Moderate Increase,None,No Summer relevance,None,10% avg weekend uplift,0,0,Seasonal factor: No Summer relevance
May,2024,SKU0198,Baby Powder 200g,Personal Care,Baby Care,933,30.1,129687.0,0.3,Regular consumer demand,Normal Trading,Adequate inventory maintained,Stable,None,No Summer relevance,None,6% avg weekend uplift,0,0,Seasonal factor: No Summer relevance
May,2024,SKU0028,Rasam Powder 200g,Grocery,Spices,441,14.2,31752.0,-11.1,Regular consumer demand,Normal Trading,Low stock impact - 35 units missed opportunity,Moderate Decline,None,No Summer relevance,None,4% avg weekend uplift,0,35,Seasonal factor: No Summer relevance
May,2024,SKU0121,Burger Buns 4pcs,Bakery,Bakery,826,26.6,26432.0,11.0,Regular consumer demand,Normal Trading,Adequate inventory maintained,Stable,None,No Summer relevance,None,10% avg weekend uplift,0,0,Seasonal factor: No Summer relevance
May,2024,SKU0269,Hair Gel 100ml,Personal Care,Hair Care,167,5.4,23213.0,7.7,Regular consumer demand,Normal Trading,Low stock impact - 6 units missed opportunity,Stable,None,No Summer relevance,None,2% avg weekend uplift,0,6,Seasonal factor: No Summer relevance; Niche product - irregular demand pattern
May,2024,SKU0284,Coconut Scraper Manual,Household,Kitchenware,186,6.0,50034.0,-14.3,Regular consumer demand,Normal Trading,Low stock impact - 20 units missed opportunity,Moderate Decline,None,No Summer relevance,None,1% avg weekend uplift,0,20,Seasonal factor: No Summer relevance; Niche product - irregular demand pattern
May,2024,SKU0135,Ice Cubes 1kg,Frozen Foods,Frozen Foods,340,11.0,14280.0,21.9,Regular consumer demand,Weekend/Demand Surge,Stockout for 2 days - lost 20 units,Moderate Increase,None,No Summer relevance,None,15% avg weekend uplift,2,20,Seasonal factor: No Summer relevance; Inventory issue: Stockout for 2 days - lost 20 units
May,2024,SKU0243,Instant Soup 3 Pack,Grocery,Instant Foods,235,7.6,32665.0,-5.2,Regular consumer demand,Normal Trading,Low stock impact - 18 units missed opportunity,Stable,None,No Summer relevance,None,4% avg weekend uplift,0,18,Seasonal factor: No Summer relevance
May,2024,SKU0040,Tamarind 500g,Grocery,Spices,857,27.6,76273.0,10.6,Regular consumer demand,Normal Trading,Adequate inventory maintained,Stable,None,No Summer relevance,None,4% avg weekend uplift,0,0,Seasonal factor: No Summer relevance
May,2024,SKU0258,Instant Coffee Sachet 10pcs,Beverages,Coffee,782,25.2,48484.0,9.7,Regular consumer demand,Normal Trading,Adequate inventory maintained,Stable,None,No Summer relevance,None,12% avg weekend uplift,0,0,Seasonal factor: No Summer relevance
May,2024,SKU0242,Salt Biscuits 300g,Snacks,Biscuits,896,28.9,55552.0,3.2,Regular consumer demand,Normal Trading,Adequate inventory maintained,Stable,None,No Summer relevance,None,17% avg weekend uplift,0,0,Seasonal factor: No Summer relevance
May,2024,SKU0112,Sweet Box Assorted 1kg,Snacks,Traditional Sweets,684,22.1,313956.0,22.6,Regular consumer demand,Weekend/Demand Surge,Adequate inventory maintained,Moderate Increase,None,No Summer relevance,None,17% avg weekend uplift,0,0,Seasonal factor: No Summer relevance
May,2024,SKU0211,USB Cable 1m,Electronics,Electronics,161,5.2,36869.0,-13.4,Regular consumer demand,Normal Trading,Low stock impact - 8 units missed opportunity,Moderate Decline,None,No Summer relevance,None,2% avg weekend uplift,0,8,Seasonal factor: No Summer relevance; Niche product - irregular demand pattern
May,2024,SKU0273,Vacuum Flask 1L,Household,Kitchenware,170,5.5,71230.0,-8.6,Regular consumer demand,Normal Trading,Adequate inventory maintained,Stable,None,No Summer relevance,None,1% avg weekend uplift,0,0,Seasonal factor: No Summer relevance; Niche product - irregular demand pattern
May,2024,SKU0274,Plastic Storage Container Set,Household,Kitchenware,123,4.0,98277.0,-0.8,Regular consumer demand,Normal Trading,Adequate inventory maintained,Stable,None,No Summer relevance,None,1% avg weekend uplift,0,0,Seasonal factor: No Summer relevance; Niche product - irregular demand pattern
May,2024,SKU0093,Tender Coconut Water 250ml,Beverages,Beverages,161,5.2,6762.0,3.9,Regular consumer demand,Normal Trading,Adequate inventory maintained,Stable,None,No Summer relevance,None,3% avg weekend uplift,0,0,Seasonal factor: No Summer relevance; Niche product - irregular demand pattern
May,2024,SKU0120,Bread Loaf 400g,Bakery,Bakery,1314,42.4,51246.0,3.4,Regular consumer demand,Normal Trading,Adequate inventory maintained,Stable,None,No Summer relevance,None,10% avg weekend uplift,0,0,Seasonal factor: No Summer relevance
May,2024,SKU0228,Christmas Tree Decor Combo,Household,Decorations,335,10.8,267665.0,8.1,Regular consumer demand,Normal Trading,Adequate inventory maintained,Stable,None,No Summer relevance,None,3% avg weekend uplift,0,0,Seasonal factor: No Summer relevance
May,2024,SKU0233,Drinking Water Can 20L,Beverages,Beverages,1057,34.1,83503.0,13.7,Regular consumer demand,Normal Trading,Adequate inventory maintained,Stable,None,No Summer relevance,None,12% avg weekend uplift,0,0,Seasonal factor: No Summer relevance
May,2024,SKU0185,Hair Oil 500ml,Personal Care,Hair Care,698,22.5,97022.0,7.2,Regular consumer demand,Normal Trading,Adequate inventory maintained,Stable,None,No Summer relevance,None,6% avg weekend uplift,0,0,Seasonal factor: No Summer relevance
May,2024,SKU0016,Gingelly Oil 1L,Grocery,Oil,542,17.5,97018.0,-8.0,Regular consumer demand,Normal Trading,Low stock impact - 31 units missed opportunity,Stable,None,No Summer relevance,None,4% avg weekend uplift,0,31,Seasonal factor: No Summer relevance
May,2024,SKU0110,Dry Fruit Laddu Box 500g,Snacks,Traditional Sweets,300,9.7,110700.0,7.5,Regular consumer demand,Normal Trading,Adequate inventory maintained,Stable,None,No Summer relevance,None,17% avg weekend uplift,0,0,Seasonal factor: No Summer relevance
May,2024,SKU0022,Salt 1kg,Grocery,Salt,426,13.7,11076.0,-8.4,Regular consumer demand,Normal Trading,Adequate inventory maintained,Stable,None,No Summer relevance,None,4% avg weekend uplift,0,0,Seasonal factor: No Summer relevance
May,2024,SKU0153,Orange 1kg,Fruits & Vegetables,Fruits,935,30.2,83215.0,16.0,Regular consumer demand,Normal Trading,Adequate inventory maintained,Stable,None,No Summer relevance,None,9% avg weekend uplift,0,0,Seasonal factor: No Summer relevance
May,2024,SKU0017,Coconut Oil 1L,Grocery,Oil,664,21.4,92296.0,-6.9,Regular consumer demand,Normal Trading,Adequate inventory maintained,Stable,None,No Summer relevance,None,4% avg weekend uplift,0,0,Seasonal factor: No Summer relevance
May,2024,SKU0278,LED Lantern Rechargeable,Electronics,Lighting,507,16.4,212433.0,-3.8,Regular consumer demand,Normal Trading,Adequate inventory maintained,Stable,None,No Summer relevance,None,6% avg weekend uplift,0,0,Seasonal factor: No Summer relevance
May,2024,SKU0179,Banana Leaf Pack 10pcs,Grocery,Religious,470,15.2,37130.0,-5.2,Regular consumer demand,Normal Trading,Adequate inventory maintained,Stable,None,No Summer relevance,None,4% avg weekend uplift,0,0,Seasonal factor: No Summer relevance
May,2024,SKU0083,Filter Coffee Powder 500g,Beverages,Coffee,791,25.5,181139.0,27.6,Regular consumer demand,Weekend/Demand Surge,Adequate inventory maintained,Moderate Increase,None,No Summer relevance,None,12% avg weekend uplift,0,0,Seasonal factor: No Summer relevance
May,2024,SKU0237,Hair Dryer 1200W,Electronics,Electronics,84,2.7,100716.0,-9.7,Regular consumer demand,Normal Trading,Adequate inventory maintained,Stable,None,No Summer relevance,None,2% avg weekend uplift,0,0,Seasonal factor: No Summer relevance; Niche product - irregular demand pattern
May,2024,SKU0256,Vermicelli Kheer Mix 200g,Grocery,Mixes,600,19.4,43200.0,1.9,Regular consumer demand,Normal Trading,Adequate inventory maintained,Stable,None,No Summer relevance,None,4% avg weekend uplift,0,0,Seasonal factor: No Summer relevance
May,2024,SKU0197,Baby Soap 100g,Personal Care,Baby Care,424,13.7,33496.0,-8.8,Regular consumer demand,Normal Trading,Adequate inventory maintained,Stable,None,No Summer relevance,None,6% avg weekend uplift,0,0,Seasonal factor: No Summer relevance
May,2024,SKU0262,Protein Shake 400g,Beverages,Health Drinks,205,6.6,85895.0,-5.5,Regular consumer demand,Normal Trading,Low stock impact - 13 units missed opportunity,Stable,None,No Summer relevance,None,3% avg weekend uplift,0,13,Seasonal factor: No Summer relevance; Niche product - irregular demand pattern
May,2024,SKU0092,Rose Milk 200ml,Beverages,Beverages,197,6.4,6304.0,-9.2,Regular consumer demand,Normal Trading,Adequate inventory maintained,Stable,None,No Summer relevance,None,3% avg weekend uplift,0,0,Seasonal factor: No Summer relevance; Niche product - irregular demand pattern
May,2024,SKU0199,Hand Wash 750ml,Personal Care,Hygiene,477,15.4,80613.0,-3.8,Regular consumer demand,Normal Trading,Adequate inventory maintained,Stable,None,No Summer relevance,None,6% avg weekend uplift,0,0,Seasonal factor: No Summer relevance
May,2024,SKU0131,Frozen Fries 420g,Frozen Foods,Frozen Foods,705,22.7,97995.0,13.7,Regular consumer demand,Normal Trading,Low stock impact - 23 units missed opportunity,Stable,None,No Summer relevance,None,15% avg weekend uplift,0,23,Seasonal factor: No Summer relevance
May,2024,SKU0057,Pasta Sauce 300g,Grocery,Condiments,227,7.3,20203.0,-8.5,Regular consumer demand,Normal Trading,Adequate inventory maintained,Stable,None,No Summer relevance,None,1% avg weekend uplift,0,0,Seasonal factor: No Summer relevance; Niche product - irregular demand pattern
May,2024,SKU0099,Cold Coffee 180ml,Beverages,Beverages,630,20.3,26460.0,12.9,Regular consumer demand,Normal Trading,Adequate inventory maintained,Stable,None,No Summer relevance,None,12% avg weekend uplift,0,0,Seasonal factor: No Summer relevance
May,2024,SKU0051,Organic Brown Rice 5kg,Grocery,Rice,208,6.7,95472.0,11.8,Regular consumer demand,Normal Trading,Adequate inventory maintained,Stable,None,No Summer relevance,None,1% avg weekend uplift,0,0,Seasonal factor: No Summer relevance; Niche product - irregular demand pattern
May,2024,SKU0191,Deodorant Spray 150ml,Personal Care,Deodorants,1028,33.2,235412.0,14.3,Regular consumer demand,Normal Trading,Adequate inventory maintained,Stable,None,No Summer relevance,None,6% avg weekend uplift,0,0,Seasonal factor: No Summer relevance
May,2024,SKU0254,Pista Cookies 400g,Snacks,Biscuits,358,11.5,81982.0,5.0,Regular consumer demand,Normal Trading,Adequate inventory maintained,Stable,None,No Summer relevance,None,17% avg weekend uplift,0,0,Seasonal factor: No Summer relevance
May,2024,SKU0205,Printer Paper 500 sheets,Stationery,Stationery,64,2.1,17216.0,3.2,Regular consumer demand,Normal Trading,Adequate inventory maintained,Stable,None,No Summer relevance,None,1% avg weekend uplift,0,0,Seasonal factor: No Summer relevance
May,2024,SKU0074,Greek Yogurt 400g,Dairy,Dairy,115,3.7,13685.0,-7.3,Regular consumer demand,Normal Trading,Adequate inventory maintained,Stable,None,No Summer relevance,None,2% avg weekend uplift,0,0,Seasonal factor: No Summer relevance; Niche product - irregular demand pattern
May,2024,SKU0232,Disposable Plates & Cups 50pcs,Household,Party Supplies,706,22.8,161674.0,13.9,Regular consumer demand,Normal Trading,Adequate inventory maintained,Stable,None,No Summer relevance,None,3% avg weekend uplift,0,0,Seasonal factor: No Summer relevance
May,2024,SKU0168,Fabric Conditioner 860ml,Household,Laundry,187,6.0,29733.0,0.5,Regular consumer demand,Normal Trading,Adequate inventory maintained,Stable,None,No Summer relevance,None,1% avg weekend uplift,0,0,Seasonal factor: No Summer relevance; Niche product - irregular demand pattern
May,2024,SKU0009,Rava / Sooji 1kg,Grocery,Flour,1030,33.2,53560.0,14.6,Regular consumer demand,Normal Trading,Adequate inventory maintained,Stable,None,No Summer relevance,None,4% avg weekend uplift,0,0,Seasonal factor: No Summer relevance
May,2024,SKU0046,Nutella Spread 350g,Grocery,Spreads,172,5.5,46268.0,-7.5,Regular consumer demand,Normal Trading,Adequate inventory maintained,Stable,None,No Summer relevance,None,1% avg weekend uplift,0,0,Seasonal factor: No Summer relevance; Niche product - irregular demand pattern
May,2024,SKU0221,Bedsheet Queen Size,Lifestyle,Bedding,617,19.9,492983.0,-0.5,Regular consumer demand,Normal Trading,Adequate inventory maintained,Stable,None,No Summer relevance,None,7% avg weekend uplift,0,0,Seasonal factor: No Summer relevance
May,2024,SKU0300,Diwali Gift Hamper,Grocery,Gift Sets,307,9.9,368093.0,-1.0,Regular consumer demand,Normal Trading,Stockout for 2 days - lost 13 units,Stable,None,No Summer relevance,None,4% avg weekend uplift,2,13,Seasonal factor: No Summer relevance; Inventory issue: Stockout for 2 days - lost 13 units
May,2024,SKU0114,Nachos 150g,Snacks,Chips,133,4.3,11837.0,7.3,Regular consumer demand,Normal Trading,Adequate inventory maintained,Stable,None,No Summer relevance,None,5% avg weekend uplift,0,0,Seasonal factor: No Summer relevance; Niche product - irregular demand pattern
May,2024,SKU0027,Sambar Powder 500g,Grocery,Spices,631,20.4,56159.0,-3.1,Regular consumer demand,Normal Trading,Adequate inventory maintained,Stable,None,No Summer relevance,None,4% avg weekend uplift,0,0,Seasonal factor: No Summer relevance
May,2024,SKU0236,Trimmer Rechargeable,Electronics,Electronics,187,6.0,149413.0,-13.8,Regular consumer demand,Normal Trading,Low stock impact - 5 units missed opportunity,Moderate Decline,None,No Summer relevance,None,2% avg weekend uplift,0,5,Seasonal factor: No Summer relevance; Niche product - irregular demand pattern
May,2024,SKU0089,Soda Bottles 750ml,Beverages,Beverages,456,14.7,14592.0,-8.1,Regular consumer demand,Normal Trading,Low stock impact - 48 units missed opportunity,Stable,None,No Summer relevance,None,12% avg weekend uplift,0,48,Seasonal factor: No Summer relevance
May,2024,SKU0145,Apple 1kg,Fruits & Vegetables,Fruits,753,24.3,127257.0,1.2,Regular consumer demand,Normal Trading,Adequate inventory maintained,Stable,None,No Summer relevance,None,9% avg weekend uplift,0,0,Seasonal factor: No Summer relevance
May,2024,SKU0202,Ball Pen Pack 10pcs,Stationery,Stationery,862,27.8,53444.0,-7.3,Regular consumer demand,Normal Trading,Adequate inventory maintained,Stable,None,No Summer relevance,None,3% avg weekend uplift,0,0,Seasonal factor: No Summer relevance
May,2024,SKU0250,Coconut Cookies 200g,Snacks,Biscuits,724,23.4,52128.0,-10.2,Regular consumer demand,Normal Trading,Low stock impact - 80 units missed opportunity,Moderate Decline,None,No Summer relevance,None,17% avg weekend uplift,0,80,Seasonal factor: No Summer relevance
May,2024,SKU0172,Mosquito Refill 45ml,Household,Pest Control,866,27.9,120374.0,-0.2,Regular consumer demand,Normal Trading,Low stock impact - 25 units missed opportunity,Stable,None,No Summer relevance,None,3% avg weekend uplift,0,25,Seasonal factor: No Summer relevance
May,2024,SKU0034,Raisins 250g,Grocery,Nuts,554,17.9,93626.0,-5.9,Regular consumer demand,Normal Trading,Adequate inventory maintained,Stable,None,No Summer relevance,None,4% avg weekend uplift,0,0,Seasonal factor: No Summer relevance
May,2024,SKU0148,Mango 1kg,Fruits & Vegetables,Fruits,639,20.6,88821.0,14.5,Regular consumer demand,Normal Trading,Adequate inventory maintained,Stable,None,No Summer relevance,None,9% avg weekend uplift,0,0,Seasonal factor: No Summer relevance
May,2024,SKU0157,Carrot 1kg,Fruits & Vegetables,Vegetables,960,31.0,49920.0,10.6,Regular consumer demand,Normal Trading,Adequate inventory maintained,Stable,None,No Summer relevance,None,9% avg weekend uplift,0,0,Seasonal factor: No Summer relevance
May,2024,SKU0107,Biscuit Pack 300g,Snacks,Biscuits,603,19.5,43416.0,29.7,Regular consumer demand,Weekend/Demand Surge,Adequate inventory maintained,Moderate Increase,None,No Summer relevance,None,17% avg weekend uplift,0,0,Seasonal factor: No Summer relevance
May,2024,SKU0184,Shampoo Bottle 340ml,Personal Care,Hair Care,858,27.7,230802.0,10.7,Regular consumer demand,Normal Trading,Adequate inventory maintained,Stable,None,No Summer relevance,None,6% avg weekend uplift,0,0,Seasonal factor: No Summer relevance
May,2024,SKU0196,Baby Lotion 200ml,Personal Care,Baby Care,808,26.1,185032.0,13.3,Regular consumer demand,Normal Trading,Adequate inventory maintained,Stable,None,No Summer relevance,None,6% avg weekend uplift,0,0,Seasonal factor: No Summer relevance
May,2024,SKU0200,Hand Sanitizer 500ml,Personal Care,Hygiene,548,17.7,87132.0,-1.8,Regular consumer demand,Normal Trading,Low stock impact - 19 units missed opportunity,Stable,None,No Summer relevance,None,6% avg weekend uplift,0,19,Seasonal factor: No Summer relevance
May,2024,SKU0208,Extension Box 4 socket,Electronics,Electrical,208,6.7,95472.0,11.8,Regular consumer demand,Normal Trading,Adequate inventory maintained,Stable,None,No Summer relevance,None,2% avg weekend uplift,0,0,Seasonal factor: No Summer relevance; Niche product - irregular demand pattern
May,2024,SKU0214,Rice Cooker 1.8L,Electronics,Appliances,91,2.9,191009.0,-2.2,Regular consumer demand,Normal Trading,Adequate inventory maintained,Stable,None,No Summer relevance,None,2% avg weekend uplift,0,0,Seasonal factor: No Summer relevance; Niche product - irregular demand pattern
May,2024,SKU0289,Pooja Oil 500ml,Grocery,Religious,405,13.1,68445.0,-6.7,Regular consumer demand,Normal Trading,Adequate inventory maintained,Stable,None,No Summer relevance,None,4% avg weekend uplift,0,0,Seasonal factor: No Summer relevance
May,2024,SKU0295,Kids Festive Wear Medium,Lifestyle,Clothing,533,17.2,745667.0,-4.5,Regular consumer demand,Normal Trading,Adequate inventory maintained,Stable,None,No Summer relevance,None,7% avg weekend uplift,0,0,Seasonal factor: No Summer relevance
May,2024,SKU0075,Imported Cheese 200g,Dairy,Dairy,175,5.6,40075.0,-5.9,Regular consumer demand,Normal Trading,Stockout for 2 days - lost 10 units,Stable,None,No Summer relevance,None,2% avg weekend uplift,2,10,Seasonal factor: No Summer relevance; Inventory issue: Stockout for 2 days - lost 10 units; Niche product - irregular demand pattern
May,2024,SKU0235,Smart Watch Standard,Electronics,Electronics,177,5.7,406923.0,14.2,Regular consumer demand,Normal Trading,Adequate inventory maintained,Stable,None,No Summer relevance,None,2% avg weekend uplift,0,0,Seasonal factor: No Summer relevance; Niche product - irregular demand pattern
May,2024,SKU0072,Condensed Milk 400g,Dairy,Dairy,683,22.0,94937.0,16.0,Regular consumer demand,Normal Trading,Stockout for 2 days - lost 30 units,Stable,None,No Summer relevance,None,7% avg weekend uplift,2,30,Seasonal factor: No Summer relevance; Inventory issue: Stockout for 2 days - lost 30 units
May,2024,SKU0117,Energy Bar 6pcs,Snacks,Health Bars,142,4.6,38198.0,-8.4,Regular consumer demand,Normal Trading,Adequate inventory maintained,Stable,None,No Summer relevance,None,5% avg weekend uplift,0,0,Seasonal factor: No Summer relevance; Niche product - irregular demand pattern
May,2024,SKU0067,Cheese Slices 200g,Dairy,Dairy,887,28.6,105553.0,-4.6,Regular consumer demand,Normal Trading,Adequate inventory maintained,Stable,None,No Summer relevance,None,7% avg weekend uplift,0,0,Seasonal factor: No Summer relevance
May,2024,SKU0091,Mango Juice 1L,Beverages,Juices,1230,39.7,109470.0,98.4,Summer demand - Juice,Seasonal - Summer,Adequate inventory maintained,Strong Increase,None,Summer demand - Juice,None,12% avg weekend uplift,0,0,Seasonal factor: Summer demand - Juice; Significant demand spike - review forecast
May,2024,SKU0227,Dhoti Set XL,Lifestyle,Clothing,737,23.8,588863.0,18.9,Regular consumer demand,Normal Trading,Adequate inventory maintained,Stable,None,No Summer relevance,None,7% avg weekend uplift,0,0,Seasonal factor: No Summer relevance
May,2024,SKU0279,Mobile Power Bank 10000mAh,Electronics,Electronics,140,4.5,195860.0,-9.7,Regular consumer demand,Normal Trading,Adequate inventory maintained,Stable,None,No Summer relevance,None,2% avg weekend uplift,0,0,Seasonal factor: No Summer relevance; Niche product - irregular demand pattern
May,2024,SKU0056,Pasta 500g,Grocery,Pasta,457,14.7,36103.0,-1.7,Regular consumer demand,Normal Trading,Adequate inventory maintained,Stable,None,No Summer relevance,None,4% avg weekend uplift,0,0,Seasonal factor: No Summer relevance
May,2024,SKU0177,Steel Tiffin Box 3-tier,Household,Kitchenware,266,8.6,122094.0,7.3,Regular consumer demand,Normal Trading,Adequate inventory maintained,Stable,None,No Summer relevance,None,1% avg weekend uplift,0,0,Seasonal factor: No Summer relevance; Niche product - irregular demand pattern
May,2024,SKU0216,Emergency Lamp Rechargeable,Electronics,Lighting,401,12.9,320399.0,-7.6,Regular consumer demand,Normal Trading,Adequate inventory maintained,Stable,None,No Summer relevance,None,6% avg weekend uplift,0,0,Seasonal factor: No Summer relevance
May,2024,SKU0024,Turmeric Powder 200g,Grocery,Spices,893,28.8,55366.0,6.7,Regular consumer demand,Normal Trading,Low stock impact - 81 units missed opportunity,Stable,None,No Summer relevance,None,4% avg weekend uplift,0,81,Seasonal factor: No Summer relevance
May,2024,SKU0162,Decorative Lights 20m,Household,Decorations,240,7.7,110160.0,-14.0,Regular consumer demand,Normal Trading,Low stock impact - 8 units missed opportunity,Moderate Decline,None,No Summer relevance,None,3% avg weekend uplift,0,8,Seasonal factor: No Summer relevance
May,2024,SKU0163,Rangoli Powder 500g,Household,Decorations,343,11.1,21266.0,0.6,Regular consumer demand,Normal Trading,Adequate inventory maintained,Stable,None,No Summer relevance,None,3% avg weekend uplift,0,0,Seasonal factor: No Summer relevance
May,2024,SKU0064,Curd Cup 400g,Dairy,Dairy,949,30.6,39858.0,13.4,Regular consumer demand,Normal Trading,Adequate inventory maintained,Stable,None,No Summer relevance,None,7% avg weekend uplift,0,0,Seasonal factor: No Summer relevance
May,2024,SKU0126,Croissants 6pcs,Bakery,Bakery,271,8.7,37669.0,9.3,Regular consumer demand,Normal Trading,Adequate inventory maintained,Stable,None,No Summer relevance,None,3% avg weekend uplift,0,0,Seasonal factor: No Summer relevance; Niche product - irregular demand pattern
May,2024,SKU0134,Frozen Sweet Corn 500g,Frozen Foods,Frozen Foods,1281,41.3,126819.0,47.6,Buy 1 Get 1 on ice creams,Promotion - Summer Mega Sale,Adequate inventory maintained,Moderate Increase,None,No Summer relevance,Summer Mega Sale,15% avg weekend uplift,0,0,Seasonal factor: No Summer relevance; Promotion active: Summer Mega Sale
May,2024,SKU0141,Green Chilli 250g,Fruits & Vegetables,Vegetables,1442,46.5,46144.0,19.3,Regular consumer demand,Normal Trading,Adequate inventory maintained,Stable,None,No Summer relevance,None,9% avg weekend uplift,0,0,Seasonal factor: No Summer relevance
May,2024,SKU0025,Chilli Powder 500g,Grocery,Spices,856,27.6,67624.0,6.2,Regular consumer demand,Normal Trading,Low stock impact - 78 units missed opportunity,Stable,None,No Summer relevance,None,4% avg weekend uplift,0,78,Seasonal factor: No Summer relevance
May,2024,SKU0297,Temple Coconut Pack 5pcs,Fruits & Vegetables,Fruits,566,18.3,95654.0,7.4,Regular consumer demand,Normal Trading,Adequate inventory maintained,Stable,None,No Summer relevance,None,9% avg weekend uplift,0,0,Seasonal factor: No Summer relevance
May,2024,SKU0018,Ghee 500ml,Grocery,Ghee,733,23.6,197177.0,18.2,Regular consumer demand,Normal Trading,Adequate inventory maintained,Stable,None,No Summer relevance,None,4% avg weekend uplift,0,0,Seasonal factor: No Summer relevance
May,2024,SKU0174,Pressure Cooker 5L,Household,Cookware,180,5.8,215820.0,-3.2,Regular consumer demand,Normal Trading,Adequate inventory maintained,Stable,None,No Summer relevance,None,1% avg weekend uplift,0,0,Seasonal factor: No Summer relevance; Niche product - irregular demand pattern
May,2024,SKU0175,Non-Stick Pan 28cm,Household,Cookware,124,4.0,99076.0,0.0,Regular consumer demand,Normal Trading,Adequate inventory maintained,Stable,None,No Summer relevance,None,1% avg weekend uplift,0,0,Seasonal factor: No Summer relevance; Niche product - irregular demand pattern
May,2024,SKU0212,Electric Kettle 1.5L,Electronics,Appliances,206,6.6,246994.0,-5.1,Regular consumer demand,Normal Trading,Adequate inventory maintained,Stable,None,No Summer relevance,None,2% avg weekend uplift,0,0,Seasonal factor: No Summer relevance; Niche product - irregular demand pattern
May,2024,SKU0270,Beard Oil 50ml,Personal Care,Grooming,136,4.4,36584.0,9.7,Regular consumer demand,Normal Trading,Low stock impact - 7 units missed opportunity,Stable,None,No Summer relevance,None,2% avg weekend uplift,0,7,Seasonal factor: No Summer relevance; Niche product - irregular demand pattern
May,2024,SKU0033,Pistachios 250g,Grocery,Nuts,228,7.4,95532.0,-8.1,Regular consumer demand,Normal Trading,Low stock impact - 20 units missed opportunity,Stable,None,No Summer relevance,None,4% avg weekend uplift,0,20,Seasonal factor: No Summer relevance
May,2024,SKU0048,Chicken Masala 100g,Grocery,Spices,277,8.9,10803.0,-0.7,Regular consumer demand,Normal Trading,Adequate inventory maintained,Stable,None,No Summer relevance,None,4% avg weekend uplift,0,0,Seasonal factor: No Summer relevance
May,2024,SKU0049,Semiya Payasam Mix 200g,Grocery,Mixes,539,17.4,33418.0,2.3,Regular consumer demand,Normal Trading,Adequate inventory maintained,Stable,None,No Summer relevance,None,4% avg weekend uplift,0,0,Seasonal factor: No Summer relevance
May,2024,SKU0231,Turmeric Plant Bundle,Fruits & Vegetables,Plants,724,23.4,57196.0,16.8,Regular consumer demand,Normal Trading,Adequate inventory maintained,Stable,None,No Summer relevance,None,9% avg weekend uplift,0,0,Seasonal factor: No Summer relevance
May,2024,SKU0154,Grapes 500g,Fruits & Vegetables,Fruits,878,28.3,104482.0,8.9,Regular consumer demand,Normal Trading,Adequate inventory maintained,Stable,None,No Summer relevance,None,9% avg weekend uplift,0,0,Seasonal factor: No Summer relevance
May,2024,SKU0085,Health Drink 500g,Beverages,Health Drinks,734,23.7,116706.0,18.4,Regular consumer demand,Normal Trading,Adequate inventory maintained,Stable,None,No Summer relevance,None,12% avg weekend uplift,0,0,Seasonal factor: No Summer relevance
May,2024,SKU0100,Electrolyte Drink 500ml,Beverages,Beverages,1120,36.1,88480.0,90.2,Summer demand - Electrolyte,Seasonal - Summer,Adequate inventory maintained,Strong Increase,None,Summer demand - Electrolyte,None,12% avg weekend uplift,0,0,Seasonal factor: Summer demand - Electrolyte; Significant demand spike - review forecast
May,2024,SKU0255,Saffron 1g,Grocery,Spices,225,7.3,179775.0,-9.3,Regular consumer demand,Normal Trading,Adequate inventory maintained,Stable,None,No Summer relevance,None,1% avg weekend uplift,0,0,Seasonal factor: No Summer relevance; Niche product - irregular demand pattern
May,2024,SKU0073,Fresh Cream 250ml,Dairy,Dairy,434,14.0,34286.0,0.0,Regular consumer demand,Normal Trading,Adequate inventory maintained,Stable,None,No Summer relevance,None,7% avg weekend uplift,0,0,Seasonal factor: No Summer relevance
May,2024,SKU0012,Moong Dal 1kg,Grocery,Pulses,913,29.5,154297.0,13.3,Regular consumer demand,Normal Trading,Adequate inventory maintained,Stable,None,No Summer relevance,None,4% avg weekend uplift,0,0,Seasonal factor: No Summer relevance
May,2024,SKU0186,Toothpaste 200g,Personal Care,Oral Care,953,30.7,84817.0,6.0,Regular consumer demand,Normal Trading,Stockout for 2 days - lost 52 units,Stable,None,No Summer relevance,None,6% avg weekend uplift,2,52,Seasonal factor: No Summer relevance; Inventory issue: Stockout for 2 days - lost 52 units
May,2024,SKU0068,Buttermilk 200ml,Dairy,Beverages,1135,36.6,26105.0,4.6,Regular consumer demand,Normal Trading,Adequate inventory maintained,Stable,None,No Summer relevance,None,7% avg weekend uplift,0,0,Seasonal factor: No Summer relevance
May,2024,SKU0271,Wall Clock Standard,Household,Home Decor,142,4.6,46718.0,14.5,Regular consumer demand,Normal Trading,Adequate inventory maintained,Stable,None,No Summer relevance,None,1% avg weekend uplift,0,0,Seasonal factor: No Summer relevance
May,2024,SKU0282,Hand Blender Standard,Electronics,Appliances,228,7.4,318972.0,-8.1,Regular consumer demand,Normal Trading,Adequate inventory maintained,Stable,None,No Summer relevance,None,2% avg weekend uplift,0,0,Seasonal factor: No Summer relevance; Niche product - irregular demand pattern
May,2024,SKU0071,Ice Cream Cone Pack 6pcs,Dairy,Frozen,1067,34.4,126973.0,145.9,Summer demand - Ice Cream,Seasonal - Summer,Adequate inventory maintained,Strong Increase,None,Summer demand - Ice Cream,None,7% avg weekend uplift,0,0,Seasonal factor: Summer demand - Ice Cream; Significant demand spike - review forecast
May,2024,SKU0188,Toothbrush 2pcs,Personal Care,Oral Care,932,30.1,129548.0,15.6,Regular consumer demand,Normal Trading,Adequate inventory maintained,Stable,None,No Summer relevance,None,6% avg weekend uplift,0,0,Seasonal factor: No Summer relevance
May,2024,SKU0266,Toilet Cleaner 1L,Household,Cleaning,674,21.7,113906.0,-13.0,Regular consumer demand,Normal Trading,Low stock impact - 75 units missed opportunity,Moderate Decline,None,No Summer relevance,None,3% avg weekend uplift,0,75,Seasonal factor: No Summer relevance
May,2024,SKU0125,Rusks 300g,Bakery,Bakery,869,28.0,53878.0,16.8,Regular consumer demand,Normal Trading,Adequate inventory maintained,Stable,None,No Summer relevance,None,10% avg weekend uplift,0,0,Seasonal factor: No Summer relevance
May,2024,SKU0032,Almonds 500g,Grocery,Nuts,632,20.4,315368.0,13.3,Regular consumer demand,Normal Trading,Adequate inventory maintained,Stable,None,No Summer relevance,None,4% avg weekend uplift,0,0,Seasonal factor: No Summer relevance
May,2024,SKU0053,Chia Seeds 250g,Grocery,Seeds,288,9.3,65952.0,16.1,Regular consumer demand,Normal Trading,Adequate inventory maintained,Stable,None,No Summer relevance,None,1% avg weekend uplift,0,0,Seasonal factor: No Summer relevance; Niche product - irregular demand pattern
May,2024,SKU0087,Soft Drink Cola 2L,Beverages,Soft Drinks,561,18.1,44319.0,101.1,Summer demand - Soft Drink,Seasonal - Summer,Stockout for 5 days - lost 60 units,Strong Increase,None,Summer demand - Soft Drink,None,12% avg weekend uplift,5,60,Seasonal factor: Summer demand - Soft Drink; Inventory issue: Stockout for 5 days - lost 60 units; Significant demand spike - review forecast
May,2024,SKU0088,Soft Drink Orange 2L,Beverages,Soft Drinks,675,21.8,53325.0,117.7,Summer demand - Soft Drink,Seasonal - Summer,Adequate inventory maintained,Strong Increase,None,Summer demand - Soft Drink,None,12% avg weekend uplift,0,0,Seasonal factor: Summer demand - Soft Drink; Significant demand spike - review forecast
May,2024,SKU0102,Magic Masala Chips 75g,Snacks,Chips,662,21.4,21184.0,25.6,Regular consumer demand,Weekend/Demand Surge,Adequate inventory maintained,Moderate Increase,None,No Summer relevance,None,17% avg weekend uplift,0,0,Seasonal factor: No Summer relevance
May,2024,SKU0133,Frozen Peas 500g,Frozen Foods,Frozen Foods,984,31.7,87576.0,5.8,Regular consumer demand,Normal Trading,Stockout for 4 days - lost 84 units,Stable,None,No Summer relevance,None,15% avg weekend uplift,4,84,Seasonal factor: No Summer relevance; Inventory issue: Stockout for 4 days - lost 84 units
May,2024,SKU0170,Aluminum Foil 9m,Household,Kitchen,872,28.1,77608.0,-6.2,Regular consumer demand,Normal Trading,Adequate inventory maintained,Stable,None,No Summer relevance,None,3% avg weekend uplift,0,0,Seasonal factor: No Summer relevance
May,2024,SKU0204,School Bag Medium,Stationery,Bags,245,7.9,195755.0,-12.2,Regular consumer demand,Normal Trading,Low stock impact - 24 units missed opportunity,Moderate Decline,None,No Summer relevance,None,3% avg weekend uplift,0,24,Seasonal factor: No Summer relevance
May,2024,SKU0209,Mobile Charger 18W,Electronics,Electronics,100,3.2,61900.0,7.5,Regular consumer demand,Normal Trading,Low stock impact - 4 units missed opportunity,Stable,None,No Summer relevance,None,2% avg weekend uplift,0,4,Seasonal factor: No Summer relevance; Niche product - irregular demand pattern
May,2024,SKU0288,Prayer Oil Lamp Brass,Household,Religious,506,16.3,212014.0,16.6,Regular consumer demand,Normal Trading,Adequate inventory maintained,Stable,None,No Summer relevance,None,3% avg weekend uplift,0,0,Seasonal factor: No Summer relevance
May,2024,SKU0146,Pomegranate 1kg,Fruits & Vegetables,Fruits,364,11.7,97916.0,-2.2,Regular consumer demand,Normal Trading,Adequate inventory maintained,Stable,None,No Summer relevance,None,9% avg weekend uplift,0,0,Seasonal factor: No Summer relevance
May,2024,SKU0104,Mixture Snacks 500g,Snacks,Traditional Snacks,248,8.0,41912.0,0.0,Regular consumer demand,Normal Trading,Adequate inventory maintained,Stable,None,No Summer relevance,None,17% avg weekend uplift,0,0,Seasonal factor: No Summer relevance
May,2024,SKU0137,Frozen Momos 500g,Frozen Foods,Frozen Foods,206,6.6,40994.0,-5.1,Regular consumer demand,Normal Trading,Adequate inventory maintained,Stable,None,No Summer relevance,None,4% avg weekend uplift,0,0,Seasonal factor: No Summer relevance; Niche product - irregular demand pattern
May,2024,SKU0004,Raw Rice 25kg,Grocery,Rice,904,29.2,1355096.0,8.0,Regular consumer demand,Normal Trading,Adequate inventory maintained,Stable,None,No Summer relevance,None,4% avg weekend uplift,0,0,Seasonal factor: No Summer relevance
May,2024,SKU0129,Garlic Bread 200g,Bakery,Bakery,280,9.0,20160.0,12.9,Regular consumer demand,Normal Trading,Adequate inventory maintained,Stable,None,No Summer relevance,None,3% avg weekend uplift,0,0,Seasonal factor: No Summer relevance; Niche product - irregular demand pattern
May,2024,SKU0142,Ginger 250g,Fruits & Vegetables,Vegetables,920,29.7,57040.0,-1.1,Regular consumer demand,Normal Trading,Adequate inventory maintained,Stable,None,No Summer relevance,None,9% avg weekend uplift,0,0,Seasonal factor: No Summer relevance
May,2024,SKU0006,Wheat Flour Atta 5kg,Grocery,Atta,693,22.4,200277.0,1.6,Regular consumer demand,Normal Trading,Low stock impact - 19 units missed opportunity,Stable,None,No Summer relevance,None,4% avg weekend uplift,0,19,Seasonal factor: No Summer relevance
May,2024,SKU0122,Pizza Base 200g,Bakery,Bakery,127,4.1,7874.0,2.4,Regular consumer demand,Normal Trading,Adequate inventory maintained,Stable,None,No Summer relevance,None,3% avg weekend uplift,0,0,Seasonal factor: No Summer relevance; Niche product - irregular demand pattern
May,2024,SKU0109,Chocolate Gift Box 500g,Snacks,Chocolates,448,14.5,205632.0,20.4,Regular consumer demand,Weekend/Demand Surge,Adequate inventory maintained,Moderate Increase,None,No Summer relevance,None,17% avg weekend uplift,0,0,Seasonal factor: No Summer relevance
May,2024,SKU0215,Induction Stove 1800W,Electronics,Appliances,112,3.6,347088.0,-9.7,Regular consumer demand,Normal Trading,Adequate inventory maintained,Stable,None,No Summer relevance,None,2% avg weekend uplift,0,0,Seasonal factor: No Summer relevance; Niche product - irregular demand pattern
May,2024,SKU0190,Talcum Powder 400g,Personal Care,Skin Care,696,22.5,61944.0,2.1,Regular consumer demand,Normal Trading,Adequate inventory maintained,Stable,None,No Summer relevance,None,6% avg weekend uplift,0,0,Seasonal factor: No Summer relevance
May,2024,SKU0223,Blanket Double,Lifestyle,Bedding,406,13.1,486794.0,19.1,Regular consumer demand,Normal Trading,Adequate inventory maintained,Stable,None,No Summer relevance,None,7% avg weekend uplift,0,0,Seasonal factor: No Summer relevance
May,2024,SKU0180,Kumkum Powder 50g,Household,Religious,516,16.6,21672.0,-2.1,Regular consumer demand,Normal Trading,Adequate inventory maintained,Stable,None,No Summer relevance,None,3% avg weekend uplift,0,0,Seasonal factor: No Summer relevance
May,2024,SKU0247,Cheese Popcorn 100g,Snacks,Snacks,262,8.5,16244.0,5.6,Regular consumer demand,Normal Trading,Low stock impact - 19 units missed opportunity,Stable,None,No Summer relevance,None,5% avg weekend uplift,0,19,Seasonal factor: No Summer relevance; Niche product - irregular demand pattern
May,2024,SKU0001,Ponni Rice 25kg,Grocery,Rice,526,17.0,841074.0,-10.7,Regular consumer demand,Normal Trading,Adequate inventory maintained,Moderate Decline,None,No Summer relevance,None,4% avg weekend uplift,0,0,Seasonal factor: No Summer relevance
May,2024,SKU0241,Coconut Biscuits 200g,Snacks,Biscuits,884,28.5,45968.0,24.0,Regular consumer demand,Weekend/Demand Surge,Adequate inventory maintained,Moderate Increase,None,No Summer relevance,None,17% avg weekend uplift,0,0,Seasonal factor: No Summer relevance
May,2024,SKU0248,Fruit Jam 500g,Grocery,Spreads,1052,33.9,146228.0,13.1,Regular consumer demand,Normal Trading,Adequate inventory maintained,Stable,None,No Summer relevance,None,4% avg weekend uplift,0,0,Seasonal factor: No Summer relevance
May,2024,SKU0252,Fruit Cake 300g,Bakery,Bakery,535,17.3,90415.0,15.1,Regular consumer demand,Normal Trading,Adequate inventory maintained,Stable,None,No Summer relevance,None,10% avg weekend uplift,0,0,Seasonal factor: No Summer relevance
May,2024,SKU0159,Agarbathi 100 sticks,Household,Religious,584,18.8,46136.0,17.7,Regular consumer demand,Normal Trading,Adequate inventory maintained,Stable,None,No Summer relevance,None,3% avg weekend uplift,0,0,Seasonal factor: No Summer relevance
May,2024,SKU0005,Basmati Rice 5kg,Grocery,Rice,804,25.9,666516.0,-10.6,Regular consumer demand,Normal Trading,Adequate inventory maintained,Moderate Decline,None,No Summer relevance,None,4% avg weekend uplift,0,0,Seasonal factor: No Summer relevance
May,2024,SKU0217,Smart LED Strip Lights 5m,Electronics,Lighting,436,14.1,522764.0,-12.1,Regular consumer demand,Normal Trading,Low stock impact - 48 units missed opportunity,Moderate Decline,None,No Summer relevance,None,6% avg weekend uplift,0,48,Seasonal factor: No Summer relevance
May,2024,SKU0076,Flavored Milk 200ml,Dairy,Beverages,1025,33.1,23575.0,18.1,Regular consumer demand,Normal Trading,Adequate inventory maintained,Stable,None,No Summer relevance,None,7% avg weekend uplift,0,0,Seasonal factor: No Summer relevance
May,2024,SKU0101,Lays Chips 50g,Snacks,Chips,1172,37.8,22268.0,30.4,Regular consumer demand,Weekend/Demand Surge,Adequate inventory maintained,Moderate Increase,None,No Summer relevance,None,17% avg weekend uplift,0,0,Seasonal factor: No Summer relevance
May,2024,SKU0098,Lemon Juice 600ml,Beverages,Juices,626,20.2,38812.0,68.3,Summer demand - Juice,Seasonal - Summer,Low stock impact - 22 units missed opportunity,Strong Increase,None,Summer demand - Juice,None,12% avg weekend uplift,0,22,Seasonal factor: Summer demand - Juice; Significant demand spike - review forecast
May,2024,SKU0015,Sunflower Oil 1L,Grocery,Oil,611,19.7,72709.0,9.5,Regular consumer demand,Normal Trading,Adequate inventory maintained,Stable,None,No Summer relevance,None,4% avg weekend uplift,0,0,Seasonal factor: No Summer relevance
May,2024,SKU0113,Kids Chocolate Pack,Snacks,Chocolates,397,12.8,146493.0,16.4,Regular consumer demand,Normal Trading,Adequate inventory maintained,Stable,None,No Summer relevance,None,17% avg weekend uplift,0,0,Seasonal factor: No Summer relevance
May,2024,SKU0152,Jasmine Flowers 100g,Fruits & Vegetables,Flowers,236,7.6,14632.0,-15.4,Regular consumer demand,Normal Trading,Stockout for 5 days - lost 34 units,Moderate Decline,None,No Summer relevance,None,9% avg weekend uplift,5,34,Seasonal factor: No Summer relevance; Inventory issue: Stockout for 5 days - lost 34 units
May,2024,SKU0043,Oats 1kg,Grocery,Breakfast,801,25.8,143379.0,-0.6,Regular consumer demand,Normal Trading,Adequate inventory maintained,Stable,None,No Summer relevance,None,4% avg weekend uplift,0,0,Seasonal factor: No Summer relevance
May,2024,SKU0219,Raincoat XL,Lifestyle,Rainwear,706,22.8,295814.0,19.9,Regular consumer demand,Normal Trading,Adequate inventory maintained,Stable,None,No Summer relevance,None,7% avg weekend uplift,0,0,Seasonal factor: No Summer relevance
May,2024,SKU0003,Idly Rice 10kg,Grocery,Rice,474,15.3,568326.0,-19.5,Regular consumer demand,Normal Trading,Low stock impact - 50 units missed opportunity,Moderate Decline,None,No Summer relevance,None,4% avg weekend uplift,0,50,Seasonal factor: No Summer relevance
May,2024,SKU0222,Pillow Cover Pair,Lifestyle,Bedding,694,22.4,158926.0,1.8,Regular consumer demand,Normal Trading,Adequate inventory maintained,Stable,None,No Summer relevance,None,7% avg weekend uplift,0,0,Seasonal factor: No Summer relevance
May,2024,SKU0144,Banana 1 dozen,Fruits & Vegetables,Fruits,1024,33.0,43008.0,-5.6,Regular consumer demand,Normal Trading,Adequate inventory maintained,Stable,None,No Summer relevance,None,9% avg weekend uplift,0,0,Seasonal factor: No Summer relevance
May,2024,SKU0249,Choco Spread 350g,Grocery,Spreads,171,5.5,45999.0,-8.1,Regular consumer demand,Normal Trading,Adequate inventory maintained,Stable,None,No Summer relevance,None,1% avg weekend uplift,0,0,Seasonal factor: No Summer relevance; Niche product - irregular demand pattern
May,2024,SKU0055,Instant Noodles 12 Pack,Grocery,Instant Foods,678,21.9,94242.0,-8.9,Regular consumer demand,Normal Trading,Adequate inventory maintained,Stable,None,No Summer relevance,None,4% avg weekend uplift,0,0,Seasonal factor: No Summer relevance
May,2024,SKU0010,Toor Dal 1kg,Grocery,Pulses,503,16.2,90037.0,1.4,Regular consumer demand,Normal Trading,Adequate inventory maintained,Stable,None,No Summer relevance,None,4% avg weekend uplift,0,0,Seasonal factor: No Summer relevance
May,2024,SKU0066,Paneer 200g,Dairy,Dairy,1658,53.5,130982.0,21.6,Regular consumer demand,Weekend/Demand Surge,Adequate inventory maintained,Moderate Increase,None,No Summer relevance,None,7% avg weekend uplift,0,0,Seasonal factor: No Summer relevance
May,2024,SKU0045,Peanut Butter 1kg,Grocery,Spreads,145,4.7,53505.0,-6.5,Regular consumer demand,Normal Trading,Adequate inventory maintained,Stable,None,No Summer relevance,None,1% avg weekend uplift,0,0,Seasonal factor: No Summer relevance; Niche product - irregular demand pattern
May,2024,SKU0171,Tissue Paper 200 pulls,Household,Household,567,18.3,35154.0,-8.5,Regular consumer demand,Normal Trading,Adequate inventory maintained,Stable,None,No Summer relevance,None,3% avg weekend uplift,0,0,Seasonal factor: No Summer relevance
May,2024,SKU0169,Garbage Bags 30pcs,Household,Household,667,21.5,79373.0,-13.9,Regular consumer demand,Normal Trading,Low stock impact - 41 units missed opportunity,Moderate Decline,None,No Summer relevance,None,3% avg weekend uplift,0,41,Seasonal factor: No Summer relevance
May,2024,SKU0189,Face Wash 100ml,Personal Care,Skin Care,619,20.0,86041.0,17.5,Regular consumer demand,Normal Trading,Adequate inventory maintained,Stable,None,No Summer relevance,None,6% avg weekend uplift,0,0,Seasonal factor: No Summer relevance
May,2024,SKU0277,Candle Pack 20pcs,Household,Religious,571,18.4,45109.0,8.3,Regular consumer demand,Normal Trading,Adequate inventory maintained,Stable,None,No Summer relevance,None,3% avg weekend uplift,0,0,Seasonal factor: No Summer relevance
May,2024,SKU0039,Ready Pongal Mix 500g,Grocery,Mixes,434,14.0,34286.0,0.0,Regular consumer demand,Normal Trading,Low stock impact - 16 units missed opportunity,Stable,None,No Summer relevance,None,4% avg weekend uplift,0,16,Seasonal factor: No Summer relevance
May,2024,SKU0041,Papad 200g,Grocery,Snacks,856,27.6,35952.0,2.3,Regular consumer demand,Normal Trading,Low stock impact - 34 units missed opportunity,Stable,None,No Summer relevance,None,4% avg weekend uplift,0,34,Seasonal factor: No Summer relevance
May,2024,SKU0194,Sanitary Pads XL Pack,Personal Care,Feminine Care,693,22.4,96327.0,-6.9,Regular consumer demand,Normal Trading,Adequate inventory maintained,Stable,None,No Summer relevance,None,6% avg weekend uplift,0,0,Seasonal factor: No Summer relevance
May,2024,SKU0201,Notebook A4 200 pages,Stationery,Stationery,140,4.5,11060.0,12.9,Regular consumer demand,Normal Trading,Adequate inventory maintained,Stable,None,No Summer relevance,None,1% avg weekend uplift,0,0,Seasonal factor: No Summer relevance
May,2024,SKU0280,Bluetooth Earbuds TWS,Electronics,Electronics,230,7.4,528770.0,6.0,Regular consumer demand,Normal Trading,Adequate inventory maintained,Stable,None,No Summer relevance,None,2% avg weekend uplift,0,0,Seasonal factor: No Summer relevance; Niche product - irregular demand pattern
May,2024,SKU0030,Cardamom 50g,Grocery,Spices,298,9.6,80162.0,6.8,Regular consumer demand,Normal Trading,Adequate inventory maintained,Stable,None,No Summer relevance,None,4% avg weekend uplift,0,0,Seasonal factor: No Summer relevance
May,2024,SKU0038,Millet Mix 1kg,Grocery,Grains,214,6.9,29746.0,15.1,Regular consumer demand,Normal Trading,Adequate inventory maintained,Stable,None,No Summer relevance,None,1% avg weekend uplift,0,0,Seasonal factor: No Summer relevance; Niche product - irregular demand pattern
May,2024,SKU0220,Travel Bag Medium,Lifestyle,Luggage,213,6.9,297987.0,-1.8,Regular consumer demand,Normal Trading,Adequate inventory maintained,Stable,None,No Summer relevance,None,2% avg weekend uplift,0,0,Seasonal factor: No Summer relevance; Niche product - irregular demand pattern
May,2024,SKU0140,Potato 1kg,Fruits & Vegetables,Vegetables,1721,55.5,39583.0,23.4,Regular consumer demand,Weekend/Demand Surge,Adequate inventory maintained,Moderate Increase,None,No Summer relevance,None,9% avg weekend uplift,0,0,Seasonal factor: No Summer relevance
May,2024,SKU0251,Herbal Tea 100g,Beverages,Tea,283,9.1,64807.0,14.1,Regular consumer demand,Normal Trading,Adequate inventory maintained,Stable,None,No Summer relevance,None,3% avg weekend uplift,0,0,Seasonal factor: No Summer relevance; Niche product - irregular demand pattern
May,2024,SKU0257,Sweet Corn Soup 50g,Grocery,Instant Foods,284,9.2,11928.0,-8.4,Regular consumer demand,Normal Trading,Adequate inventory maintained,Stable,None,No Summer relevance,None,4% avg weekend uplift,0,0,Seasonal factor: No Summer relevance
May,2024,SKU0065,Butter 100g,Dairy,Dairy,584,18.8,51976.0,10.8,Regular consumer demand,Normal Trading,Adequate inventory maintained,Stable,None,No Summer relevance,None,7% avg weekend uplift,0,0,Seasonal factor: No Summer relevance
May,2024,SKU0285,Steel Plates Set 6pcs,Household,Kitchenware,84,2.7,51996.0,-9.7,Regular consumer demand,Normal Trading,Adequate inventory maintained,Stable,None,No Summer relevance,None,1% avg weekend uplift,0,0,Seasonal factor: No Summer relevance; Niche product - irregular demand pattern
May,2024,SKU0155,Pineapple Per Piece,Fruits & Vegetables,Fruits,468,15.1,33696.0,-5.6,Regular consumer demand,Normal Trading,Adequate inventory maintained,Stable,None,No Summer relevance,None,9% avg weekend uplift,0,0,Seasonal factor: No Summer relevance
May,2024,SKU0292,Fruit Basket Combo,Fruits & Vegetables,Fruits,397,12.8,166343.0,-8.5,Regular consumer demand,Normal Trading,Low stock impact - 18 units missed opportunity,Stable,None,No Summer relevance,None,9% avg weekend uplift,0,18,Seasonal factor: No Summer relevance
May,2024,SKU0265,Laundry Liquid 1L,Household,Laundry,815,26.3,186635.0,1.1,Regular consumer demand,Normal Trading,Adequate inventory maintained,Stable,None,No Summer relevance,None,3% avg weekend uplift,0,0,Seasonal factor: No Summer relevance
May,2024,SKU0173,Room Freshener 240ml,Household,Air Freshener,163,5.3,25917.0,5.2,Regular consumer demand,Normal Trading,Adequate inventory maintained,Stable,None,No Summer relevance,None,1% avg weekend uplift,0,0,Seasonal factor: No Summer relevance; Niche product - irregular demand pattern
May,2024,SKU0151,Betel Leaves 1 Pack,Fruits & Vegetables,Leaves,410,13.2,17220.0,20.2,Regular consumer demand,Weekend/Demand Surge,Adequate inventory maintained,Moderate Increase,None,No Summer relevance,None,9% avg weekend uplift,0,0,Seasonal factor: No Summer relevance
May,2024,SKU0063,Fresh Milk 500ml,Dairy,Milk,1497,48.3,38922.0,9.8,Regular consumer demand,Normal Trading,Adequate inventory maintained,Stable,None,No Summer relevance,None,7% avg weekend uplift,0,0,Seasonal factor: No Summer relevance
May,2024,SKU0240,Herbal Shampoo 400ml,Personal Care,Hair Care,491,15.8,112439.0,-16.6,Regular consumer demand,Normal Trading,Low stock impact - 46 units missed opportunity,Moderate Decline,None,No Summer relevance,None,6% avg weekend uplift,0,46,Seasonal factor: No Summer relevance
May,2024,SKU0224,Towels Bath Size,Lifestyle,Bedding,634,20.5,208586.0,7.6,Regular consumer demand,Normal Trading,Adequate inventory maintained,Stable,None,No Summer relevance,None,7% avg weekend uplift,0,0,Seasonal factor: No Summer relevance
May,2024,SKU0082,Tea Powder 1kg,Beverages,Tea,895,28.9,249705.0,15.5,Regular consumer demand,Normal Trading,Adequate inventory maintained,Stable,None,No Summer relevance,None,12% avg weekend uplift,0,0,Seasonal factor: No Summer relevance
May,2024,SKU0158,Beetroot 1kg,Fruits & Vegetables,Vegetables,922,29.7,38724.0,14.4,Regular consumer demand,Normal Trading,Adequate inventory maintained,Stable,None,No Summer relevance,None,9% avg weekend uplift,0,0,Seasonal factor: No Summer relevance
May,2024,SKU0296,Puja Flowers Combo,Fruits & Vegetables,Flowers,308,9.9,82852.0,10.4,Regular consumer demand,Normal Trading,Adequate inventory maintained,Stable,None,No Summer relevance,None,9% avg weekend uplift,0,0,Seasonal factor: No Summer relevance
May,2024,SKU0165,Floor Cleaner 1L,Household,Cleaning,750,24.2,126750.0,0.8,Regular consumer demand,Normal Trading,Low stock impact - 31 units missed opportunity,Stable,None,No Summer relevance,None,3% avg weekend uplift,0,31,Seasonal factor: No Summer relevance
May,2024,SKU0118,Protein Chips 100g,Snacks,Health Snacks,164,5.3,22796.0,5.8,Regular consumer demand,Normal Trading,Adequate inventory maintained,Stable,None,No Summer relevance,None,5% avg weekend uplift,0,0,Seasonal factor: No Summer relevance; Niche product - irregular demand pattern
May,2024,SKU0136,Frozen Pizza 300g,Frozen Foods,Frozen Foods,251,8.1,42419.0,1.2,Regular consumer demand,Normal Trading,Adequate inventory maintained,Stable,None,No Summer relevance,None,4% avg weekend uplift,0,0,Seasonal factor: No Summer relevance; Niche product - irregular demand pattern
May,2024,SKU0283,Pressure Pan 3L,Household,Cookware,278,9.0,222122.0,12.1,Regular consumer demand,Normal Trading,Adequate inventory maintained,Stable,None,No Summer relevance,None,1% avg weekend uplift,0,0,Seasonal factor: No Summer relevance; Niche product - irregular demand pattern
May,2024,SKU0058,Tomato Ketchup 1kg,Grocery,Condiments,686,22.1,95354.0,16.5,Regular consumer demand,Normal Trading,Adequate inventory maintained,Stable,None,No Summer relevance,None,4% avg weekend uplift,0,0,Seasonal factor: No Summer relevance
May,2024,SKU0267,Face Cream 200ml,Personal Care,Skin Care,788,25.4,180452.0,15.5,Regular consumer demand,Normal Trading,Adequate inventory maintained,Stable,None,No Summer relevance,None,6% avg weekend uplift,0,0,Seasonal factor: No Summer relevance
May,2024,SKU0061,Fresh Milk 1L,Dairy,Milk,1335,43.1,69420.0,23.0,Regular consumer demand,Weekend/Demand Surge,Adequate inventory maintained,Moderate Increase,None,No Summer relevance,None,7% avg weekend uplift,0,0,Seasonal factor: No Summer relevance
May,2024,SKU0080,Chocolate Milk 180ml,Dairy,Beverages,444,14.3,18648.0,-20.4,Regular consumer demand,Normal Trading,Stockout for 5 days - lost 68 units,Moderate Decline,None,No Summer relevance,None,7% avg weekend uplift,5,68,Seasonal factor: No Summer relevance; Inventory issue: Stockout for 5 days - lost 68 units; Demand below baseline - investigate cause
May,2024,SKU0207,LED Bulb 9W,Electronics,Lighting,654,21.1,90906.0,-8.3,Regular consumer demand,Normal Trading,Adequate inventory maintained,Stable,None,No Summer relevance,None,6% avg weekend uplift,0,0,Seasonal factor: No Summer relevance
May,2024,SKU0195,Baby Diapers 42pcs,Personal Care,Baby Care,818,26.4,653582.0,9.9,Regular consumer demand,Normal Trading,Adequate inventory maintained,Stable,None,No Summer relevance,None,6% avg weekend uplift,0,0,Seasonal factor: No Summer relevance
June,2024,SKU0264,Air Freshener Spray 300ml,Household,Air Freshener,79,2.6,12561.0,-12.2,Regular consumer demand,Normal Trading,Adequate inventory maintained,Moderate Decline,None,No Monsoon relevance,None,1% avg weekend uplift,0,0,Seasonal factor: No Monsoon relevance; Niche product - irregular demand pattern
June,2024,SKU0176,Water Bottle 1L,Household,Kitchenware,432,14.4,98928.0,-4.0,Regular consumer demand,Normal Trading,Adequate inventory maintained,Stable,None,No Monsoon relevance,None,3% avg weekend uplift,0,0,Seasonal factor: No Monsoon relevance
June,2024,SKU0060,Black Channa 1kg,Grocery,Pulses,561,18.7,55539.0,-1.6,Regular consumer demand,Normal Trading,Adequate inventory maintained,Stable,None,No Monsoon relevance,None,5% avg weekend uplift,0,0,Seasonal factor: No Monsoon relevance
June,2024,SKU0094,Energy Drink 250ml,Beverages,Beverages,227,7.6,31553.0,8.1,Regular consumer demand,Normal Trading,Adequate inventory maintained,Stable,None,No Monsoon relevance,None,4% avg weekend uplift,0,0,Seasonal factor: No Monsoon relevance; Niche product - irregular demand pattern
June,2024,SKU0097,Green Tea 100g,Beverages,Tea,352,11.7,59488.0,46.7,Monsoon demand - Tea,Seasonal - Monsoon,Adequate inventory maintained,Moderate Increase,None,Monsoon demand - Tea,None,4% avg weekend uplift,0,0,Seasonal factor: Monsoon demand - Tea; Niche product - irregular demand pattern
June,2024,SKU0062,Fresh Milk 1L,Dairy,Milk,955,31.8,48705.0,-0.5,Regular consumer demand,Normal Trading,Adequate inventory maintained,Stable,None,No Monsoon relevance,None,7% avg weekend uplift,0,0,Seasonal factor: No Monsoon relevance
June,2024,SKU0138,Tomato 1kg,Fruits & Vegetables,Vegetables,970,32.3,40740.0,24.4,Regular consumer demand,Weekend/Demand Surge,Adequate inventory maintained,Moderate Increase,None,No Monsoon relevance,None,9% avg weekend uplift,0,0,Seasonal factor: No Monsoon relevance
June,2024,SKU0139,Onion 1kg,Fruits & Vegetables,Vegetables,961,32.0,30752.0,10.5,Regular consumer demand,Normal Trading,Adequate inventory maintained,Stable,None,No Monsoon relevance,None,9% avg weekend uplift,0,0,Seasonal factor: No Monsoon relevance
June,2024,SKU0294,Men's Kurta Set XL,Lifestyle,Clothing,654,21.8,1372746.0,21.1,Regular consumer demand,Weekend/Demand Surge,Adequate inventory maintained,Moderate Increase,None,No Monsoon relevance,None,7% avg weekend uplift,0,0,Seasonal factor: No Monsoon relevance
June,2024,SKU0123,Muffins 2pcs,Bakery,Bakery,249,8.3,19671.0,3.8,Regular consumer demand,Normal Trading,Low stock impact - 18 units missed opportunity,Stable,None,No Monsoon relevance,None,3% avg weekend uplift,0,18,Seasonal factor: No Monsoon relevance; Niche product - irregular demand pattern
June,2024,SKU0178,Pooja Plate Set,Household,Religious,384,12.8,103296.0,16.4,Regular consumer demand,Normal Trading,Adequate inventory maintained,Stable,None,No Monsoon relevance,None,3% avg weekend uplift,0,0,Seasonal factor: No Monsoon relevance
June,2024,SKU0206,Gift Wrap Paper 5 sheets,Stationery,Gift Wrap,415,13.8,25730.0,15.3,Regular consumer demand,Normal Trading,Adequate inventory maintained,Stable,None,No Monsoon relevance,None,3% avg weekend uplift,0,0,Seasonal factor: No Monsoon relevance
June,2024,SKU0021,Sugar 1kg,Grocery,Sweeteners,631,21.0,26502.0,10.7,Regular consumer demand,Normal Trading,Adequate inventory maintained,Stable,None,No Monsoon relevance,None,5% avg weekend uplift,0,0,Seasonal factor: No Monsoon relevance
June,2024,SKU0132,Frozen Nuggets 500g,Frozen Foods,Frozen Foods,192,6.4,43968.0,6.7,Regular consumer demand,Normal Trading,Adequate inventory maintained,Stable,None,No Monsoon relevance,None,5% avg weekend uplift,0,0,Seasonal factor: No Monsoon relevance; Niche product - irregular demand pattern
June,2024,SKU0268,Lip Balm 10g,Personal Care,Lip Care,588,19.6,46452.0,-2.0,Regular consumer demand,Normal Trading,Adequate inventory maintained,Stable,None,No Monsoon relevance,None,6% avg weekend uplift,0,0,Seasonal factor: No Monsoon relevance
June,2024,SKU0086,Health Drink 1kg,Beverages,Health Drinks,715,23.8,235235.0,-0.7,Regular consumer demand,Normal Trading,Adequate inventory maintained,Stable,None,No Monsoon relevance,None,12% avg weekend uplift,0,0,Seasonal factor: No Monsoon relevance
June,2024,SKU0130,Frozen Parotta 400g,Frozen Foods,Frozen Foods,501,16.7,31062.0,4.4,Regular consumer demand,Normal Trading,Stockout for 3 days - lost 48 units,Stable,None,No Monsoon relevance,None,15% avg weekend uplift,3,48,Seasonal factor: No Monsoon relevance; Inventory issue: Stockout for 3 days - lost 48 units
June,2024,SKU0081,Tea Powder 1kg,Beverages,Tea,1172,39.1,315268.0,50.3,Monsoon demand - Tea,Seasonal - Monsoon,Adequate inventory maintained,Strong Increase,None,Monsoon demand - Tea,None,12% avg weekend uplift,0,0,Seasonal factor: Monsoon demand - Tea; Significant demand spike - review forecast
June,2024,SKU0084,Instant Coffee 200g,Beverages,Coffee,581,19.4,98189.0,-3.2,Regular consumer demand,Normal Trading,Stockout for 3 days - lost 50 units,Stable,None,No Monsoon relevance,None,12% avg weekend uplift,3,50,Seasonal factor: No Monsoon relevance; Inventory issue: Stockout for 3 days - lost 50 units
June,2024,SKU0246,Frozen Chapati 20pcs,Frozen Foods,Frozen Foods,621,20.7,86319.0,29.4,Regular consumer demand,Weekend/Demand Surge,Adequate inventory maintained,Moderate Increase,None,No Monsoon relevance,None,15% avg weekend uplift,0,0,Seasonal factor: No Monsoon relevance
June,2024,SKU0291,Christmas Chocolates 24pcs,Snacks,Chocolates,702,23.4,982098.0,17.0,Regular consumer demand,Normal Trading,Adequate inventory maintained,Stable,None,No Monsoon relevance,None,18% avg weekend uplift,0,0,Seasonal factor: No Monsoon relevance
June,2024,SKU0026,Coriander Powder 200g,Grocery,Spices,882,29.4,45864.0,5.0,Regular consumer demand,Normal Trading,Adequate inventory maintained,Stable,None,No Monsoon relevance,None,5% avg weekend uplift,0,0,Seasonal factor: No Monsoon relevance
June,2024,SKU0036,Vermicelli 500g,Grocery,Pasta,381,12.7,27432.0,-9.3,Regular consumer demand,Normal Trading,Adequate inventory maintained,Stable,None,No Monsoon relevance,None,5% avg weekend uplift,0,0,Seasonal factor: No Monsoon relevance
June,2024,SKU0077,Lassi 200ml,Dairy,Beverages,699,23.3,22368.0,22.6,Regular consumer demand,Weekend/Demand Surge,Adequate inventory maintained,Moderate Increase,None,No Monsoon relevance,None,7% avg weekend uplift,0,0,Seasonal factor: No Monsoon relevance
June,2024,SKU0150,Sugarcane Per Stick,Fruits & Vegetables,Fruits,379,12.6,8717.0,14.8,Regular consumer demand,Normal Trading,Adequate inventory maintained,Stable,None,No Monsoon relevance,None,9% avg weekend uplift,0,0,Seasonal factor: No Monsoon relevance
June,2024,SKU0210,Earphones Wired,Electronics,Electronics,129,4.3,54051.0,7.5,Regular consumer demand,Normal Trading,Adequate inventory maintained,Stable,None,No Monsoon relevance,None,2% avg weekend uplift,0,0,Seasonal factor: No Monsoon relevance; Niche product - irregular demand pattern
June,2024,SKU0119,Bread Loaf 400g,Bakery,Bakery,831,27.7,34902.0,-4.5,Regular consumer demand,Normal Trading,Adequate inventory maintained,Stable,None,No Monsoon relevance,None,10% avg weekend uplift,0,0,Seasonal factor: No Monsoon relevance
June,2024,SKU0161,Diya Lamps 10pcs,Household,Religious,585,19.5,81315.0,2.6,Regular consumer demand,Normal Trading,Adequate inventory maintained,Stable,None,No Monsoon relevance,None,3% avg weekend uplift,0,0,Seasonal factor: No Monsoon relevance
June,2024,SKU0261,Cheese Balls 150g,Snacks,Snacks,234,7.8,27846.0,11.4,Regular consumer demand,Normal Trading,Adequate inventory maintained,Stable,None,No Monsoon relevance,None,5% avg weekend uplift,0,0,Seasonal factor: No Monsoon relevance; Niche product - irregular demand pattern
June,2024,SKU0193,Shaving Razor 2pcs,Personal Care,Grooming,767,25.6,129623.0,2.3,Regular consumer demand,Normal Trading,Adequate inventory maintained,Stable,None,No Monsoon relevance,None,6% avg weekend uplift,0,0,Seasonal factor: No Monsoon relevance
June,2024,SKU0011,Urad Dal 1kg,Grocery,Pulses,491,16.4,92799.0,-9.1,Regular consumer demand,Normal Trading,Adequate inventory maintained,Stable,None,No Monsoon relevance,None,5% avg weekend uplift,0,0,Seasonal factor: No Monsoon relevance
June,2024,SKU0052,Quinoa 500g,Grocery,Grains,237,7.9,63753.0,-1.2,Regular consumer demand,Normal Trading,Low stock impact - 9 units missed opportunity,Stable,None,No Monsoon relevance,None,1% avg weekend uplift,0,9,Seasonal factor: No Monsoon relevance; Niche product - irregular demand pattern
June,2024,SKU0020,Jaggery 1kg,Grocery,Sweeteners,422,14.1,33338.0,-17.3,Regular consumer demand,Normal Trading,Low stock impact - 43 units missed opportunity,Moderate Decline,None,No Monsoon relevance,None,5% avg weekend uplift,0,43,Seasonal factor: No Monsoon relevance
June,2024,SKU0149,Coconut Per Piece,Fruits & Vegetables,Fruits,412,13.7,13184.0,-8.4,Regular consumer demand,Normal Trading,Stockout for 5 days - lost 66 units,Stable,None,No Monsoon relevance,None,9% avg weekend uplift,5,66,Seasonal factor: No Monsoon relevance; Inventory issue: Stockout for 5 days - lost 66 units
June,2024,SKU0253,Dry Fruit Mix 1kg,Grocery,Nuts,518,17.3,413882.0,1.6,Bakrid demand surge - Dry Fruit,Festival - Bakrid,Low stock impact - 51 units missed opportunity,Stable,Bakrid,No Monsoon relevance,None,5% avg weekend uplift,0,51,Festival demand: Bakrid; Seasonal factor: No Monsoon relevance
June,2024,SKU0031,Cashew Nuts 500g,Grocery,Nuts,587,19.6,234213.0,8.7,Regular consumer demand,Normal Trading,Adequate inventory maintained,Stable,None,No Monsoon relevance,None,5% avg weekend uplift,0,0,Seasonal factor: No Monsoon relevance
June,2024,SKU0213,Mixer Grinder 750W,Electronics,Appliances,177,5.9,477723.0,-15.7,Regular consumer demand,Normal Trading,Low stock impact - 18 units missed opportunity,Moderate Decline,None,No Monsoon relevance,None,2% avg weekend uplift,0,18,Seasonal factor: No Monsoon relevance; Niche product - irregular demand pattern
June,2024,SKU0245,Instant Upma Mix 500g,Grocery,Mixes,672,22.4,59808.0,-2.6,Regular consumer demand,Normal Trading,Adequate inventory maintained,Stable,None,No Monsoon relevance,None,5% avg weekend uplift,0,0,Seasonal factor: No Monsoon relevance
June,2024,SKU0181,Bath Soap 150g,Personal Care,Bath Soaps,801,26.7,33642.0,21.4,Regular consumer demand,Weekend/Demand Surge,Adequate inventory maintained,Moderate Increase,None,No Monsoon relevance,None,6% avg weekend uplift,0,0,Seasonal factor: No Monsoon relevance
June,2024,SKU0143,Garlic 250g,Fruits & Vegetables,Vegetables,781,26.0,40612.0,-3.6,Regular consumer demand,Normal Trading,Adequate inventory maintained,Stable,None,No Monsoon relevance,None,9% avg weekend uplift,0,0,Seasonal factor: No Monsoon relevance
June,2024,SKU0044,Cornflakes 500g,Grocery,Breakfast,582,19.4,92538.0,2.1,Regular consumer demand,Normal Trading,Low stock impact - 44 units missed opportunity,Stable,None,No Monsoon relevance,None,5% avg weekend uplift,0,44,Seasonal factor: No Monsoon relevance
June,2024,SKU0290,Decorative Candles 6pcs,Household,Decorations,299,10.0,41561.0,-9.4,Regular consumer demand,Normal Trading,Adequate inventory maintained,Stable,None,No Monsoon relevance,None,3% avg weekend uplift,0,0,Seasonal factor: No Monsoon relevance
June,2024,SKU0234,Bluetooth Speaker Portable,Electronics,Electronics,168,5.6,235032.0,-6.7,Regular consumer demand,Normal Trading,Adequate inventory maintained,Stable,None,No Monsoon relevance,None,2% avg weekend uplift,0,0,Seasonal factor: No Monsoon relevance; Niche product - irregular demand pattern
June,2024,SKU0230,Pongal Pot Set,Household,Religious,534,17.8,245106.0,-1.1,Regular consumer demand,Normal Trading,Adequate inventory maintained,Stable,None,No Monsoon relevance,None,3% avg weekend uplift,0,0,Seasonal factor: No Monsoon relevance
June,2024,SKU0115,Salted Peanuts 200g,Snacks,Nuts,904,30.1,71416.0,31.0,Regular consumer demand,Weekend/Demand Surge,Adequate inventory maintained,Moderate Increase,None,No Monsoon relevance,None,18% avg weekend uplift,0,0,Seasonal factor: No Monsoon relevance
June,2024,SKU0090,Mineral Water 1L,Beverages,Beverages,693,23.1,13167.0,-7.6,Regular consumer demand,Normal Trading,Stockout for 3 days - lost 56 units,Stable,None,No Monsoon relevance,None,12% avg weekend uplift,3,56,Seasonal factor: No Monsoon relevance; Inventory issue: Stockout for 3 days - lost 56 units
June,2024,SKU0108,Chocolate Cookies 200g,Snacks,Biscuits,899,30.0,71021.0,30.3,Regular consumer demand,Weekend/Demand Surge,Adequate inventory maintained,Moderate Increase,None,No Monsoon relevance,None,18% avg weekend uplift,0,0,Seasonal factor: No Monsoon relevance
June,2024,SKU0229,Santa Cap Free Size,Lifestyle,Clothing,440,14.7,61160.0,46.7,Umbrella and rain gear offers,Promotion - Monsoon Prep,Adequate inventory maintained,Moderate Increase,None,No Monsoon relevance,Monsoon Prep,7% avg weekend uplift,0,0,Seasonal factor: No Monsoon relevance; Promotion active: Monsoon Prep
June,2024,SKU0225,Plastic Chairs Single,Lifestyle,Furniture,109,3.6,67471.0,21.1,Umbrella and rain gear offers,Promotion - Monsoon Prep,Adequate inventory maintained,Moderate Increase,None,No Monsoon relevance,Monsoon Prep,2% avg weekend uplift,0,0,Seasonal factor: No Monsoon relevance; Promotion active: Monsoon Prep; Niche product - irregular demand pattern
June,2024,SKU0259,Fresh Lime Soda 250ml,Beverages,Beverages,367,12.2,15414.0,1.9,Regular consumer demand,Normal Trading,Adequate inventory maintained,Stable,None,No Monsoon relevance,None,12% avg weekend uplift,0,0,Seasonal factor: No Monsoon relevance
June,2024,SKU0059,Green Gram 1kg,Grocery,Pulses,765,25.5,68085.0,-8.9,Regular consumer demand,Normal Trading,Adequate inventory maintained,Stable,None,No Monsoon relevance,None,5% avg weekend uplift,0,0,Seasonal factor: No Monsoon relevance
June,2024,SKU0293,Silk Saree Combo Festival Pack,Lifestyle,Clothing,597,19.9,2208303.0,10.6,Regular consumer demand,Normal Trading,Adequate inventory maintained,Stable,None,No Monsoon relevance,None,7% avg weekend uplift,0,0,Seasonal factor: No Monsoon relevance
June,2024,SKU0124,Birthday Cake 1kg,Bakery,Bakery,169,5.6,77571.0,-6.1,Regular consumer demand,Normal Trading,Adequate inventory maintained,Stable,None,No Monsoon relevance,None,3% avg weekend uplift,0,0,Seasonal factor: No Monsoon relevance; Niche product - irregular demand pattern
June,2024,SKU0260,Sports Drink 250ml,Beverages,Beverages,405,13.5,21060.0,3.8,Regular consumer demand,Normal Trading,Adequate inventory maintained,Stable,None,No Monsoon relevance,None,12% avg weekend uplift,0,0,Seasonal factor: No Monsoon relevance
June,2024,SKU0103,Murukku 250g,Snacks,Traditional Snacks,540,18.0,64260.0,12.5,Regular consumer demand,Normal Trading,Adequate inventory maintained,Stable,None,No Monsoon relevance,None,18% avg weekend uplift,0,0,Seasonal factor: No Monsoon relevance
June,2024,SKU0166,Detergent Powder 2kg,Household,Laundry,938,31.3,214802.0,11.7,Regular consumer demand,Normal Trading,Adequate inventory maintained,Stable,None,No Monsoon relevance,None,3% avg weekend uplift,0,0,Seasonal factor: No Monsoon relevance
June,2024,SKU0164,Dishwash Liquid 750ml,Household,Cleaning,808,26.9,112312.0,12.2,Regular consumer demand,Normal Trading,Adequate inventory maintained,Stable,None,No Monsoon relevance,None,3% avg weekend uplift,0,0,Seasonal factor: No Monsoon relevance
June,2024,SKU0167,Detergent Powder 2kg,Household,Laundry,785,26.2,211165.0,-6.5,Regular consumer demand,Normal Trading,Stockout for 5 days - lost 84 units,Stable,None,No Monsoon relevance,None,3% avg weekend uplift,5,84,Seasonal factor: No Monsoon relevance; Inventory issue: Stockout for 5 days - lost 84 units
June,2024,SKU0105,Banana Chips 250g,Snacks,Chips,765,25.5,68085.0,21.4,Regular consumer demand,Weekend/Demand Surge,Adequate inventory maintained,Moderate Increase,None,No Monsoon relevance,None,18% avg weekend uplift,0,0,Seasonal factor: No Monsoon relevance
June,2024,SKU0035,Dates Premium 500g,Grocery,Nuts,431,14.4,115939.0,-10.2,Regular consumer demand,Normal Trading,Adequate inventory maintained,Moderate Decline,None,No Monsoon relevance,None,5% avg weekend uplift,0,0,Seasonal factor: No Monsoon relevance
June,2024,SKU0042,Pickle Jar 500g,Grocery,Condiments,764,25.5,90916.0,10.7,Regular consumer demand,Normal Trading,Adequate inventory maintained,Stable,None,No Monsoon relevance,None,5% avg weekend uplift,0,0,Seasonal factor: No Monsoon relevance
June,2024,SKU0095,Badam Milk 180ml,Beverages,Beverages,297,9.9,12474.0,23.8,Regular consumer demand,Weekend/Demand Surge,Low stock impact - 7 units missed opportunity,Moderate Increase,None,No Monsoon relevance,None,12% avg weekend uplift,0,7,Seasonal factor: No Monsoon relevance
June,2024,SKU0203,Pencil Box 10pcs,Stationery,Stationery,135,4.5,18765.0,12.5,Regular consumer demand,Normal Trading,Adequate inventory maintained,Stable,None,No Monsoon relevance,None,1% avg weekend uplift,0,0,Seasonal factor: No Monsoon relevance
June,2024,SKU0111,Halwa Pack 500g,Snacks,Traditional Sweets,499,16.6,134231.0,4.0,Regular consumer demand,Normal Trading,Low stock impact - 24 units missed opportunity,Stable,None,No Monsoon relevance,None,18% avg weekend uplift,0,24,Seasonal factor: No Monsoon relevance
June,2024,SKU0156,Cucumber 1kg,Fruits & Vegetables,Vegetables,1216,40.5,38912.0,6.7,Regular consumer demand,Normal Trading,Adequate inventory maintained,Stable,None,No Monsoon relevance,None,9% avg weekend uplift,0,0,Seasonal factor: No Monsoon relevance
June,2024,SKU0023,Rock Salt 500g,Grocery,Salt,957,31.9,30624.0,18.1,Regular consumer demand,Normal Trading,Adequate inventory maintained,Stable,None,No Monsoon relevance,None,5% avg weekend uplift,0,0,Seasonal factor: No Monsoon relevance
June,2024,SKU0002,Ponni Rice 10kg,Grocery,Rice,500,16.7,649500.0,11.1,Regular consumer demand,Normal Trading,Adequate inventory maintained,Stable,None,No Monsoon relevance,None,5% avg weekend uplift,0,0,Seasonal factor: No Monsoon relevance
June,2024,SKU0187,Toothpaste 150g,Personal Care,Oral Care,716,23.9,51552.0,-8.2,Regular consumer demand,Normal Trading,Low stock impact - 62 units missed opportunity,Stable,None,No Monsoon relevance,None,6% avg weekend uplift,0,62,Seasonal factor: No Monsoon relevance
June,2024,SKU0275,Kitchen Towels 2 Rolls,Household,Kitchenware,529,17.6,62951.0,3.7,Regular consumer demand,Normal Trading,Adequate inventory maintained,Stable,None,No Monsoon relevance,None,3% avg weekend uplift,0,0,Seasonal factor: No Monsoon relevance
June,2024,SKU0192,Perfume Gift Set,Personal Care,Fragrances,437,14.6,349163.0,21.4,Regular consumer demand,Weekend/Demand Surge,Adequate inventory maintained,Moderate Increase,None,No Monsoon relevance,None,6% avg weekend uplift,0,0,Seasonal factor: No Monsoon relevance
June,2024,SKU0008,Maida Flour 1kg,Grocery,Flour,714,23.8,29988.0,8.2,Regular consumer demand,Normal Trading,Adequate inventory maintained,Stable,None,No Monsoon relevance,None,5% avg weekend uplift,0,0,Seasonal factor: No Monsoon relevance
June,2024,SKU0239,Vitamin Supplements 30 tabs,Personal Care,Health,629,21.0,206941.0,-0.2,Regular consumer demand,Normal Trading,Adequate inventory maintained,Stable,None,No Monsoon relevance,None,6% avg weekend uplift,0,0,Seasonal factor: No Monsoon relevance
June,2024,SKU0160,Camphor 100g,Household,Religious,417,13.9,37113.0,-0.7,Regular consumer demand,Normal Trading,Adequate inventory maintained,Stable,None,No Monsoon relevance,None,3% avg weekend uplift,0,0,Seasonal factor: No Monsoon relevance
June,2024,SKU0298,Pongal Sugar Pack 2kg,Grocery,Sweeteners,252,8.4,42588.0,5.0,Regular consumer demand,Normal Trading,Adequate inventory maintained,Stable,None,No Monsoon relevance,None,5% avg weekend uplift,0,0,Seasonal factor: No Monsoon relevance
June,2024,SKU0054,Honey 500g,Grocery,Sweeteners,556,18.5,88404.0,9.0,Regular consumer demand,Normal Trading,Adequate inventory maintained,Stable,None,No Monsoon relevance,None,5% avg weekend uplift,0,0,Seasonal factor: No Monsoon relevance
June,2024,SKU0263,Frozen Veg Burger Patty 400g,Frozen Foods,Frozen Foods,260,8.7,51740.0,8.3,Regular consumer demand,Normal Trading,Adequate inventory maintained,Stable,None,No Monsoon relevance,None,5% avg weekend uplift,0,0,Seasonal factor: No Monsoon relevance; Niche product - irregular demand pattern
June,2024,SKU0019,Ghee 1L,Grocery,Ghee,750,25.0,389250.0,13.6,Bakrid demand surge - Ghee,Festival - Bakrid,Adequate inventory maintained,Stable,Bakrid,No Monsoon relevance,None,5% avg weekend uplift,0,0,Festival demand: Bakrid; Seasonal factor: No Monsoon relevance
June,2024,SKU0070,Ice Cream Family Pack 1L,Dairy,Frozen,284,9.5,47996.0,-13.9,Regular consumer demand,Normal Trading,Stockout for 5 days - lost 46 units,Moderate Decline,None,No Monsoon relevance,None,7% avg weekend uplift,5,46,Seasonal factor: No Monsoon relevance; Inventory issue: Stockout for 5 days - lost 46 units
June,2024,SKU0147,Watermelon Per Piece,Fruits & Vegetables,Fruits,609,20.3,37758.0,6.8,Regular consumer demand,Normal Trading,Adequate inventory maintained,Stable,None,No Monsoon relevance,None,9% avg weekend uplift,0,0,Seasonal factor: No Monsoon relevance
June,2024,SKU0286,Dry Fruit Gift Hamper Combo,Grocery,Gift Sets,588,19.6,705012.0,15.3,Bakrid demand surge - Dry Fruit,Festival - Bakrid,Adequate inventory maintained,Stable,Bakrid,No Monsoon relevance,None,5% avg weekend uplift,0,0,Festival demand: Bakrid; Seasonal factor: No Monsoon relevance
June,2024,SKU0047,Biryani Masala 100g,Grocery,Spices,408,13.6,17136.0,13.3,Bakrid demand surge - Biryani Masala,Festival - Bakrid,Adequate inventory maintained,Stable,Bakrid,No Monsoon relevance,None,5% avg weekend uplift,0,0,Festival demand: Bakrid; Seasonal factor: No Monsoon relevance
June,2024,SKU0182,Bath Soap 125g,Personal Care,Bath Soaps,481,16.0,29822.0,-5.7,Regular consumer demand,Normal Trading,Low stock impact - 14 units missed opportunity,Stable,None,No Monsoon relevance,None,6% avg weekend uplift,0,14,Seasonal factor: No Monsoon relevance
June,2024,SKU0183,Shampoo Sachet 6ml,Personal Care,Hair Care,919,30.6,4595.0,5.6,Regular consumer demand,Normal Trading,Adequate inventory maintained,Stable,None,No Monsoon relevance,None,6% avg weekend uplift,0,0,Seasonal factor: No Monsoon relevance
June,2024,SKU0069,Flavored Yogurt 90g,Dairy,Dairy,149,5.0,6258.0,-0.7,Regular consumer demand,Normal Trading,Adequate inventory maintained,Stable,None,No Monsoon relevance,None,2% avg weekend uplift,0,0,Seasonal factor: No Monsoon relevance; Niche product - irregular demand pattern
June,2024,SKU0007,Wheat Flour Atta 5kg,Grocery,Atta,651,21.7,194649.0,-9.6,Regular consumer demand,Normal Trading,Low stock impact - 22 units missed opportunity,Stable,None,No Monsoon relevance,None,5% avg weekend uplift,0,22,Seasonal factor: No Monsoon relevance
June,2024,SKU0276,Match Box 10pcs,Household,Household,556,18.5,12788.0,-2.5,Regular consumer demand,Normal Trading,Adequate inventory maintained,Stable,None,No Monsoon relevance,None,3% avg weekend uplift,0,0,Seasonal factor: No Monsoon relevance
June,2024,SKU0096,Fruit Syrup 750ml,Beverages,Syrups,484,16.1,76956.0,15.2,Regular consumer demand,Normal Trading,Adequate inventory maintained,Stable,None,No Monsoon relevance,None,12% avg weekend uplift,0,0,Seasonal factor: No Monsoon relevance
June,2024,SKU0079,Probiotic Drink 5pcs,Dairy,Beverages,114,3.8,13566.0,-5.0,Regular consumer demand,Normal Trading,Low stock impact - 3 units missed opportunity,Stable,None,No Monsoon relevance,None,2% avg weekend uplift,0,3,Seasonal factor: No Monsoon relevance; Niche product - irregular demand pattern
June,2024,SKU0078,Dairy Whitener 400g,Dairy,Dairy,790,26.3,109810.0,5.3,Regular consumer demand,Normal Trading,Adequate inventory maintained,Stable,None,No Monsoon relevance,None,7% avg weekend uplift,0,0,Seasonal factor: No Monsoon relevance
June,2024,SKU0116,Namkeen Mix 400g,Snacks,Traditional Snacks,716,23.9,99524.0,32.6,Regular consumer demand,Weekend/Demand Surge,Adequate inventory maintained,Moderate Increase,None,No Monsoon relevance,None,18% avg weekend uplift,0,0,Seasonal factor: No Monsoon relevance
June,2024,SKU0281,Mosquito Bat Rechargeable,Household,Pest Control,796,26.5,261884.0,-8.5,Regular consumer demand,Normal Trading,Stockout for 3 days - lost 64 units,Stable,None,No Monsoon relevance,None,3% avg weekend uplift,3,64,Seasonal factor: No Monsoon relevance; Inventory issue: Stockout for 3 days - lost 64 units
June,2024,SKU0226,Saree Gift Pack Silk Blend,Lifestyle,Clothing,520,17.3,1403480.0,-3.7,Regular consumer demand,Normal Trading,Adequate inventory maintained,Stable,None,No Monsoon relevance,None,7% avg weekend uplift,0,0,Seasonal factor: No Monsoon relevance
June,2024,SKU0238,Face Mask Pack 3pcs,Personal Care,Beauty,214,7.1,49006.0,1.9,Regular consumer demand,Normal Trading,Adequate inventory maintained,Stable,None,No Monsoon relevance,None,2% avg weekend uplift,0,0,Seasonal factor: No Monsoon relevance; Niche product - irregular demand pattern
June,2024,SKU0299,Ramadan Combo Kit,Grocery,Gift Sets,373,12.4,298027.0,-11.2,Regular consumer demand,Normal Trading,Low stock impact - 18 units missed opportunity,Moderate Decline,None,No Monsoon relevance,None,5% avg weekend uplift,0,18,Seasonal factor: No Monsoon relevance
June,2024,SKU0050,Sugar Candy 250g,Grocery,Sweeteners,234,7.8,16848.0,-13.3,Regular consumer demand,Normal Trading,Stockout for 5 days - lost 39 units,Moderate Decline,None,No Monsoon relevance,None,5% avg weekend uplift,5,39,Seasonal factor: No Monsoon relevance; Inventory issue: Stockout for 5 days - lost 39 units
June,2024,SKU0128,Donuts 2pcs,Bakery,Bakery,167,5.6,19873.0,11.3,Regular consumer demand,Normal Trading,Adequate inventory maintained,Stable,None,No Monsoon relevance,None,3% avg weekend uplift,0,0,Seasonal factor: No Monsoon relevance; Niche product - irregular demand pattern
June,2024,SKU0272,Lunch Box Medium,Household,Kitchenware,677,22.6,182113.0,2.6,Regular consumer demand,Normal Trading,Adequate inventory maintained,Stable,None,No Monsoon relevance,None,3% avg weekend uplift,0,0,Seasonal factor: No Monsoon relevance
June,2024,SKU0244,Green Peas Masala 200g,Grocery,Mixes,150,5.0,11850.0,0.0,Regular consumer demand,Normal Trading,Adequate inventory maintained,Stable,None,No Monsoon relevance,None,1% avg weekend uplift,0,0,Seasonal factor: No Monsoon relevance; Niche product - irregular demand pattern
June,2024,SKU0014,Groundnut Oil 1L,Grocery,Oil,1076,35.9,138804.0,28.1,Bakrid demand surge - Oil,Festival - Bakrid,Low stock impact - 91 units missed opportunity,Moderate Increase,Bakrid,No Monsoon relevance,None,5% avg weekend uplift,0,91,Festival demand: Bakrid; Seasonal factor: No Monsoon relevance
June,2024,SKU0106,Popcorn 100g,Snacks,Chips,611,20.4,25662.0,7.2,Regular consumer demand,Normal Trading,Adequate inventory maintained,Stable,None,No Monsoon relevance,None,18% avg weekend uplift,0,0,Seasonal factor: No Monsoon relevance
June,2024,SKU0013,Chana Dal 1kg,Grocery,Pulses,1009,33.6,160431.0,12.1,Regular consumer demand,Normal Trading,Low stock impact - 31 units missed opportunity,Stable,None,No Monsoon relevance,None,5% avg weekend uplift,0,31,Seasonal factor: No Monsoon relevance
June,2024,SKU0029,Pepper Powder 100g,Grocery,Spices,786,26.2,93534.0,13.9,Regular consumer demand,Normal Trading,Adequate inventory maintained,Stable,None,No Monsoon relevance,None,5% avg weekend uplift,0,0,Seasonal factor: No Monsoon relevance
June,2024,SKU0218,Umbrella Large,Lifestyle,Rainwear,1299,43.3,427371.0,170.6,Monsoon demand - Umbrella,Seasonal - Monsoon,Adequate inventory maintained,Strong Increase,None,Monsoon demand - Umbrella,None,7% avg weekend uplift,0,0,Seasonal factor: Monsoon demand - Umbrella; Significant demand spike - review forecast
June,2024,SKU0287,Festival Sweet Combo 2kg,Snacks,Traditional Sweets,441,14.7,352359.0,13.1,Regular consumer demand,Normal Trading,Adequate inventory maintained,Stable,None,No Monsoon relevance,None,18% avg weekend uplift,0,0,Seasonal factor: No Monsoon relevance
June,2024,SKU0037,Aval / Poha 1kg,Grocery,Breakfast,760,25.3,47120.0,5.6,Regular consumer demand,Normal Trading,Adequate inventory maintained,Stable,None,No Monsoon relevance,None,5% avg weekend uplift,0,0,Seasonal factor: No Monsoon relevance
June,2024,SKU0127,Plum Cake 500g,Bakery,Bakery,369,12.3,99261.0,11.8,Regular consumer demand,Normal Trading,Adequate inventory maintained,Stable,None,No Monsoon relevance,None,10% avg weekend uplift,0,0,Seasonal factor: No Monsoon relevance
June,2024,SKU0198,Baby Powder 200g,Personal Care,Baby Care,811,27.0,112729.0,8.1,Regular consumer demand,Normal Trading,Low stock impact - 59 units missed opportunity,Stable,None,No Monsoon relevance,None,6% avg weekend uplift,0,59,Seasonal factor: No Monsoon relevance
June,2024,SKU0028,Rasam Powder 200g,Grocery,Spices,475,15.8,34200.0,5.6,Regular consumer demand,Normal Trading,Adequate inventory maintained,Stable,None,No Monsoon relevance,None,5% avg weekend uplift,0,0,Seasonal factor: No Monsoon relevance
June,2024,SKU0121,Burger Buns 4pcs,Bakery,Bakery,879,29.3,28128.0,8.5,Regular consumer demand,Normal Trading,Adequate inventory maintained,Stable,None,No Monsoon relevance,None,10% avg weekend uplift,0,0,Seasonal factor: No Monsoon relevance
June,2024,SKU0269,Hair Gel 100ml,Personal Care,Hair Care,222,7.4,30858.0,-7.5,Regular consumer demand,Normal Trading,Stockout for 3 days - lost 20 units,Stable,None,No Monsoon relevance,None,2% avg weekend uplift,3,20,Seasonal factor: No Monsoon relevance; Inventory issue: Stockout for 3 days - lost 20 units; Niche product - irregular demand pattern
June,2024,SKU0284,Coconut Scraper Manual,Household,Kitchenware,136,4.5,36584.0,-9.3,Regular consumer demand,Normal Trading,Adequate inventory maintained,Stable,None,No Monsoon relevance,None,1% avg weekend uplift,0,0,Seasonal factor: No Monsoon relevance; Niche product - irregular demand pattern
June,2024,SKU0135,Ice Cubes 1kg,Frozen Foods,Frozen Foods,363,12.1,15246.0,21.0,Regular consumer demand,Weekend/Demand Surge,Low stock impact - 23 units missed opportunity,Moderate Increase,None,No Monsoon relevance,None,15% avg weekend uplift,0,23,Seasonal factor: No Monsoon relevance
June,2024,SKU0243,Instant Soup 3 Pack,Grocery,Instant Foods,700,23.3,97300.0,94.4,Monsoon demand - Soup,Seasonal - Monsoon,Adequate inventory maintained,Strong Increase,None,Monsoon demand - Soup,None,5% avg weekend uplift,0,0,Seasonal factor: Monsoon demand - Soup; Significant demand spike - review forecast
June,2024,SKU0040,Tamarind 500g,Grocery,Spices,806,26.9,71734.0,16.8,Regular consumer demand,Normal Trading,Adequate inventory maintained,Stable,None,No Monsoon relevance,None,5% avg weekend uplift,0,0,Seasonal factor: No Monsoon relevance
June,2024,SKU0258,Instant Coffee Sachet 10pcs,Beverages,Coffee,723,24.1,44826.0,20.5,Regular consumer demand,Weekend/Demand Surge,Adequate inventory maintained,Moderate Increase,None,No Monsoon relevance,None,12% avg weekend uplift,0,0,Seasonal factor: No Monsoon relevance
June,2024,SKU0242,Salt Biscuits 300g,Snacks,Biscuits,1161,38.7,71982.0,33.4,Regular consumer demand,Weekend/Demand Surge,Adequate inventory maintained,Moderate Increase,None,No Monsoon relevance,None,18% avg weekend uplift,0,0,Seasonal factor: No Monsoon relevance
June,2024,SKU0112,Sweet Box Assorted 1kg,Snacks,Traditional Sweets,545,18.2,250155.0,6.9,Regular consumer demand,Normal Trading,Adequate inventory maintained,Stable,None,No Monsoon relevance,None,18% avg weekend uplift,0,0,Seasonal factor: No Monsoon relevance
June,2024,SKU0211,USB Cable 1m,Electronics,Electronics,233,7.8,53357.0,-2.9,Regular consumer demand,Normal Trading,Stockout for 4 days - lost 24 units,Stable,None,No Monsoon relevance,None,2% avg weekend uplift,4,24,Seasonal factor: No Monsoon relevance; Inventory issue: Stockout for 4 days - lost 24 units; Niche product - irregular demand pattern
June,2024,SKU0273,Vacuum Flask 1L,Household,Kitchenware,188,6.3,78772.0,-10.5,Regular consumer demand,Normal Trading,Adequate inventory maintained,Moderate Decline,None,No Monsoon relevance,None,1% avg weekend uplift,0,0,Seasonal factor: No Monsoon relevance; Niche product - irregular demand pattern
June,2024,SKU0274,Plastic Storage Container Set,Household,Kitchenware,242,8.1,193358.0,15.2,Regular consumer demand,Normal Trading,Adequate inventory maintained,Stable,None,No Monsoon relevance,None,1% avg weekend uplift,0,0,Seasonal factor: No Monsoon relevance; Niche product - irregular demand pattern
June,2024,SKU0093,Tender Coconut Water 250ml,Beverages,Beverages,172,5.7,7224.0,14.7,Regular consumer demand,Normal Trading,Adequate inventory maintained,Stable,None,No Monsoon relevance,None,4% avg weekend uplift,0,0,Seasonal factor: No Monsoon relevance; Niche product - irregular demand pattern
June,2024,SKU0120,Bread Loaf 400g,Bakery,Bakery,1617,53.9,63063.0,22.5,Regular consumer demand,Weekend/Demand Surge,Adequate inventory maintained,Moderate Increase,None,No Monsoon relevance,None,10% avg weekend uplift,0,0,Seasonal factor: No Monsoon relevance
June,2024,SKU0228,Christmas Tree Decor Combo,Household,Decorations,570,19.0,455430.0,5.6,Regular consumer demand,Normal Trading,Low stock impact - 31 units missed opportunity,Stable,None,No Monsoon relevance,None,3% avg weekend uplift,0,31,Seasonal factor: No Monsoon relevance
June,2024,SKU0233,Drinking Water Can 20L,Beverages,Beverages,463,15.4,36577.0,2.9,Regular consumer demand,Normal Trading,Low stock impact - 19 units missed opportunity,Stable,None,No Monsoon relevance,None,12% avg weekend uplift,0,19,Seasonal factor: No Monsoon relevance
June,2024,SKU0185,Hair Oil 500ml,Personal Care,Hair Care,927,30.9,128853.0,28.7,Bakrid demand surge - Oil,Festival - Bakrid,Low stock impact - 97 units missed opportunity,Moderate Increase,Bakrid,No Monsoon relevance,None,6% avg weekend uplift,0,97,Festival demand: Bakrid; Seasonal factor: No Monsoon relevance
June,2024,SKU0016,Gingelly Oil 1L,Grocery,Oil,899,30.0,160921.0,15.3,Bakrid demand surge - Oil,Festival - Bakrid,Adequate inventory maintained,Stable,Bakrid,No Monsoon relevance,None,5% avg weekend uplift,0,0,Festival demand: Bakrid; Seasonal factor: No Monsoon relevance
June,2024,SKU0110,Dry Fruit Laddu Box 500g,Snacks,Traditional Sweets,492,16.4,181548.0,26.2,Bakrid demand surge - Dry Fruit,Festival - Bakrid,Adequate inventory maintained,Moderate Increase,Bakrid,No Monsoon relevance,None,18% avg weekend uplift,0,0,Festival demand: Bakrid; Seasonal factor: No Monsoon relevance
June,2024,SKU0022,Salt 1kg,Grocery,Salt,772,25.7,20072.0,-1.0,Regular consumer demand,Normal Trading,Low stock impact - 56 units missed opportunity,Stable,None,No Monsoon relevance,None,5% avg weekend uplift,0,56,Seasonal factor: No Monsoon relevance
June,2024,SKU0153,Orange 1kg,Fruits & Vegetables,Fruits,930,31.0,82770.0,3.3,Regular consumer demand,Normal Trading,Adequate inventory maintained,Stable,None,No Monsoon relevance,None,9% avg weekend uplift,0,0,Seasonal factor: No Monsoon relevance
June,2024,SKU0017,Coconut Oil 1L,Grocery,Oil,822,27.4,114258.0,14.2,Bakrid demand surge - Oil,Festival - Bakrid,Adequate inventory maintained,Stable,Bakrid,No Monsoon relevance,None,5% avg weekend uplift,0,0,Festival demand: Bakrid; Seasonal factor: No Monsoon relevance
June,2024,SKU0278,LED Lantern Rechargeable,Electronics,Lighting,389,13.0,162991.0,-7.4,Regular consumer demand,Normal Trading,Adequate inventory maintained,Stable,None,No Monsoon relevance,None,6% avg weekend uplift,0,0,Seasonal factor: No Monsoon relevance
June,2024,SKU0179,Banana Leaf Pack 10pcs,Grocery,Religious,281,9.4,22199.0,-6.3,Regular consumer demand,Normal Trading,Adequate inventory maintained,Stable,None,No Monsoon relevance,None,5% avg weekend uplift,0,0,Seasonal factor: No Monsoon relevance
June,2024,SKU0083,Filter Coffee Powder 500g,Beverages,Coffee,579,19.3,132591.0,-3.5,Regular consumer demand,Normal Trading,Adequate inventory maintained,Stable,None,No Monsoon relevance,None,12% avg weekend uplift,0,0,Seasonal factor: No Monsoon relevance
June,2024,SKU0237,Hair Dryer 1200W,Electronics,Electronics,273,9.1,327327.0,13.8,Regular consumer demand,Normal Trading,Adequate inventory maintained,Stable,None,No Monsoon relevance,None,2% avg weekend uplift,0,0,Seasonal factor: No Monsoon relevance; Niche product - irregular demand pattern
June,2024,SKU0256,Vermicelli Kheer Mix 200g,Grocery,Mixes,419,14.0,30168.0,-0.2,Regular consumer demand,Normal Trading,Adequate inventory maintained,Stable,None,No Monsoon relevance,None,5% avg weekend uplift,0,0,Seasonal factor: No Monsoon relevance
June,2024,SKU0197,Baby Soap 100g,Personal Care,Baby Care,538,17.9,42502.0,-5.6,Regular consumer demand,Normal Trading,Adequate inventory maintained,Stable,None,No Monsoon relevance,None,6% avg weekend uplift,0,0,Seasonal factor: No Monsoon relevance
June,2024,SKU0262,Protein Shake 400g,Beverages,Health Drinks,208,6.9,87152.0,15.6,Regular consumer demand,Normal Trading,Adequate inventory maintained,Stable,None,No Monsoon relevance,None,4% avg weekend uplift,0,0,Seasonal factor: No Monsoon relevance; Niche product - irregular demand pattern
June,2024,SKU0092,Rose Milk 200ml,Beverages,Beverages,219,7.3,7008.0,4.3,Regular consumer demand,Normal Trading,Stockout for 2 days - lost 8 units,Stable,None,No Monsoon relevance,None,4% avg weekend uplift,2,8,Seasonal factor: No Monsoon relevance; Inventory issue: Stockout for 2 days - lost 8 units; Niche product - irregular demand pattern
June,2024,SKU0199,Hand Wash 750ml,Personal Care,Hygiene,954,31.8,161226.0,13.6,Regular consumer demand,Normal Trading,Adequate inventory maintained,Stable,None,No Monsoon relevance,None,6% avg weekend uplift,0,0,Seasonal factor: No Monsoon relevance
June,2024,SKU0131,Frozen Fries 420g,Frozen Foods,Frozen Foods,731,24.4,101609.0,16.0,Regular consumer demand,Normal Trading,Adequate inventory maintained,Stable,None,No Monsoon relevance,None,15% avg weekend uplift,0,0,Seasonal factor: No Monsoon relevance
June,2024,SKU0057,Pasta Sauce 300g,Grocery,Condiments,236,7.9,21004.0,12.4,Regular consumer demand,Normal Trading,Adequate inventory maintained,Stable,None,No Monsoon relevance,None,1% avg weekend uplift,0,0,Seasonal factor: No Monsoon relevance; Niche product - irregular demand pattern
June,2024,SKU0099,Cold Coffee 180ml,Beverages,Beverages,798,26.6,33516.0,6.4,Regular consumer demand,Normal Trading,Adequate inventory maintained,Stable,None,No Monsoon relevance,None,12% avg weekend uplift,0,0,Seasonal factor: No Monsoon relevance
June,2024,SKU0051,Organic Brown Rice 5kg,Grocery,Rice,211,7.0,96849.0,0.5,Regular consumer demand,Normal Trading,Low stock impact - 20 units missed opportunity,Stable,None,No Monsoon relevance,None,1% avg weekend uplift,0,20,Seasonal factor: No Monsoon relevance; Niche product - irregular demand pattern
June,2024,SKU0191,Deodorant Spray 150ml,Personal Care,Deodorants,545,18.2,124805.0,0.9,Regular consumer demand,Normal Trading,Adequate inventory maintained,Stable,None,No Monsoon relevance,None,6% avg weekend uplift,0,0,Seasonal factor: No Monsoon relevance
June,2024,SKU0254,Pista Cookies 400g,Snacks,Biscuits,390,13.0,89310.0,8.3,Regular consumer demand,Normal Trading,Adequate inventory maintained,Stable,None,No Monsoon relevance,None,18% avg weekend uplift,0,0,Seasonal factor: No Monsoon relevance
June,2024,SKU0205,Printer Paper 500 sheets,Stationery,Stationery,54,1.8,14526.0,-10.0,Regular consumer demand,Normal Trading,Adequate inventory maintained,Moderate Decline,None,No Monsoon relevance,None,1% avg weekend uplift,0,0,Seasonal factor: No Monsoon relevance
June,2024,SKU0074,Greek Yogurt 400g,Dairy,Dairy,165,5.5,19635.0,10.0,Regular consumer demand,Normal Trading,Adequate inventory maintained,Stable,None,No Monsoon relevance,None,2% avg weekend uplift,0,0,Seasonal factor: No Monsoon relevance; Niche product - irregular demand pattern
June,2024,SKU0232,Disposable Plates & Cups 50pcs,Household,Party Supplies,687,22.9,157323.0,14.5,Bakrid demand surge - Disposable,Festival - Bakrid,Adequate inventory maintained,Stable,Bakrid,No Monsoon relevance,None,3% avg weekend uplift,0,0,Festival demand: Bakrid; Seasonal factor: No Monsoon relevance
June,2024,SKU0168,Fabric Conditioner 860ml,Household,Laundry,154,5.1,24486.0,2.7,Regular consumer demand,Normal Trading,Adequate inventory maintained,Stable,None,No Monsoon relevance,None,1% avg weekend uplift,0,0,Seasonal factor: No Monsoon relevance; Niche product - irregular demand pattern
June,2024,SKU0009,Rava / Sooji 1kg,Grocery,Flour,483,16.1,25116.0,-10.6,Regular consumer demand,Normal Trading,Adequate inventory maintained,Moderate Decline,None,No Monsoon relevance,None,5% avg weekend uplift,0,0,Seasonal factor: No Monsoon relevance
June,2024,SKU0046,Nutella Spread 350g,Grocery,Spreads,179,6.0,48151.0,-0.6,Regular consumer demand,Normal Trading,Low stock impact - 4 units missed opportunity,Stable,None,No Monsoon relevance,None,1% avg weekend uplift,0,4,Seasonal factor: No Monsoon relevance; Niche product - irregular demand pattern
June,2024,SKU0221,Bedsheet Queen Size,Lifestyle,Bedding,994,33.1,794206.0,10.4,Regular consumer demand,Normal Trading,Adequate inventory maintained,Stable,None,No Monsoon relevance,None,7% avg weekend uplift,0,0,Seasonal factor: No Monsoon relevance
June,2024,SKU0300,Diwali Gift Hamper,Grocery,Gift Sets,370,12.3,443630.0,-5.1,Regular consumer demand,Normal Trading,Adequate inventory maintained,Stable,None,No Monsoon relevance,None,5% avg weekend uplift,0,0,Seasonal factor: No Monsoon relevance
June,2024,SKU0114,Nachos 150g,Snacks,Chips,271,9.0,24119.0,12.9,Regular consumer demand,Normal Trading,Adequate inventory maintained,Stable,None,No Monsoon relevance,None,5% avg weekend uplift,0,0,Seasonal factor: No Monsoon relevance; Niche product - irregular demand pattern
June,2024,SKU0027,Sambar Powder 500g,Grocery,Spices,915,30.5,81435.0,17.3,Regular consumer demand,Normal Trading,Adequate inventory maintained,Stable,None,No Monsoon relevance,None,5% avg weekend uplift,0,0,Seasonal factor: No Monsoon relevance
June,2024,SKU0236,Trimmer Rechargeable,Electronics,Electronics,129,4.3,103071.0,7.5,Regular consumer demand,Normal Trading,Adequate inventory maintained,Stable,None,No Monsoon relevance,None,2% avg weekend uplift,0,0,Seasonal factor: No Monsoon relevance; Niche product - irregular demand pattern
June,2024,SKU0089,Soda Bottles 750ml,Beverages,Beverages,799,26.6,25568.0,11.0,Regular consumer demand,Normal Trading,Adequate inventory maintained,Stable,None,No Monsoon relevance,None,12% avg weekend uplift,0,0,Seasonal factor: No Monsoon relevance
June,2024,SKU0145,Apple 1kg,Fruits & Vegetables,Fruits,504,16.8,85176.0,-1.2,Regular consumer demand,Normal Trading,Low stock impact - 17 units missed opportunity,Stable,None,No Monsoon relevance,None,9% avg weekend uplift,0,17,Seasonal factor: No Monsoon relevance
June,2024,SKU0202,Ball Pen Pack 10pcs,Stationery,Stationery,1060,35.3,65720.0,17.8,Regular consumer demand,Normal Trading,Adequate inventory maintained,Stable,None,No Monsoon relevance,None,3% avg weekend uplift,0,0,Seasonal factor: No Monsoon relevance
June,2024,SKU0250,Coconut Cookies 200g,Snacks,Biscuits,922,30.7,66384.0,2.4,Regular consumer demand,Normal Trading,Adequate inventory maintained,Stable,None,No Monsoon relevance,None,18% avg weekend uplift,0,0,Seasonal factor: No Monsoon relevance
June,2024,SKU0172,Mosquito Refill 45ml,Household,Pest Control,883,29.4,122737.0,-1.9,Regular consumer demand,Normal Trading,Low stock impact - 70 units missed opportunity,Stable,None,No Monsoon relevance,None,3% avg weekend uplift,0,70,Seasonal factor: No Monsoon relevance
June,2024,SKU0034,Raisins 250g,Grocery,Nuts,584,19.5,98696.0,2.5,Regular consumer demand,Normal Trading,Low stock impact - 65 units missed opportunity,Stable,None,No Monsoon relevance,None,5% avg weekend uplift,0,65,Seasonal factor: No Monsoon relevance
June,2024,SKU0148,Mango 1kg,Fruits & Vegetables,Fruits,399,13.3,55461.0,20.9,Regular consumer demand,Weekend/Demand Surge,Adequate inventory maintained,Moderate Increase,None,No Monsoon relevance,None,9% avg weekend uplift,0,0,Seasonal factor: No Monsoon relevance
June,2024,SKU0157,Carrot 1kg,Fruits & Vegetables,Vegetables,465,15.5,24180.0,-3.1,Regular consumer demand,Normal Trading,Adequate inventory maintained,Stable,None,No Monsoon relevance,None,9% avg weekend uplift,0,0,Seasonal factor: No Monsoon relevance
June,2024,SKU0107,Biscuit Pack 300g,Snacks,Biscuits,698,23.3,50256.0,10.8,Regular consumer demand,Normal Trading,Low stock impact - 35 units missed opportunity,Stable,None,No Monsoon relevance,None,18% avg weekend uplift,0,35,Seasonal factor: No Monsoon relevance
June,2024,SKU0184,Shampoo Bottle 340ml,Personal Care,Hair Care,698,23.3,187762.0,5.8,Regular consumer demand,Normal Trading,Adequate inventory maintained,Stable,None,No Monsoon relevance,None,6% avg weekend uplift,0,0,Seasonal factor: No Monsoon relevance
June,2024,SKU0196,Baby Lotion 200ml,Personal Care,Baby Care,784,26.1,179536.0,-3.2,Regular consumer demand,Normal Trading,Adequate inventory maintained,Stable,None,No Monsoon relevance,None,6% avg weekend uplift,0,0,Seasonal factor: No Monsoon relevance
June,2024,SKU0200,Hand Sanitizer 500ml,Personal Care,Hygiene,892,29.7,141828.0,10.1,Regular consumer demand,Normal Trading,Adequate inventory maintained,Stable,None,No Monsoon relevance,None,6% avg weekend uplift,0,0,Seasonal factor: No Monsoon relevance
June,2024,SKU0208,Extension Box 4 socket,Electronics,Electrical,166,5.5,76194.0,-7.8,Regular consumer demand,Normal Trading,Low stock impact - 14 units missed opportunity,Stable,None,No Monsoon relevance,None,2% avg weekend uplift,0,14,Seasonal factor: No Monsoon relevance; Niche product - irregular demand pattern
June,2024,SKU0214,Rice Cooker 1.8L,Electronics,Appliances,210,7.0,440790.0,16.7,Regular consumer demand,Normal Trading,Adequate inventory maintained,Stable,None,No Monsoon relevance,None,2% avg weekend uplift,0,0,Seasonal factor: No Monsoon relevance; Niche product - irregular demand pattern
June,2024,SKU0289,Pooja Oil 500ml,Grocery,Religious,564,18.8,95316.0,17.5,Bakrid demand surge - Oil,Festival - Bakrid,Adequate inventory maintained,Stable,Bakrid,No Monsoon relevance,None,5% avg weekend uplift,0,0,Festival demand: Bakrid; Seasonal factor: No Monsoon relevance
June,2024,SKU0295,Kids Festive Wear Medium,Lifestyle,Clothing,434,14.5,607166.0,-14.9,Regular consumer demand,Normal Trading,Stockout for 5 days - lost 52 units,Moderate Decline,None,No Monsoon relevance,None,7% avg weekend uplift,5,52,Seasonal factor: No Monsoon relevance; Inventory issue: Stockout for 5 days - lost 52 units
June,2024,SKU0075,Imported Cheese 200g,Dairy,Dairy,259,8.6,59311.0,7.9,Regular consumer demand,Normal Trading,Adequate inventory maintained,Stable,None,No Monsoon relevance,None,2% avg weekend uplift,0,0,Seasonal factor: No Monsoon relevance; Niche product - irregular demand pattern
June,2024,SKU0235,Smart Watch Standard,Electronics,Electronics,225,7.5,517275.0,-6.2,Regular consumer demand,Normal Trading,Adequate inventory maintained,Stable,None,No Monsoon relevance,None,2% avg weekend uplift,0,0,Seasonal factor: No Monsoon relevance; Niche product - irregular demand pattern
June,2024,SKU0072,Condensed Milk 400g,Dairy,Dairy,448,14.9,62272.0,14.9,Regular consumer demand,Normal Trading,Adequate inventory maintained,Stable,None,No Monsoon relevance,None,7% avg weekend uplift,0,0,Seasonal factor: No Monsoon relevance
June,2024,SKU0117,Energy Bar 6pcs,Snacks,Health Bars,177,5.9,47613.0,-1.7,Regular consumer demand,Normal Trading,Adequate inventory maintained,Stable,None,No Monsoon relevance,None,5% avg weekend uplift,0,0,Seasonal factor: No Monsoon relevance; Niche product - irregular demand pattern
June,2024,SKU0067,Cheese Slices 200g,Dairy,Dairy,544,18.1,64736.0,0.7,Regular consumer demand,Normal Trading,Low stock impact - 50 units missed opportunity,Stable,None,No Monsoon relevance,None,7% avg weekend uplift,0,50,Seasonal factor: No Monsoon relevance
June,2024,SKU0091,Mango Juice 1L,Beverages,Juices,635,21.2,56515.0,24.5,Regular consumer demand,Weekend/Demand Surge,Adequate inventory maintained,Moderate Increase,None,No Monsoon relevance,None,12% avg weekend uplift,0,0,Seasonal factor: No Monsoon relevance
June,2024,SKU0227,Dhoti Set XL,Lifestyle,Clothing,607,20.2,484993.0,6.5,Regular consumer demand,Normal Trading,Adequate inventory maintained,Stable,None,No Monsoon relevance,None,7% avg weekend uplift,0,0,Seasonal factor: No Monsoon relevance
June,2024,SKU0279,Mobile Power Bank 10000mAh,Electronics,Electronics,172,5.7,240628.0,14.7,Regular consumer demand,Normal Trading,Adequate inventory maintained,Stable,None,No Monsoon relevance,None,2% avg weekend uplift,0,0,Seasonal factor: No Monsoon relevance; Niche product - irregular demand pattern
June,2024,SKU0056,Pasta 500g,Grocery,Pasta,880,29.3,69520.0,-2.2,Regular consumer demand,Normal Trading,Adequate inventory maintained,Stable,None,No Monsoon relevance,None,5% avg weekend uplift,0,0,Seasonal factor: No Monsoon relevance
June,2024,SKU0177,Steel Tiffin Box 3-tier,Household,Kitchenware,224,7.5,102816.0,6.7,Regular consumer demand,Normal Trading,Adequate inventory maintained,Stable,None,No Monsoon relevance,None,1% avg weekend uplift,0,0,Seasonal factor: No Monsoon relevance; Niche product - irregular demand pattern
June,2024,SKU0216,Emergency Lamp Rechargeable,Electronics,Lighting,548,18.3,437852.0,14.2,Regular consumer demand,Normal Trading,Stockout for 2 days - lost 28 units,Stable,None,No Monsoon relevance,None,6% avg weekend uplift,2,28,Seasonal factor: No Monsoon relevance; Inventory issue: Stockout for 2 days - lost 28 units
June,2024,SKU0024,Turmeric Powder 200g,Grocery,Spices,937,31.2,58094.0,11.5,Regular consumer demand,Normal Trading,Adequate inventory maintained,Stable,None,No Monsoon relevance,None,5% avg weekend uplift,0,0,Seasonal factor: No Monsoon relevance
June,2024,SKU0162,Decorative Lights 20m,Household,Decorations,588,19.6,269892.0,3.2,Regular consumer demand,Normal Trading,Adequate inventory maintained,Stable,None,No Monsoon relevance,None,3% avg weekend uplift,0,0,Seasonal factor: No Monsoon relevance
June,2024,SKU0163,Rangoli Powder 500g,Household,Decorations,339,11.3,21018.0,-5.8,Regular consumer demand,Normal Trading,Adequate inventory maintained,Stable,None,No Monsoon relevance,None,3% avg weekend uplift,0,0,Seasonal factor: No Monsoon relevance
June,2024,SKU0064,Curd Cup 400g,Dairy,Dairy,780,26.0,32760.0,4.0,Regular consumer demand,Normal Trading,Adequate inventory maintained,Stable,None,No Monsoon relevance,None,7% avg weekend uplift,0,0,Seasonal factor: No Monsoon relevance
June,2024,SKU0126,Croissants 6pcs,Bakery,Bakery,104,3.5,14456.0,15.6,Regular consumer demand,Normal Trading,Adequate inventory maintained,Stable,None,No Monsoon relevance,None,3% avg weekend uplift,0,0,Seasonal factor: No Monsoon relevance; Niche product - irregular demand pattern
June,2024,SKU0134,Frozen Sweet Corn 500g,Frozen Foods,Frozen Foods,441,14.7,43659.0,-2.0,Regular consumer demand,Normal Trading,Adequate inventory maintained,Stable,None,No Monsoon relevance,None,15% avg weekend uplift,0,0,Seasonal factor: No Monsoon relevance
June,2024,SKU0141,Green Chilli 250g,Fruits & Vegetables,Vegetables,1306,43.5,41792.0,3.7,Regular consumer demand,Normal Trading,Adequate inventory maintained,Stable,None,No Monsoon relevance,None,9% avg weekend uplift,0,0,Seasonal factor: No Monsoon relevance
June,2024,SKU0025,Chilli Powder 500g,Grocery,Spices,851,28.4,67229.0,18.2,Regular consumer demand,Normal Trading,Adequate inventory maintained,Stable,None,No Monsoon relevance,None,5% avg weekend uplift,0,0,Seasonal factor: No Monsoon relevance
June,2024,SKU0297,Temple Coconut Pack 5pcs,Fruits & Vegetables,Fruits,617,20.6,104273.0,8.2,Regular consumer demand,Normal Trading,Adequate inventory maintained,Stable,None,No Monsoon relevance,None,9% avg weekend uplift,0,0,Seasonal factor: No Monsoon relevance
June,2024,SKU0018,Ghee 500ml,Grocery,Ghee,1037,34.6,278953.0,23.5,Bakrid demand surge - Ghee,Festival - Bakrid,Adequate inventory maintained,Moderate Increase,Bakrid,No Monsoon relevance,None,5% avg weekend uplift,0,0,Festival demand: Bakrid; Seasonal factor: No Monsoon relevance
June,2024,SKU0174,Pressure Cooker 5L,Household,Cookware,167,5.6,200233.0,11.3,Regular consumer demand,Normal Trading,Adequate inventory maintained,Stable,None,No Monsoon relevance,None,1% avg weekend uplift,0,0,Seasonal factor: No Monsoon relevance; Niche product - irregular demand pattern
June,2024,SKU0175,Non-Stick Pan 28cm,Household,Cookware,213,7.1,170187.0,1.4,Regular consumer demand,Normal Trading,Adequate inventory maintained,Stable,None,No Monsoon relevance,None,1% avg weekend uplift,0,0,Seasonal factor: No Monsoon relevance; Niche product - irregular demand pattern
June,2024,SKU0212,Electric Kettle 1.5L,Electronics,Appliances,165,5.5,197835.0,-8.3,Regular consumer demand,Normal Trading,Adequate inventory maintained,Stable,None,No Monsoon relevance,None,2% avg weekend uplift,0,0,Seasonal factor: No Monsoon relevance; Niche product - irregular demand pattern
June,2024,SKU0270,Beard Oil 50ml,Personal Care,Grooming,269,9.0,72361.0,28.1,Bakrid demand surge - Oil,Festival - Bakrid,Adequate inventory maintained,Moderate Increase,Bakrid,No Monsoon relevance,None,2% avg weekend uplift,0,0,Festival demand: Bakrid; Seasonal factor: No Monsoon relevance; Niche product - irregular demand pattern
June,2024,SKU0033,Pistachios 250g,Grocery,Nuts,570,19.0,238830.0,0.0,Regular consumer demand,Normal Trading,Adequate inventory maintained,Stable,None,No Monsoon relevance,None,5% avg weekend uplift,0,0,Seasonal factor: No Monsoon relevance
June,2024,SKU0048,Chicken Masala 100g,Grocery,Spices,459,15.3,17901.0,9.3,Bakrid demand surge - Chicken Masala,Festival - Bakrid,Adequate inventory maintained,Stable,Bakrid,No Monsoon relevance,None,5% avg weekend uplift,0,0,Festival demand: Bakrid; Seasonal factor: No Monsoon relevance
June,2024,SKU0049,Semiya Payasam Mix 200g,Grocery,Mixes,541,18.0,33542.0,12.7,Regular consumer demand,Normal Trading,Adequate inventory maintained,Stable,None,No Monsoon relevance,None,5% avg weekend uplift,0,0,Seasonal factor: No Monsoon relevance
June,2024,SKU0231,Turmeric Plant Bundle,Fruits & Vegetables,Plants,505,16.8,39895.0,5.2,Regular consumer demand,Normal Trading,Adequate inventory maintained,Stable,None,No Monsoon relevance,None,9% avg weekend uplift,0,0,Seasonal factor: No Monsoon relevance
June,2024,SKU0154,Grapes 500g,Fruits & Vegetables,Fruits,542,18.1,64498.0,0.4,Regular consumer demand,Normal Trading,Adequate inventory maintained,Stable,None,No Monsoon relevance,None,9% avg weekend uplift,0,0,Seasonal factor: No Monsoon relevance
June,2024,SKU0085,Health Drink 500g,Beverages,Health Drinks,596,19.9,94764.0,-0.7,Regular consumer demand,Normal Trading,Adequate inventory maintained,Stable,None,No Monsoon relevance,None,12% avg weekend uplift,0,0,Seasonal factor: No Monsoon relevance
June,2024,SKU0100,Electrolyte Drink 500ml,Beverages,Beverages,262,8.7,20698.0,9.2,Regular consumer demand,Normal Trading,Adequate inventory maintained,Stable,None,No Monsoon relevance,None,12% avg weekend uplift,0,0,Seasonal factor: No Monsoon relevance
June,2024,SKU0255,Saffron 1g,Grocery,Spices,187,6.2,149413.0,3.9,Regular consumer demand,Normal Trading,Adequate inventory maintained,Stable,None,No Monsoon relevance,None,1% avg weekend uplift,0,0,Seasonal factor: No Monsoon relevance; Niche product - irregular demand pattern
June,2024,SKU0073,Fresh Cream 250ml,Dairy,Dairy,431,14.4,34049.0,19.7,Regular consumer demand,Normal Trading,Adequate inventory maintained,Stable,None,No Monsoon relevance,None,7% avg weekend uplift,0,0,Seasonal factor: No Monsoon relevance
June,2024,SKU0012,Moong Dal 1kg,Grocery,Pulses,436,14.5,73684.0,-9.2,Regular consumer demand,Normal Trading,Adequate inventory maintained,Stable,None,No Monsoon relevance,None,5% avg weekend uplift,0,0,Seasonal factor: No Monsoon relevance
June,2024,SKU0186,Toothpaste 200g,Personal Care,Oral Care,727,24.2,64703.0,-6.8,Regular consumer demand,Normal Trading,Adequate inventory maintained,Stable,None,No Monsoon relevance,None,6% avg weekend uplift,0,0,Seasonal factor: No Monsoon relevance
June,2024,SKU0068,Buttermilk 200ml,Dairy,Beverages,965,32.2,22195.0,-8.1,Regular consumer demand,Normal Trading,Adequate inventory maintained,Stable,None,No Monsoon relevance,None,7% avg weekend uplift,0,0,Seasonal factor: No Monsoon relevance
June,2024,SKU0271,Wall Clock Standard,Household,Home Decor,98,3.3,32242.0,8.9,Regular consumer demand,Normal Trading,Adequate inventory maintained,Stable,None,No Monsoon relevance,None,1% avg weekend uplift,0,0,Seasonal factor: No Monsoon relevance
June,2024,SKU0282,Hand Blender Standard,Electronics,Appliances,238,7.9,332962.0,13.3,Regular consumer demand,Normal Trading,Adequate inventory maintained,Stable,None,No Monsoon relevance,None,2% avg weekend uplift,0,0,Seasonal factor: No Monsoon relevance; Niche product - irregular demand pattern
June,2024,SKU0071,Ice Cream Cone Pack 6pcs,Dairy,Frozen,528,17.6,62832.0,3.5,Regular consumer demand,Normal Trading,Adequate inventory maintained,Stable,None,No Monsoon relevance,None,7% avg weekend uplift,0,0,Seasonal factor: No Monsoon relevance
June,2024,SKU0188,Toothbrush 2pcs,Personal Care,Oral Care,890,29.7,123710.0,9.9,Regular consumer demand,Normal Trading,Low stock impact - 39 units missed opportunity,Stable,None,No Monsoon relevance,None,6% avg weekend uplift,0,39,Seasonal factor: No Monsoon relevance
June,2024,SKU0266,Toilet Cleaner 1L,Household,Cleaning,1018,33.9,172042.0,17.0,Regular consumer demand,Normal Trading,Adequate inventory maintained,Stable,None,No Monsoon relevance,None,3% avg weekend uplift,0,0,Seasonal factor: No Monsoon relevance
June,2024,SKU0125,Rusks 300g,Bakery,Bakery,1105,36.8,68510.0,22.8,Regular consumer demand,Weekend/Demand Surge,Adequate inventory maintained,Moderate Increase,None,No Monsoon relevance,None,10% avg weekend uplift,0,0,Seasonal factor: No Monsoon relevance
June,2024,SKU0032,Almonds 500g,Grocery,Nuts,545,18.2,271955.0,-9.2,Regular consumer demand,Normal Trading,Stockout for 2 days - lost 30 units,Stable,None,No Monsoon relevance,None,5% avg weekend uplift,2,30,Seasonal factor: No Monsoon relevance; Inventory issue: Stockout for 2 days - lost 30 units
June,2024,SKU0053,Chia Seeds 250g,Grocery,Seeds,129,4.3,29541.0,-14.0,Regular consumer demand,Normal Trading,Adequate inventory maintained,Moderate Decline,None,No Monsoon relevance,None,1% avg weekend uplift,0,0,Seasonal factor: No Monsoon relevance; Niche product - irregular demand pattern
June,2024,SKU0087,Soft Drink Cola 2L,Beverages,Soft Drinks,778,25.9,61462.0,52.5,Bakrid demand surge - Soft Drink,Festival - Bakrid,Adequate inventory maintained,Strong Increase,Bakrid,No Monsoon relevance,None,12% avg weekend uplift,0,0,Festival demand: Bakrid; Seasonal factor: No Monsoon relevance; Significant demand spike - review forecast
June,2024,SKU0088,Soft Drink Orange 2L,Beverages,Soft Drinks,706,23.5,55774.0,38.4,Bakrid demand surge - Soft Drink,Festival - Bakrid,Adequate inventory maintained,Moderate Increase,Bakrid,No Monsoon relevance,None,12% avg weekend uplift,0,0,Festival demand: Bakrid; Seasonal factor: No Monsoon relevance
June,2024,SKU0102,Magic Masala Chips 75g,Snacks,Chips,658,21.9,21056.0,4.4,Regular consumer demand,Normal Trading,Adequate inventory maintained,Stable,None,No Monsoon relevance,None,18% avg weekend uplift,0,0,Seasonal factor: No Monsoon relevance
June,2024,SKU0133,Frozen Peas 500g,Frozen Foods,Frozen Foods,652,21.7,58028.0,14.4,Regular consumer demand,Normal Trading,Adequate inventory maintained,Stable,None,No Monsoon relevance,None,15% avg weekend uplift,0,0,Seasonal factor: No Monsoon relevance
June,2024,SKU0170,Aluminum Foil 9m,Household,Kitchen,719,24.0,63991.0,4.2,Regular consumer demand,Normal Trading,Adequate inventory maintained,Stable,None,No Monsoon relevance,None,3% avg weekend uplift,0,0,Seasonal factor: No Monsoon relevance
June,2024,SKU0204,School Bag Medium,Stationery,Bags,277,9.2,221323.0,-16.1,Regular consumer demand,Normal Trading,Low stock impact - 30 units missed opportunity,Moderate Decline,None,No Monsoon relevance,None,3% avg weekend uplift,0,30,Seasonal factor: No Monsoon relevance
June,2024,SKU0209,Mobile Charger 18W,Electronics,Electronics,134,4.5,82946.0,11.7,Regular consumer demand,Normal Trading,Adequate inventory maintained,Stable,None,No Monsoon relevance,None,2% avg weekend uplift,0,0,Seasonal factor: No Monsoon relevance; Niche product - irregular demand pattern
June,2024,SKU0288,Prayer Oil Lamp Brass,Household,Religious,684,22.8,286596.0,34.1,Bakrid demand surge - Oil,Festival - Bakrid,Adequate inventory maintained,Moderate Increase,Bakrid,No Monsoon relevance,None,3% avg weekend uplift,0,0,Festival demand: Bakrid; Seasonal factor: No Monsoon relevance
June,2024,SKU0146,Pomegranate 1kg,Fruits & Vegetables,Fruits,394,13.1,105986.0,19.4,Regular consumer demand,Normal Trading,Adequate inventory maintained,Stable,None,No Monsoon relevance,None,9% avg weekend uplift,0,0,Seasonal factor: No Monsoon relevance
June,2024,SKU0104,Mixture Snacks 500g,Snacks,Traditional Snacks,519,17.3,87711.0,1.8,Regular consumer demand,Normal Trading,Adequate inventory maintained,Stable,None,No Monsoon relevance,None,18% avg weekend uplift,0,0,Seasonal factor: No Monsoon relevance
June,2024,SKU0137,Frozen Momos 500g,Frozen Foods,Frozen Foods,140,4.7,27860.0,16.7,Regular consumer demand,Normal Trading,Adequate inventory maintained,Stable,None,No Monsoon relevance,None,5% avg weekend uplift,0,0,Seasonal factor: No Monsoon relevance; Niche product - irregular demand pattern
June,2024,SKU0004,Raw Rice 25kg,Grocery,Rice,936,31.2,1403064.0,20.0,Regular consumer demand,Normal Trading,Adequate inventory maintained,Stable,None,No Monsoon relevance,None,5% avg weekend uplift,0,0,Seasonal factor: No Monsoon relevance
June,2024,SKU0129,Garlic Bread 200g,Bakery,Bakery,267,8.9,19224.0,11.2,Regular consumer demand,Normal Trading,Adequate inventory maintained,Stable,None,No Monsoon relevance,None,3% avg weekend uplift,0,0,Seasonal factor: No Monsoon relevance; Niche product - irregular demand pattern
June,2024,SKU0142,Ginger 250g,Fruits & Vegetables,Vegetables,422,14.1,26164.0,-12.1,Regular consumer demand,Normal Trading,Stockout for 5 days - lost 55 units,Moderate Decline,None,No Monsoon relevance,None,9% avg weekend uplift,5,55,Seasonal factor: No Monsoon relevance; Inventory issue: Stockout for 5 days - lost 55 units
June,2024,SKU0006,Wheat Flour Atta 5kg,Grocery,Atta,629,21.0,181781.0,10.4,Regular consumer demand,Normal Trading,Adequate inventory maintained,Stable,None,No Monsoon relevance,None,5% avg weekend uplift,0,0,Seasonal factor: No Monsoon relevance
June,2024,SKU0122,Pizza Base 200g,Bakery,Bakery,167,5.6,10354.0,11.3,Regular consumer demand,Normal Trading,Adequate inventory maintained,Stable,None,No Monsoon relevance,None,3% avg weekend uplift,0,0,Seasonal factor: No Monsoon relevance; Niche product - irregular demand pattern
June,2024,SKU0109,Chocolate Gift Box 500g,Snacks,Chocolates,302,10.1,138618.0,0.7,Regular consumer demand,Normal Trading,Adequate inventory maintained,Stable,None,No Monsoon relevance,None,18% avg weekend uplift,0,0,Seasonal factor: No Monsoon relevance
June,2024,SKU0215,Induction Stove 1800W,Electronics,Appliances,219,7.3,678681.0,-8.8,Regular consumer demand,Normal Trading,Adequate inventory maintained,Stable,None,No Monsoon relevance,None,2% avg weekend uplift,0,0,Seasonal factor: No Monsoon relevance; Niche product - irregular demand pattern
June,2024,SKU0190,Talcum Powder 400g,Personal Care,Skin Care,633,21.1,56337.0,11.1,Regular consumer demand,Normal Trading,Adequate inventory maintained,Stable,None,No Monsoon relevance,None,6% avg weekend uplift,0,0,Seasonal factor: No Monsoon relevance
June,2024,SKU0223,Blanket Double,Lifestyle,Bedding,621,20.7,744579.0,21.8,Regular consumer demand,Weekend/Demand Surge,Adequate inventory maintained,Moderate Increase,None,No Monsoon relevance,None,7% avg weekend uplift,0,0,Seasonal factor: No Monsoon relevance
June,2024,SKU0180,Kumkum Powder 50g,Household,Religious,558,18.6,23436.0,3.3,Regular consumer demand,Normal Trading,Adequate inventory maintained,Stable,None,No Monsoon relevance,None,3% avg weekend uplift,0,0,Seasonal factor: No Monsoon relevance
June,2024,SKU0247,Cheese Popcorn 100g,Snacks,Snacks,93,3.1,5766.0,3.3,Regular consumer demand,Normal Trading,Adequate inventory maintained,Stable,None,No Monsoon relevance,None,5% avg weekend uplift,0,0,Seasonal factor: No Monsoon relevance; Niche product - irregular demand pattern
June,2024,SKU0001,Ponni Rice 25kg,Grocery,Rice,639,21.3,1021761.0,-7.4,Regular consumer demand,Normal Trading,Low stock impact - 30 units missed opportunity,Stable,None,No Monsoon relevance,None,5% avg weekend uplift,0,30,Seasonal factor: No Monsoon relevance
June,2024,SKU0241,Coconut Biscuits 200g,Snacks,Biscuits,875,29.2,45500.0,16.7,Regular consumer demand,Normal Trading,Adequate inventory maintained,Stable,None,No Monsoon relevance,None,18% avg weekend uplift,0,0,Seasonal factor: No Monsoon relevance
June,2024,SKU0248,Fruit Jam 500g,Grocery,Spreads,631,21.0,87709.0,-8.6,Regular consumer demand,Normal Trading,Adequate inventory maintained,Stable,None,No Monsoon relevance,None,5% avg weekend uplift,0,0,Seasonal factor: No Monsoon relevance
June,2024,SKU0252,Fruit Cake 300g,Bakery,Bakery,419,14.0,70811.0,-12.7,Regular consumer demand,Normal Trading,Low stock impact - 34 units missed opportunity,Moderate Decline,None,No Monsoon relevance,None,10% avg weekend uplift,0,34,Seasonal factor: No Monsoon relevance
June,2024,SKU0159,Agarbathi 100 sticks,Household,Religious,916,30.5,72364.0,17.4,Regular consumer demand,Normal Trading,Adequate inventory maintained,Stable,None,No Monsoon relevance,None,3% avg weekend uplift,0,0,Seasonal factor: No Monsoon relevance
June,2024,SKU0005,Basmati Rice 5kg,Grocery,Rice,1016,33.9,842264.0,16.8,Bakrid demand surge - Basmati,Festival - Bakrid,Adequate inventory maintained,Stable,Bakrid,No Monsoon relevance,None,5% avg weekend uplift,0,0,Festival demand: Bakrid; Seasonal factor: No Monsoon relevance
June,2024,SKU0217,Smart LED Strip Lights 5m,Electronics,Lighting,573,19.1,687027.0,19.4,Regular consumer demand,Normal Trading,Adequate inventory maintained,Stable,None,No Monsoon relevance,None,6% avg weekend uplift,0,0,Seasonal factor: No Monsoon relevance
June,2024,SKU0076,Flavored Milk 200ml,Dairy,Beverages,600,20.0,13800.0,17.6,Regular consumer demand,Normal Trading,Adequate inventory maintained,Stable,None,No Monsoon relevance,None,7% avg weekend uplift,0,0,Seasonal factor: No Monsoon relevance
June,2024,SKU0101,Lays Chips 50g,Snacks,Chips,1011,33.7,19209.0,29.6,Regular consumer demand,Weekend/Demand Surge,Adequate inventory maintained,Moderate Increase,None,No Monsoon relevance,None,18% avg weekend uplift,0,0,Seasonal factor: No Monsoon relevance
June,2024,SKU0098,Lemon Juice 600ml,Beverages,Juices,482,16.1,29884.0,14.8,Regular consumer demand,Normal Trading,Adequate inventory maintained,Stable,None,No Monsoon relevance,None,12% avg weekend uplift,0,0,Seasonal factor: No Monsoon relevance
June,2024,SKU0015,Sunflower Oil 1L,Grocery,Oil,567,18.9,67473.0,18.1,Bakrid demand surge - Oil,Festival - Bakrid,Low stock impact - 23 units missed opportunity,Stable,Bakrid,No Monsoon relevance,None,5% avg weekend uplift,0,23,Festival demand: Bakrid; Seasonal factor: No Monsoon relevance
June,2024,SKU0113,Kids Chocolate Pack,Snacks,Chocolates,290,9.7,107010.0,7.4,Regular consumer demand,Normal Trading,Adequate inventory maintained,Stable,None,No Monsoon relevance,None,18% avg weekend uplift,0,0,Seasonal factor: No Monsoon relevance
June,2024,SKU0152,Jasmine Flowers 100g,Fruits & Vegetables,Flowers,300,10.0,18600.0,11.1,Regular consumer demand,Normal Trading,Adequate inventory maintained,Stable,None,No Monsoon relevance,None,9% avg weekend uplift,0,0,Seasonal factor: No Monsoon relevance
June,2024,SKU0043,Oats 1kg,Grocery,Breakfast,637,21.2,114023.0,1.1,Regular consumer demand,Normal Trading,Low stock impact - 33 units missed opportunity,Stable,None,No Monsoon relevance,None,5% avg weekend uplift,0,33,Seasonal factor: No Monsoon relevance
June,2024,SKU0219,Raincoat XL,Lifestyle,Rainwear,730,24.3,305870.0,170.4,Monsoon demand - Raincoat,Seasonal - Monsoon,Adequate inventory maintained,Strong Increase,None,Monsoon demand - Raincoat,None,7% avg weekend uplift,0,0,Seasonal factor: Monsoon demand - Raincoat; Significant demand spike - review forecast
June,2024,SKU0003,Idly Rice 10kg,Grocery,Rice,607,20.2,727793.0,-3.7,Regular consumer demand,Normal Trading,Low stock impact - 51 units missed opportunity,Stable,None,No Monsoon relevance,None,5% avg weekend uplift,0,51,Seasonal factor: No Monsoon relevance
June,2024,SKU0222,Pillow Cover Pair,Lifestyle,Bedding,838,27.9,191902.0,16.4,Regular consumer demand,Normal Trading,Adequate inventory maintained,Stable,None,No Monsoon relevance,None,7% avg weekend uplift,0,0,Seasonal factor: No Monsoon relevance
June,2024,SKU0144,Banana 1 dozen,Fruits & Vegetables,Fruits,1136,37.9,47712.0,18.3,Regular consumer demand,Normal Trading,Adequate inventory maintained,Stable,None,No Monsoon relevance,None,9% avg weekend uplift,0,0,Seasonal factor: No Monsoon relevance
June,2024,SKU0249,Choco Spread 350g,Grocery,Spreads,181,6.0,48689.0,-13.8,Regular consumer demand,Normal Trading,Adequate inventory maintained,Moderate Decline,None,No Monsoon relevance,None,1% avg weekend uplift,0,0,Seasonal factor: No Monsoon relevance; Niche product - irregular demand pattern
June,2024,SKU0055,Instant Noodles 12 Pack,Grocery,Instant Foods,850,28.3,118150.0,9.0,Regular consumer demand,Normal Trading,Adequate inventory maintained,Stable,None,No Monsoon relevance,None,5% avg weekend uplift,0,0,Seasonal factor: No Monsoon relevance
June,2024,SKU0010,Toor Dal 1kg,Grocery,Pulses,887,29.6,158773.0,5.6,Regular consumer demand,Normal Trading,Adequate inventory maintained,Stable,None,No Monsoon relevance,None,5% avg weekend uplift,0,0,Seasonal factor: No Monsoon relevance
June,2024,SKU0066,Paneer 200g,Dairy,Dairy,1350,45.0,106650.0,18.4,Regular consumer demand,Normal Trading,Adequate inventory maintained,Stable,None,No Monsoon relevance,None,7% avg weekend uplift,0,0,Seasonal factor: No Monsoon relevance
June,2024,SKU0045,Peanut Butter 1kg,Grocery,Spreads,207,6.9,76383.0,-1.4,Regular consumer demand,Normal Trading,Adequate inventory maintained,Stable,None,No Monsoon relevance,None,1% avg weekend uplift,0,0,Seasonal factor: No Monsoon relevance; Niche product - irregular demand pattern
June,2024,SKU0171,Tissue Paper 200 pulls,Household,Household,480,16.0,29760.0,0.0,Regular consumer demand,Normal Trading,Adequate inventory maintained,Stable,None,No Monsoon relevance,None,3% avg weekend uplift,0,0,Seasonal factor: No Monsoon relevance
June,2024,SKU0169,Garbage Bags 30pcs,Household,Household,896,29.9,106624.0,-0.4,Regular consumer demand,Normal Trading,Low stock impact - 48 units missed opportunity,Stable,None,No Monsoon relevance,None,3% avg weekend uplift,0,48,Seasonal factor: No Monsoon relevance
June,2024,SKU0189,Face Wash 100ml,Personal Care,Skin Care,742,24.7,103138.0,-4.9,Regular consumer demand,Normal Trading,Adequate inventory maintained,Stable,None,No Monsoon relevance,None,6% avg weekend uplift,0,0,Seasonal factor: No Monsoon relevance
June,2024,SKU0277,Candle Pack 20pcs,Household,Religious,611,20.4,48269.0,7.2,Regular consumer demand,Normal Trading,Adequate inventory maintained,Stable,None,No Monsoon relevance,None,3% avg weekend uplift,0,0,Seasonal factor: No Monsoon relevance
June,2024,SKU0039,Ready Pongal Mix 500g,Grocery,Mixes,320,10.7,25280.0,6.7,Regular consumer demand,Normal Trading,Adequate inventory maintained,Stable,None,No Monsoon relevance,None,5% avg weekend uplift,0,0,Seasonal factor: No Monsoon relevance
June,2024,SKU0041,Papad 200g,Grocery,Snacks,515,17.2,21630.0,-14.2,Regular consumer demand,Normal Trading,Low stock impact - 23 units missed opportunity,Moderate Decline,None,No Monsoon relevance,None,5% avg weekend uplift,0,23,Seasonal factor: No Monsoon relevance
June,2024,SKU0194,Sanitary Pads XL Pack,Personal Care,Feminine Care,468,15.6,65052.0,4.0,Regular consumer demand,Normal Trading,Adequate inventory maintained,Stable,None,No Monsoon relevance,None,6% avg weekend uplift,0,0,Seasonal factor: No Monsoon relevance
June,2024,SKU0201,Notebook A4 200 pages,Stationery,Stationery,106,3.5,8374.0,-11.7,Regular consumer demand,Normal Trading,Adequate inventory maintained,Moderate Decline,None,No Monsoon relevance,None,1% avg weekend uplift,0,0,Seasonal factor: No Monsoon relevance
June,2024,SKU0280,Bluetooth Earbuds TWS,Electronics,Electronics,173,5.8,397727.0,-3.9,Regular consumer demand,Normal Trading,Adequate inventory maintained,Stable,None,No Monsoon relevance,None,2% avg weekend uplift,0,0,Seasonal factor: No Monsoon relevance; Niche product - irregular demand pattern
June,2024,SKU0030,Cardamom 50g,Grocery,Spices,278,9.3,74782.0,-7.3,Regular consumer demand,Normal Trading,Adequate inventory maintained,Stable,None,No Monsoon relevance,None,5% avg weekend uplift,0,0,Seasonal factor: No Monsoon relevance
June,2024,SKU0038,Millet Mix 1kg,Grocery,Grains,227,7.6,31553.0,8.1,Regular consumer demand,Normal Trading,Adequate inventory maintained,Stable,None,No Monsoon relevance,None,1% avg weekend uplift,0,0,Seasonal factor: No Monsoon relevance; Niche product - irregular demand pattern
June,2024,SKU0220,Travel Bag Medium,Lifestyle,Luggage,194,6.5,271406.0,7.8,Regular consumer demand,Normal Trading,Adequate inventory maintained,Stable,None,No Monsoon relevance,None,2% avg weekend uplift,0,0,Seasonal factor: No Monsoon relevance; Niche product - irregular demand pattern
June,2024,SKU0140,Potato 1kg,Fruits & Vegetables,Vegetables,867,28.9,19941.0,-6.8,Regular consumer demand,Normal Trading,Adequate inventory maintained,Stable,None,No Monsoon relevance,None,9% avg weekend uplift,0,0,Seasonal factor: No Monsoon relevance
June,2024,SKU0251,Herbal Tea 100g,Beverages,Tea,300,10.0,68700.0,42.9,Monsoon demand - Tea,Seasonal - Monsoon,Adequate inventory maintained,Moderate Increase,None,Monsoon demand - Tea,None,4% avg weekend uplift,0,0,Seasonal factor: Monsoon demand - Tea; Niche product - irregular demand pattern
June,2024,SKU0257,Sweet Corn Soup 50g,Grocery,Instant Foods,893,29.8,37506.0,75.1,Monsoon demand - Soup,Seasonal - Monsoon,Low stock impact - 94 units missed opportunity,Strong Increase,None,Monsoon demand - Soup,None,5% avg weekend uplift,0,94,Seasonal factor: Monsoon demand - Soup; Significant demand spike - review forecast
June,2024,SKU0065,Butter 100g,Dairy,Dairy,822,27.4,73158.0,14.2,Regular consumer demand,Normal Trading,Adequate inventory maintained,Stable,None,No Monsoon relevance,None,7% avg weekend uplift,0,0,Seasonal factor: No Monsoon relevance
June,2024,SKU0285,Steel Plates Set 6pcs,Household,Kitchenware,132,4.4,81708.0,-12.0,Regular consumer demand,Normal Trading,Adequate inventory maintained,Moderate Decline,None,No Monsoon relevance,None,1% avg weekend uplift,0,0,Seasonal factor: No Monsoon relevance; Niche product - irregular demand pattern
June,2024,SKU0155,Pineapple Per Piece,Fruits & Vegetables,Fruits,704,23.5,50688.0,-2.2,Regular consumer demand,Normal Trading,Low stock impact - 48 units missed opportunity,Stable,None,No Monsoon relevance,None,9% avg weekend uplift,0,48,Seasonal factor: No Monsoon relevance
June,2024,SKU0292,Fruit Basket Combo,Fruits & Vegetables,Fruits,440,14.7,184360.0,4.8,Regular consumer demand,Normal Trading,Stockout for 4 days - lost 52 units,Stable,None,No Monsoon relevance,None,9% avg weekend uplift,4,52,Seasonal factor: No Monsoon relevance; Inventory issue: Stockout for 4 days - lost 52 units
June,2024,SKU0265,Laundry Liquid 1L,Household,Laundry,483,16.1,110607.0,-10.6,Regular consumer demand,Normal Trading,Adequate inventory maintained,Moderate Decline,None,No Monsoon relevance,None,3% avg weekend uplift,0,0,Seasonal factor: No Monsoon relevance
June,2024,SKU0173,Room Freshener 240ml,Household,Air Freshener,136,4.5,21624.0,-9.3,Regular consumer demand,Normal Trading,Adequate inventory maintained,Stable,None,No Monsoon relevance,None,1% avg weekend uplift,0,0,Seasonal factor: No Monsoon relevance; Niche product - irregular demand pattern
June,2024,SKU0151,Betel Leaves 1 Pack,Fruits & Vegetables,Leaves,605,20.2,25410.0,6.1,Regular consumer demand,Normal Trading,Adequate inventory maintained,Stable,None,No Monsoon relevance,None,9% avg weekend uplift,0,0,Seasonal factor: No Monsoon relevance
June,2024,SKU0063,Fresh Milk 500ml,Dairy,Milk,955,31.8,24830.0,6.1,Regular consumer demand,Normal Trading,Adequate inventory maintained,Stable,None,No Monsoon relevance,None,7% avg weekend uplift,0,0,Seasonal factor: No Monsoon relevance
June,2024,SKU0240,Herbal Shampoo 400ml,Personal Care,Hair Care,608,20.3,139232.0,1.3,Regular consumer demand,Normal Trading,Low stock impact - 55 units missed opportunity,Stable,None,No Monsoon relevance,None,6% avg weekend uplift,0,55,Seasonal factor: No Monsoon relevance
June,2024,SKU0224,Towels Bath Size,Lifestyle,Bedding,933,31.1,306957.0,11.1,Regular consumer demand,Normal Trading,Adequate inventory maintained,Stable,None,No Monsoon relevance,None,7% avg weekend uplift,0,0,Seasonal factor: No Monsoon relevance
June,2024,SKU0082,Tea Powder 1kg,Beverages,Tea,678,22.6,189162.0,41.2,Monsoon demand - Tea,Seasonal - Monsoon,Adequate inventory maintained,Moderate Increase,None,Monsoon demand - Tea,None,12% avg weekend uplift,0,0,Seasonal factor: Monsoon demand - Tea
June,2024,SKU0158,Beetroot 1kg,Fruits & Vegetables,Vegetables,653,21.8,27426.0,3.7,Regular consumer demand,Normal Trading,Adequate inventory maintained,Stable,None,No Monsoon relevance,None,9% avg weekend uplift,0,0,Seasonal factor: No Monsoon relevance
June,2024,SKU0296,Puja Flowers Combo,Fruits & Vegetables,Flowers,288,9.6,77472.0,-4.0,Regular consumer demand,Normal Trading,Stockout for 3 days - lost 25 units,Stable,None,No Monsoon relevance,None,9% avg weekend uplift,3,25,Seasonal factor: No Monsoon relevance; Inventory issue: Stockout for 3 days - lost 25 units
June,2024,SKU0165,Floor Cleaner 1L,Household,Cleaning,693,23.1,117117.0,-14.4,Regular consumer demand,Normal Trading,Low stock impact - 38 units missed opportunity,Moderate Decline,None,No Monsoon relevance,None,3% avg weekend uplift,0,38,Seasonal factor: No Monsoon relevance
June,2024,SKU0118,Protein Chips 100g,Snacks,Health Snacks,221,7.4,30719.0,5.2,Regular consumer demand,Normal Trading,Adequate inventory maintained,Stable,None,No Monsoon relevance,None,5% avg weekend uplift,0,0,Seasonal factor: No Monsoon relevance; Niche product - irregular demand pattern
June,2024,SKU0136,Frozen Pizza 300g,Frozen Foods,Frozen Foods,160,5.3,27040.0,6.7,Regular consumer demand,Normal Trading,Adequate inventory maintained,Stable,None,No Monsoon relevance,None,5% avg weekend uplift,0,0,Seasonal factor: No Monsoon relevance; Niche product - irregular demand pattern
June,2024,SKU0283,Pressure Pan 3L,Household,Cookware,244,8.1,194956.0,1.7,Regular consumer demand,Normal Trading,Adequate inventory maintained,Stable,None,No Monsoon relevance,None,1% avg weekend uplift,0,0,Seasonal factor: No Monsoon relevance; Niche product - irregular demand pattern
June,2024,SKU0058,Tomato Ketchup 1kg,Grocery,Condiments,568,18.9,78952.0,5.2,Regular consumer demand,Normal Trading,Stockout for 4 days - lost 63 units,Stable,None,No Monsoon relevance,None,5% avg weekend uplift,4,63,Seasonal factor: No Monsoon relevance; Inventory issue: Stockout for 4 days - lost 63 units
June,2024,SKU0267,Face Cream 200ml,Personal Care,Skin Care,555,18.5,127095.0,-2.6,Regular consumer demand,Normal Trading,Low stock impact - 45 units missed opportunity,Stable,None,No Monsoon relevance,None,6% avg weekend uplift,0,45,Seasonal factor: No Monsoon relevance
June,2024,SKU0061,Fresh Milk 1L,Dairy,Milk,820,27.3,42640.0,5.1,Regular consumer demand,Normal Trading,Adequate inventory maintained,Stable,None,No Monsoon relevance,None,7% avg weekend uplift,0,0,Seasonal factor: No Monsoon relevance
June,2024,SKU0080,Chocolate Milk 180ml,Dairy,Beverages,901,30.0,37842.0,11.2,Regular consumer demand,Normal Trading,Low stock impact - 48 units missed opportunity,Stable,None,No Monsoon relevance,None,7% avg weekend uplift,0,48,Seasonal factor: No Monsoon relevance
June,2024,SKU0207,LED Bulb 9W,Electronics,Lighting,418,13.9,58102.0,-12.9,Regular consumer demand,Normal Trading,Stockout for 3 days - lost 28 units,Moderate Decline,None,No Monsoon relevance,None,6% avg weekend uplift,3,28,Seasonal factor: No Monsoon relevance; Inventory issue: Stockout for 3 days - lost 28 units
June,2024,SKU0195,Baby Diapers 42pcs,Personal Care,Baby Care,692,23.1,552908.0,15.3,Regular consumer demand,Normal Trading,Adequate inventory maintained,Stable,None,No Monsoon relevance,None,6% avg weekend uplift,0,0,Seasonal factor: No Monsoon relevance
July,2024,SKU0264,Air Freshener Spray 300ml,Household,Air Freshener,158,5.1,25122.0,1.9,Regular consumer demand,Normal Trading,Adequate inventory maintained,Stable,None,No Monsoon relevance,None,1% avg weekend uplift,0,0,Seasonal factor: No Monsoon relevance; Niche product - irregular demand pattern
July,2024,SKU0176,Water Bottle 1L,Household,Kitchenware,419,13.5,95951.0,-9.9,Regular consumer demand,Normal Trading,Adequate inventory maintained,Stable,None,No Monsoon relevance,None,3% avg weekend uplift,0,0,Seasonal factor: No Monsoon relevance
July,2024,SKU0060,Black Channa 1kg,Grocery,Pulses,480,15.5,47520.0,-3.2,Regular consumer demand,Normal Trading,Adequate inventory maintained,Stable,None,No Monsoon relevance,None,4% avg weekend uplift,0,0,Seasonal factor: No Monsoon relevance
July,2024,SKU0094,Energy Drink 250ml,Beverages,Beverages,101,3.3,14039.0,8.6,Regular consumer demand,Normal Trading,Adequate inventory maintained,Stable,None,No Monsoon relevance,None,3% avg weekend uplift,0,0,Seasonal factor: No Monsoon relevance; Niche product - irregular demand pattern
July,2024,SKU0097,Green Tea 100g,Beverages,Tea,321,10.4,54249.0,29.4,Monsoon demand - Tea,Seasonal - Monsoon,Adequate inventory maintained,Moderate Increase,None,Monsoon demand - Tea,None,3% avg weekend uplift,0,0,Seasonal factor: Monsoon demand - Tea; Niche product - irregular demand pattern
July,2024,SKU0062,Fresh Milk 1L,Dairy,Milk,850,27.4,43350.0,5.5,Regular consumer demand,Normal Trading,Adequate inventory maintained,Stable,None,No Monsoon relevance,None,7% avg weekend uplift,0,0,Seasonal factor: No Monsoon relevance
July,2024,SKU0138,Tomato 1kg,Fruits & Vegetables,Vegetables,1072,34.6,45024.0,1.7,Regular consumer demand,Normal Trading,Adequate inventory maintained,Stable,None,No Monsoon relevance,None,9% avg weekend uplift,0,0,Seasonal factor: No Monsoon relevance
July,2024,SKU0139,Onion 1kg,Fruits & Vegetables,Vegetables,915,29.5,29280.0,9.3,Regular consumer demand,Normal Trading,Stockout for 2 days - lost 48 units,Stable,None,No Monsoon relevance,None,9% avg weekend uplift,2,48,Seasonal factor: No Monsoon relevance; Inventory issue: Stockout for 2 days - lost 48 units
July,2024,SKU0294,Men's Kurta Set XL,Lifestyle,Clothing,683,22.0,1433617.0,16.0,Regular consumer demand,Normal Trading,Adequate inventory maintained,Stable,None,No Monsoon relevance,None,7% avg weekend uplift,0,0,Seasonal factor: No Monsoon relevance
July,2024,SKU0123,Muffins 2pcs,Bakery,Bakery,154,5.0,12166.0,-0.6,Regular consumer demand,Normal Trading,Adequate inventory maintained,Stable,None,No Monsoon relevance,None,3% avg weekend uplift,0,0,Seasonal factor: No Monsoon relevance; Niche product - irregular demand pattern
July,2024,SKU0178,Pooja Plate Set,Household,Religious,467,15.1,125623.0,15.9,Regular consumer demand,Normal Trading,Adequate inventory maintained,Stable,None,No Monsoon relevance,None,3% avg weekend uplift,0,0,Seasonal factor: No Monsoon relevance
July,2024,SKU0206,Gift Wrap Paper 5 sheets,Stationery,Gift Wrap,668,21.5,41416.0,13.4,Regular consumer demand,Normal Trading,Adequate inventory maintained,Stable,None,No Monsoon relevance,None,3% avg weekend uplift,0,0,Seasonal factor: No Monsoon relevance
July,2024,SKU0021,Sugar 1kg,Grocery,Sweeteners,759,24.5,31878.0,-5.8,Regular consumer demand,Normal Trading,Adequate inventory maintained,Stable,None,No Monsoon relevance,None,4% avg weekend uplift,0,0,Seasonal factor: No Monsoon relevance
July,2024,SKU0132,Frozen Nuggets 500g,Frozen Foods,Frozen Foods,141,4.5,32289.0,-9.0,Regular consumer demand,Normal Trading,Adequate inventory maintained,Stable,None,No Monsoon relevance,None,4% avg weekend uplift,0,0,Seasonal factor: No Monsoon relevance; Niche product - irregular demand pattern
July,2024,SKU0268,Lip Balm 10g,Personal Care,Lip Care,474,15.3,37446.0,1.9,Regular consumer demand,Normal Trading,Adequate inventory maintained,Stable,None,No Monsoon relevance,None,6% avg weekend uplift,0,0,Seasonal factor: No Monsoon relevance
July,2024,SKU0086,Health Drink 1kg,Beverages,Health Drinks,1043,33.6,343147.0,20.2,Regular consumer demand,Weekend/Demand Surge,Adequate inventory maintained,Moderate Increase,None,No Monsoon relevance,None,12% avg weekend uplift,0,0,Seasonal factor: No Monsoon relevance
July,2024,SKU0130,Frozen Parotta 400g,Frozen Foods,Frozen Foods,906,29.2,56172.0,16.9,Regular consumer demand,Normal Trading,Adequate inventory maintained,Stable,None,No Monsoon relevance,None,15% avg weekend uplift,0,0,Seasonal factor: No Monsoon relevance
July,2024,SKU0081,Tea Powder 1kg,Beverages,Tea,727,23.5,195563.0,23.4,Monsoon demand - Tea,Seasonal - Monsoon,Adequate inventory maintained,Moderate Increase,None,Monsoon demand - Tea,None,12% avg weekend uplift,0,0,Seasonal factor: Monsoon demand - Tea
July,2024,SKU0084,Instant Coffee 200g,Beverages,Coffee,909,29.3,153621.0,8.6,Regular consumer demand,Normal Trading,Adequate inventory maintained,Stable,None,No Monsoon relevance,None,12% avg weekend uplift,0,0,Seasonal factor: No Monsoon relevance
July,2024,SKU0246,Frozen Chapati 20pcs,Frozen Foods,Frozen Foods,529,17.1,73531.0,13.8,Regular consumer demand,Normal Trading,Adequate inventory maintained,Stable,None,No Monsoon relevance,None,15% avg weekend uplift,0,0,Seasonal factor: No Monsoon relevance
July,2024,SKU0291,Christmas Chocolates 24pcs,Snacks,Chocolates,494,15.9,691106.0,32.8,Regular consumer demand,Weekend/Demand Surge,Adequate inventory maintained,Moderate Increase,None,No Monsoon relevance,None,17% avg weekend uplift,0,0,Seasonal factor: No Monsoon relevance
July,2024,SKU0026,Coriander Powder 200g,Grocery,Spices,977,31.5,50804.0,16.7,Regular consumer demand,Normal Trading,Adequate inventory maintained,Stable,None,No Monsoon relevance,None,4% avg weekend uplift,0,0,Seasonal factor: No Monsoon relevance
July,2024,SKU0036,Vermicelli 500g,Grocery,Pasta,334,10.8,24048.0,7.7,Regular consumer demand,Normal Trading,Adequate inventory maintained,Stable,None,No Monsoon relevance,None,4% avg weekend uplift,0,0,Seasonal factor: No Monsoon relevance
July,2024,SKU0077,Lassi 200ml,Dairy,Beverages,618,19.9,19776.0,17.3,Regular consumer demand,Normal Trading,Adequate inventory maintained,Stable,None,No Monsoon relevance,None,7% avg weekend uplift,0,0,Seasonal factor: No Monsoon relevance
July,2024,SKU0150,Sugarcane Per Stick,Fruits & Vegetables,Fruits,296,9.5,6808.0,-4.5,Regular consumer demand,Normal Trading,Adequate inventory maintained,Stable,None,No Monsoon relevance,None,9% avg weekend uplift,0,0,Seasonal factor: No Monsoon relevance
July,2024,SKU0210,Earphones Wired,Electronics,Electronics,205,6.6,85895.0,-5.5,Regular consumer demand,Normal Trading,Low stock impact - 20 units missed opportunity,Stable,None,No Monsoon relevance,None,2% avg weekend uplift,0,20,Seasonal factor: No Monsoon relevance; Niche product - irregular demand pattern
July,2024,SKU0119,Bread Loaf 400g,Bakery,Bakery,1069,34.5,44898.0,11.2,Regular consumer demand,Normal Trading,Stockout for 3 days - lost 90 units,Stable,None,No Monsoon relevance,None,10% avg weekend uplift,3,90,Seasonal factor: No Monsoon relevance; Inventory issue: Stockout for 3 days - lost 90 units
July,2024,SKU0161,Diya Lamps 10pcs,Household,Religious,530,17.1,73670.0,-10.0,Regular consumer demand,Normal Trading,Low stock impact - 47 units missed opportunity,Moderate Decline,None,No Monsoon relevance,None,3% avg weekend uplift,0,47,Seasonal factor: No Monsoon relevance
July,2024,SKU0261,Cheese Balls 150g,Snacks,Snacks,232,7.5,27608.0,-6.5,Regular consumer demand,Normal Trading,Adequate inventory maintained,Stable,None,No Monsoon relevance,None,5% avg weekend uplift,0,0,Seasonal factor: No Monsoon relevance; Niche product - irregular demand pattern
July,2024,SKU0193,Shaving Razor 2pcs,Personal Care,Grooming,784,25.3,132496.0,-2.7,Regular consumer demand,Normal Trading,Adequate inventory maintained,Stable,None,No Monsoon relevance,None,6% avg weekend uplift,0,0,Seasonal factor: No Monsoon relevance
July,2024,SKU0011,Urad Dal 1kg,Grocery,Pulses,890,28.7,168210.0,14.8,Regular consumer demand,Normal Trading,Adequate inventory maintained,Stable,None,No Monsoon relevance,None,4% avg weekend uplift,0,0,Seasonal factor: No Monsoon relevance
July,2024,SKU0052,Quinoa 500g,Grocery,Grains,252,8.1,67788.0,16.1,Regular consumer demand,Normal Trading,Adequate inventory maintained,Stable,None,No Monsoon relevance,None,1% avg weekend uplift,0,0,Seasonal factor: No Monsoon relevance; Niche product - irregular demand pattern
July,2024,SKU0020,Jaggery 1kg,Grocery,Sweeteners,533,17.2,42107.0,-4.5,Regular consumer demand,Normal Trading,Adequate inventory maintained,Stable,None,No Monsoon relevance,None,4% avg weekend uplift,0,0,Seasonal factor: No Monsoon relevance
July,2024,SKU0149,Coconut Per Piece,Fruits & Vegetables,Fruits,508,16.4,16256.0,17.1,Regular consumer demand,Normal Trading,Adequate inventory maintained,Stable,None,No Monsoon relevance,None,9% avg weekend uplift,0,0,Seasonal factor: No Monsoon relevance
July,2024,SKU0253,Dry Fruit Mix 1kg,Grocery,Nuts,419,13.5,334781.0,12.6,Regular consumer demand,Normal Trading,Adequate inventory maintained,Stable,None,No Monsoon relevance,None,4% avg weekend uplift,0,0,Seasonal factor: No Monsoon relevance
July,2024,SKU0031,Cashew Nuts 500g,Grocery,Nuts,543,17.5,216657.0,-2.7,Regular consumer demand,Normal Trading,Adequate inventory maintained,Stable,None,No Monsoon relevance,None,4% avg weekend uplift,0,0,Seasonal factor: No Monsoon relevance
July,2024,SKU0213,Mixer Grinder 750W,Electronics,Appliances,174,5.6,469626.0,12.3,Regular consumer demand,Normal Trading,Adequate inventory maintained,Stable,None,No Monsoon relevance,None,2% avg weekend uplift,0,0,Seasonal factor: No Monsoon relevance; Niche product - irregular demand pattern
July,2024,SKU0245,Instant Upma Mix 500g,Grocery,Mixes,856,27.6,76184.0,2.3,Regular consumer demand,Normal Trading,Adequate inventory maintained,Stable,None,No Monsoon relevance,None,4% avg weekend uplift,0,0,Seasonal factor: No Monsoon relevance
July,2024,SKU0181,Bath Soap 150g,Personal Care,Bath Soaps,651,21.0,27342.0,16.7,Regular consumer demand,Normal Trading,Adequate inventory maintained,Stable,None,No Monsoon relevance,None,6% avg weekend uplift,0,0,Seasonal factor: No Monsoon relevance
July,2024,SKU0143,Garlic 250g,Fruits & Vegetables,Vegetables,643,20.7,33436.0,-1.2,Regular consumer demand,Normal Trading,Stockout for 5 days - lost 111 units,Stable,None,No Monsoon relevance,None,9% avg weekend uplift,5,111,Seasonal factor: No Monsoon relevance; Inventory issue: Stockout for 5 days - lost 111 units
July,2024,SKU0044,Cornflakes 500g,Grocery,Breakfast,1013,32.7,161067.0,16.7,Regular consumer demand,Normal Trading,Adequate inventory maintained,Stable,None,No Monsoon relevance,None,4% avg weekend uplift,0,0,Seasonal factor: No Monsoon relevance
July,2024,SKU0290,Decorative Candles 6pcs,Household,Decorations,401,12.9,55739.0,17.6,Regular consumer demand,Normal Trading,Adequate inventory maintained,Stable,None,No Monsoon relevance,None,3% avg weekend uplift,0,0,Seasonal factor: No Monsoon relevance
July,2024,SKU0234,Bluetooth Speaker Portable,Electronics,Electronics,274,8.8,383326.0,10.5,Regular consumer demand,Normal Trading,Adequate inventory maintained,Stable,None,No Monsoon relevance,None,2% avg weekend uplift,0,0,Seasonal factor: No Monsoon relevance; Niche product - irregular demand pattern
July,2024,SKU0230,Pongal Pot Set,Household,Religious,241,7.8,110619.0,-2.8,Regular consumer demand,Normal Trading,Adequate inventory maintained,Stable,None,No Monsoon relevance,None,3% avg weekend uplift,0,0,Seasonal factor: No Monsoon relevance
July,2024,SKU0115,Salted Peanuts 200g,Snacks,Nuts,912,29.4,72048.0,1.4,Regular consumer demand,Normal Trading,Adequate inventory maintained,Stable,None,No Monsoon relevance,None,17% avg weekend uplift,0,0,Seasonal factor: No Monsoon relevance
July,2024,SKU0090,Mineral Water 1L,Beverages,Beverages,845,27.3,16055.0,18.5,Regular consumer demand,Normal Trading,Adequate inventory maintained,Stable,None,No Monsoon relevance,None,12% avg weekend uplift,0,0,Seasonal factor: No Monsoon relevance
July,2024,SKU0108,Chocolate Cookies 200g,Snacks,Biscuits,936,30.2,73944.0,11.8,Regular consumer demand,Normal Trading,Adequate inventory maintained,Stable,None,No Monsoon relevance,None,17% avg weekend uplift,0,0,Seasonal factor: No Monsoon relevance
July,2024,SKU0229,Santa Cap Free Size,Lifestyle,Clothing,273,8.8,37947.0,-2.2,Regular consumer demand,Normal Trading,Adequate inventory maintained,Stable,None,No Monsoon relevance,None,7% avg weekend uplift,0,0,Seasonal factor: No Monsoon relevance
July,2024,SKU0225,Plastic Chairs Single,Lifestyle,Furniture,205,6.6,126895.0,-5.5,Regular consumer demand,Normal Trading,Low stock impact - 13 units missed opportunity,Stable,None,No Monsoon relevance,None,2% avg weekend uplift,0,13,Seasonal factor: No Monsoon relevance; Niche product - irregular demand pattern
July,2024,SKU0259,Fresh Lime Soda 250ml,Beverages,Beverages,271,8.7,11382.0,9.3,Regular consumer demand,Normal Trading,Adequate inventory maintained,Stable,None,No Monsoon relevance,None,12% avg weekend uplift,0,0,Seasonal factor: No Monsoon relevance
July,2024,SKU0059,Green Gram 1kg,Grocery,Pulses,426,13.7,37914.0,-8.4,Regular consumer demand,Normal Trading,Adequate inventory maintained,Stable,None,No Monsoon relevance,None,4% avg weekend uplift,0,0,Seasonal factor: No Monsoon relevance
July,2024,SKU0293,Silk Saree Combo Festival Pack,Lifestyle,Clothing,653,21.1,2415447.0,5.3,Regular consumer demand,Normal Trading,Adequate inventory maintained,Stable,None,No Monsoon relevance,None,7% avg weekend uplift,0,0,Seasonal factor: No Monsoon relevance
July,2024,SKU0124,Birthday Cake 1kg,Bakery,Bakery,100,3.2,45900.0,7.5,Regular consumer demand,Normal Trading,Adequate inventory maintained,Stable,None,No Monsoon relevance,None,3% avg weekend uplift,0,0,Seasonal factor: No Monsoon relevance; Niche product - irregular demand pattern
July,2024,SKU0260,Sports Drink 250ml,Beverages,Beverages,462,14.9,24024.0,14.6,Regular consumer demand,Normal Trading,Low stock impact - 37 units missed opportunity,Stable,None,No Monsoon relevance,None,12% avg weekend uplift,0,37,Seasonal factor: No Monsoon relevance
July,2024,SKU0103,Murukku 250g,Snacks,Traditional Snacks,329,10.6,39151.0,32.7,Regular consumer demand,Weekend/Demand Surge,Adequate inventory maintained,Moderate Increase,None,No Monsoon relevance,None,17% avg weekend uplift,0,0,Seasonal factor: No Monsoon relevance
July,2024,SKU0166,Detergent Powder 2kg,Household,Laundry,941,30.4,215489.0,12.4,Regular consumer demand,Normal Trading,Adequate inventory maintained,Stable,None,No Monsoon relevance,None,3% avg weekend uplift,0,0,Seasonal factor: No Monsoon relevance
July,2024,SKU0164,Dishwash Liquid 750ml,Household,Cleaning,687,22.2,95493.0,5.5,Regular consumer demand,Normal Trading,Adequate inventory maintained,Stable,None,No Monsoon relevance,None,3% avg weekend uplift,0,0,Seasonal factor: No Monsoon relevance
July,2024,SKU0167,Detergent Powder 2kg,Household,Laundry,903,29.1,242907.0,4.0,Regular consumer demand,Normal Trading,Low stock impact - 94 units missed opportunity,Stable,None,No Monsoon relevance,None,3% avg weekend uplift,0,94,Seasonal factor: No Monsoon relevance
July,2024,SKU0105,Banana Chips 250g,Snacks,Chips,1173,37.8,104397.0,30.5,Regular consumer demand,Weekend/Demand Surge,Adequate inventory maintained,Moderate Increase,None,No Monsoon relevance,None,17% avg weekend uplift,0,0,Seasonal factor: No Monsoon relevance
July,2024,SKU0035,Dates Premium 500g,Grocery,Nuts,613,19.8,164897.0,9.9,Regular consumer demand,Normal Trading,Adequate inventory maintained,Stable,None,No Monsoon relevance,None,4% avg weekend uplift,0,0,Seasonal factor: No Monsoon relevance
July,2024,SKU0042,Pickle Jar 500g,Grocery,Condiments,1062,34.3,126378.0,18.1,Regular consumer demand,Normal Trading,Adequate inventory maintained,Stable,None,No Monsoon relevance,None,4% avg weekend uplift,0,0,Seasonal factor: No Monsoon relevance
July,2024,SKU0095,Badam Milk 180ml,Beverages,Beverages,344,11.1,14448.0,23.3,Regular consumer demand,Weekend/Demand Surge,Adequate inventory maintained,Moderate Increase,None,No Monsoon relevance,None,12% avg weekend uplift,0,0,Seasonal factor: No Monsoon relevance
July,2024,SKU0203,Pencil Box 10pcs,Stationery,Stationery,91,2.9,12649.0,-2.2,Regular consumer demand,Normal Trading,Adequate inventory maintained,Stable,None,No Monsoon relevance,None,1% avg weekend uplift,0,0,Seasonal factor: No Monsoon relevance
July,2024,SKU0111,Halwa Pack 500g,Snacks,Traditional Sweets,574,18.5,154406.0,15.7,Regular consumer demand,Normal Trading,Adequate inventory maintained,Stable,None,No Monsoon relevance,None,17% avg weekend uplift,0,0,Seasonal factor: No Monsoon relevance
July,2024,SKU0156,Cucumber 1kg,Fruits & Vegetables,Vegetables,1141,36.8,36512.0,5.2,Regular consumer demand,Normal Trading,Adequate inventory maintained,Stable,None,No Monsoon relevance,None,9% avg weekend uplift,0,0,Seasonal factor: No Monsoon relevance
July,2024,SKU0023,Rock Salt 500g,Grocery,Salt,812,26.2,25984.0,9.1,Regular consumer demand,Normal Trading,Low stock impact - 69 units missed opportunity,Stable,None,No Monsoon relevance,None,4% avg weekend uplift,0,69,Seasonal factor: No Monsoon relevance
July,2024,SKU0002,Ponni Rice 10kg,Grocery,Rice,689,22.2,895011.0,1.0,Regular consumer demand,Normal Trading,Adequate inventory maintained,Stable,None,No Monsoon relevance,None,4% avg weekend uplift,0,0,Seasonal factor: No Monsoon relevance
July,2024,SKU0187,Toothpaste 150g,Personal Care,Oral Care,860,27.7,61920.0,6.7,Regular consumer demand,Normal Trading,Low stock impact - 35 units missed opportunity,Stable,None,No Monsoon relevance,None,6% avg weekend uplift,0,35,Seasonal factor: No Monsoon relevance
July,2024,SKU0275,Kitchen Towels 2 Rolls,Household,Kitchenware,847,27.3,100793.0,5.1,Regular consumer demand,Normal Trading,Adequate inventory maintained,Stable,None,No Monsoon relevance,None,3% avg weekend uplift,0,0,Seasonal factor: No Monsoon relevance
July,2024,SKU0192,Perfume Gift Set,Personal Care,Fragrances,496,16.0,396304.0,-5.9,Regular consumer demand,Normal Trading,Adequate inventory maintained,Stable,None,No Monsoon relevance,None,6% avg weekend uplift,0,0,Seasonal factor: No Monsoon relevance
July,2024,SKU0008,Maida Flour 1kg,Grocery,Flour,863,27.8,36246.0,16.0,Regular consumer demand,Normal Trading,Low stock impact - 25 units missed opportunity,Stable,None,No Monsoon relevance,None,4% avg weekend uplift,0,25,Seasonal factor: No Monsoon relevance
July,2024,SKU0239,Vitamin Supplements 30 tabs,Personal Care,Health,783,25.3,257607.0,-2.9,Regular consumer demand,Normal Trading,Adequate inventory maintained,Stable,None,No Monsoon relevance,None,6% avg weekend uplift,0,0,Seasonal factor: No Monsoon relevance
July,2024,SKU0160,Camphor 100g,Household,Religious,641,20.7,57049.0,14.9,Regular consumer demand,Normal Trading,Adequate inventory maintained,Stable,None,No Monsoon relevance,None,3% avg weekend uplift,0,0,Seasonal factor: No Monsoon relevance
July,2024,SKU0298,Pongal Sugar Pack 2kg,Grocery,Sweeteners,571,18.4,96499.0,8.3,Regular consumer demand,Normal Trading,Adequate inventory maintained,Stable,None,No Monsoon relevance,None,4% avg weekend uplift,0,0,Seasonal factor: No Monsoon relevance
July,2024,SKU0054,Honey 500g,Grocery,Sweeteners,553,17.8,87927.0,-0.9,Regular consumer demand,Normal Trading,Adequate inventory maintained,Stable,None,No Monsoon relevance,None,4% avg weekend uplift,0,0,Seasonal factor: No Monsoon relevance
July,2024,SKU0263,Frozen Veg Burger Patty 400g,Frozen Foods,Frozen Foods,110,3.5,21890.0,-11.3,Regular consumer demand,Normal Trading,Adequate inventory maintained,Moderate Decline,None,No Monsoon relevance,None,4% avg weekend uplift,0,0,Seasonal factor: No Monsoon relevance; Niche product - irregular demand pattern
July,2024,SKU0019,Ghee 1L,Grocery,Ghee,593,19.1,307767.0,-4.4,Regular consumer demand,Normal Trading,Adequate inventory maintained,Stable,None,No Monsoon relevance,None,4% avg weekend uplift,0,0,Seasonal factor: No Monsoon relevance
July,2024,SKU0070,Ice Cream Family Pack 1L,Dairy,Frozen,483,15.6,81627.0,3.9,Regular consumer demand,Normal Trading,Adequate inventory maintained,Stable,None,No Monsoon relevance,None,7% avg weekend uplift,0,0,Seasonal factor: No Monsoon relevance
July,2024,SKU0147,Watermelon Per Piece,Fruits & Vegetables,Fruits,446,14.4,27652.0,10.7,Regular consumer demand,Normal Trading,Adequate inventory maintained,Stable,None,No Monsoon relevance,None,9% avg weekend uplift,0,0,Seasonal factor: No Monsoon relevance
July,2024,SKU0286,Dry Fruit Gift Hamper Combo,Grocery,Gift Sets,415,13.4,497585.0,-10.8,Regular consumer demand,Normal Trading,Adequate inventory maintained,Moderate Decline,None,No Monsoon relevance,None,4% avg weekend uplift,0,0,Seasonal factor: No Monsoon relevance
July,2024,SKU0047,Biryani Masala 100g,Grocery,Spices,482,15.5,20244.0,3.7,Regular consumer demand,Normal Trading,Adequate inventory maintained,Stable,None,No Monsoon relevance,None,4% avg weekend uplift,0,0,Seasonal factor: No Monsoon relevance
July,2024,SKU0182,Bath Soap 125g,Personal Care,Bath Soaps,981,31.6,60822.0,17.2,Regular consumer demand,Normal Trading,Adequate inventory maintained,Stable,None,No Monsoon relevance,None,6% avg weekend uplift,0,0,Seasonal factor: No Monsoon relevance
July,2024,SKU0183,Shampoo Sachet 6ml,Personal Care,Hair Care,705,22.7,3525.0,-15.8,Regular consumer demand,Normal Trading,Low stock impact - 72 units missed opportunity,Moderate Decline,None,No Monsoon relevance,None,6% avg weekend uplift,0,72,Seasonal factor: No Monsoon relevance
July,2024,SKU0069,Flavored Yogurt 90g,Dairy,Dairy,214,6.9,8988.0,15.1,Regular consumer demand,Normal Trading,Adequate inventory maintained,Stable,None,No Monsoon relevance,None,2% avg weekend uplift,0,0,Seasonal factor: No Monsoon relevance; Niche product - irregular demand pattern
July,2024,SKU0007,Wheat Flour Atta 5kg,Grocery,Atta,561,18.1,167739.0,6.5,Regular consumer demand,Normal Trading,Adequate inventory maintained,Stable,None,No Monsoon relevance,None,4% avg weekend uplift,0,0,Seasonal factor: No Monsoon relevance
July,2024,SKU0276,Match Box 10pcs,Household,Household,507,16.4,11661.0,9.0,Regular consumer demand,Normal Trading,Adequate inventory maintained,Stable,None,No Monsoon relevance,None,3% avg weekend uplift,0,0,Seasonal factor: No Monsoon relevance
July,2024,SKU0096,Fruit Syrup 750ml,Beverages,Syrups,318,10.3,50562.0,-14.5,Regular consumer demand,Normal Trading,Low stock impact - 36 units missed opportunity,Moderate Decline,None,No Monsoon relevance,None,12% avg weekend uplift,0,36,Seasonal factor: No Monsoon relevance
July,2024,SKU0079,Probiotic Drink 5pcs,Dairy,Beverages,216,7.0,25704.0,-0.5,Regular consumer demand,Normal Trading,Low stock impact - 9 units missed opportunity,Stable,None,No Monsoon relevance,None,2% avg weekend uplift,0,9,Seasonal factor: No Monsoon relevance; Niche product - irregular demand pattern
July,2024,SKU0078,Dairy Whitener 400g,Dairy,Dairy,740,23.9,102860.0,-0.5,Regular consumer demand,Normal Trading,Adequate inventory maintained,Stable,None,No Monsoon relevance,None,7% avg weekend uplift,0,0,Seasonal factor: No Monsoon relevance
July,2024,SKU0116,Namkeen Mix 400g,Snacks,Traditional Snacks,770,24.8,107030.0,24.2,Regular consumer demand,Weekend/Demand Surge,Adequate inventory maintained,Moderate Increase,None,No Monsoon relevance,None,17% avg weekend uplift,0,0,Seasonal factor: No Monsoon relevance
July,2024,SKU0281,Mosquito Bat Rechargeable,Household,Pest Control,765,24.7,251685.0,17.5,Regular consumer demand,Normal Trading,Adequate inventory maintained,Stable,None,No Monsoon relevance,None,3% avg weekend uplift,0,0,Seasonal factor: No Monsoon relevance
July,2024,SKU0226,Saree Gift Pack Silk Blend,Lifestyle,Clothing,265,8.5,715235.0,-5.0,Regular consumer demand,Normal Trading,Low stock impact - 28 units missed opportunity,Stable,None,No Monsoon relevance,None,7% avg weekend uplift,0,28,Seasonal factor: No Monsoon relevance
July,2024,SKU0238,Face Mask Pack 3pcs,Personal Care,Beauty,139,4.5,31831.0,12.1,Regular consumer demand,Normal Trading,Adequate inventory maintained,Stable,None,No Monsoon relevance,None,2% avg weekend uplift,0,0,Seasonal factor: No Monsoon relevance; Niche product - irregular demand pattern
July,2024,SKU0299,Ramadan Combo Kit,Grocery,Gift Sets,537,17.3,429063.0,1.9,Regular consumer demand,Normal Trading,Adequate inventory maintained,Stable,None,No Monsoon relevance,None,4% avg weekend uplift,0,0,Seasonal factor: No Monsoon relevance
July,2024,SKU0050,Sugar Candy 250g,Grocery,Sweeteners,383,12.4,27576.0,-5.0,Regular consumer demand,Normal Trading,Adequate inventory maintained,Stable,None,No Monsoon relevance,None,4% avg weekend uplift,0,0,Seasonal factor: No Monsoon relevance
July,2024,SKU0128,Donuts 2pcs,Bakery,Bakery,101,3.3,12019.0,8.6,Regular consumer demand,Normal Trading,Adequate inventory maintained,Stable,None,No Monsoon relevance,None,3% avg weekend uplift,0,0,Seasonal factor: No Monsoon relevance; Niche product - irregular demand pattern
July,2024,SKU0272,Lunch Box Medium,Household,Kitchenware,772,24.9,207668.0,8.3,Regular consumer demand,Normal Trading,Adequate inventory maintained,Stable,None,No Monsoon relevance,None,3% avg weekend uplift,0,0,Seasonal factor: No Monsoon relevance
July,2024,SKU0244,Green Peas Masala 200g,Grocery,Mixes,207,6.7,16353.0,-4.6,Regular consumer demand,Normal Trading,Adequate inventory maintained,Stable,None,No Monsoon relevance,None,1% avg weekend uplift,0,0,Seasonal factor: No Monsoon relevance; Niche product - irregular demand pattern
July,2024,SKU0014,Groundnut Oil 1L,Grocery,Oil,867,28.0,111843.0,7.6,Regular consumer demand,Normal Trading,Stockout for 4 days - lost 85 units,Stable,None,No Monsoon relevance,None,4% avg weekend uplift,4,85,Seasonal factor: No Monsoon relevance; Inventory issue: Stockout for 4 days - lost 85 units
July,2024,SKU0106,Popcorn 100g,Snacks,Chips,697,22.5,29274.0,12.4,Regular consumer demand,Normal Trading,Adequate inventory maintained,Stable,None,No Monsoon relevance,None,17% avg weekend uplift,0,0,Seasonal factor: No Monsoon relevance
July,2024,SKU0013,Chana Dal 1kg,Grocery,Pulses,454,14.6,72186.0,-2.4,Regular consumer demand,Normal Trading,Adequate inventory maintained,Stable,None,No Monsoon relevance,None,4% avg weekend uplift,0,0,Seasonal factor: No Monsoon relevance
July,2024,SKU0029,Pepper Powder 100g,Grocery,Spices,692,22.3,82348.0,-10.7,Regular consumer demand,Normal Trading,Adequate inventory maintained,Moderate Decline,None,No Monsoon relevance,None,4% avg weekend uplift,0,0,Seasonal factor: No Monsoon relevance
July,2024,SKU0218,Umbrella Large,Lifestyle,Rainwear,1526,49.2,502054.0,189.6,Monsoon demand - Umbrella,Seasonal - Monsoon,Adequate inventory maintained,Strong Increase,None,Monsoon demand - Umbrella,None,7% avg weekend uplift,0,0,Seasonal factor: Monsoon demand - Umbrella; Significant demand spike - review forecast
July,2024,SKU0287,Festival Sweet Combo 2kg,Snacks,Traditional Sweets,338,10.9,270062.0,9.0,Regular consumer demand,Normal Trading,Adequate inventory maintained,Stable,None,No Monsoon relevance,None,17% avg weekend uplift,0,0,Seasonal factor: No Monsoon relevance
July,2024,SKU0037,Aval / Poha 1kg,Grocery,Breakfast,555,17.9,34410.0,5.3,Regular consumer demand,Normal Trading,Adequate inventory maintained,Stable,None,No Monsoon relevance,None,4% avg weekend uplift,0,0,Seasonal factor: No Monsoon relevance
July,2024,SKU0127,Plum Cake 500g,Bakery,Bakery,626,20.2,168394.0,26.2,Regular consumer demand,Weekend/Demand Surge,Adequate inventory maintained,Moderate Increase,None,No Monsoon relevance,None,10% avg weekend uplift,0,0,Seasonal factor: No Monsoon relevance
July,2024,SKU0198,Baby Powder 200g,Personal Care,Baby Care,775,25.0,107725.0,-3.8,Regular consumer demand,Normal Trading,Low stock impact - 67 units missed opportunity,Stable,None,No Monsoon relevance,None,6% avg weekend uplift,0,67,Seasonal factor: No Monsoon relevance
July,2024,SKU0028,Rasam Powder 200g,Grocery,Spices,947,30.5,68184.0,1.8,Regular consumer demand,Normal Trading,Adequate inventory maintained,Stable,None,No Monsoon relevance,None,4% avg weekend uplift,0,0,Seasonal factor: No Monsoon relevance
July,2024,SKU0121,Burger Buns 4pcs,Bakery,Bakery,769,24.8,24608.0,24.0,Regular consumer demand,Weekend/Demand Surge,Adequate inventory maintained,Moderate Increase,None,No Monsoon relevance,None,10% avg weekend uplift,0,0,Seasonal factor: No Monsoon relevance
July,2024,SKU0269,Hair Gel 100ml,Personal Care,Hair Care,216,7.0,30024.0,-12.9,Regular consumer demand,Normal Trading,Adequate inventory maintained,Moderate Decline,None,No Monsoon relevance,None,2% avg weekend uplift,0,0,Seasonal factor: No Monsoon relevance; Niche product - irregular demand pattern
July,2024,SKU0284,Coconut Scraper Manual,Household,Kitchenware,187,6.0,50303.0,-13.8,Regular consumer demand,Normal Trading,Adequate inventory maintained,Moderate Decline,None,No Monsoon relevance,None,1% avg weekend uplift,0,0,Seasonal factor: No Monsoon relevance; Niche product - irregular demand pattern
July,2024,SKU0135,Ice Cubes 1kg,Frozen Foods,Frozen Foods,615,19.8,25830.0,-0.8,Regular consumer demand,Normal Trading,Adequate inventory maintained,Stable,None,No Monsoon relevance,None,15% avg weekend uplift,0,0,Seasonal factor: No Monsoon relevance
July,2024,SKU0243,Instant Soup 3 Pack,Grocery,Instant Foods,626,20.2,87014.0,101.9,Monsoon demand - Soup,Seasonal - Monsoon,Adequate inventory maintained,Strong Increase,None,Monsoon demand - Soup,None,4% avg weekend uplift,0,0,Seasonal factor: Monsoon demand - Soup; Significant demand spike - review forecast
July,2024,SKU0040,Tamarind 500g,Grocery,Spices,895,28.9,79655.0,3.1,Regular consumer demand,Normal Trading,Adequate inventory maintained,Stable,None,No Monsoon relevance,None,4% avg weekend uplift,0,0,Seasonal factor: No Monsoon relevance
July,2024,SKU0258,Instant Coffee Sachet 10pcs,Beverages,Coffee,676,21.8,41912.0,14.8,Regular consumer demand,Normal Trading,Adequate inventory maintained,Stable,None,No Monsoon relevance,None,12% avg weekend uplift,0,0,Seasonal factor: No Monsoon relevance
July,2024,SKU0242,Salt Biscuits 300g,Snacks,Biscuits,567,18.3,35154.0,7.6,Regular consumer demand,Normal Trading,Adequate inventory maintained,Stable,None,No Monsoon relevance,None,17% avg weekend uplift,0,0,Seasonal factor: No Monsoon relevance
July,2024,SKU0112,Sweet Box Assorted 1kg,Snacks,Traditional Sweets,564,18.2,258876.0,21.3,Regular consumer demand,Weekend/Demand Surge,Adequate inventory maintained,Moderate Increase,None,No Monsoon relevance,None,17% avg weekend uplift,0,0,Seasonal factor: No Monsoon relevance
July,2024,SKU0211,USB Cable 1m,Electronics,Electronics,158,5.1,36182.0,1.9,Regular consumer demand,Normal Trading,Adequate inventory maintained,Stable,None,No Monsoon relevance,None,2% avg weekend uplift,0,0,Seasonal factor: No Monsoon relevance; Niche product - irregular demand pattern
July,2024,SKU0273,Vacuum Flask 1L,Household,Kitchenware,263,8.5,110197.0,6.0,Regular consumer demand,Normal Trading,Low stock impact - 8 units missed opportunity,Stable,None,No Monsoon relevance,None,1% avg weekend uplift,0,8,Seasonal factor: No Monsoon relevance; Niche product - irregular demand pattern
July,2024,SKU0274,Plastic Storage Container Set,Household,Kitchenware,142,4.6,113458.0,14.5,Regular consumer demand,Normal Trading,Adequate inventory maintained,Stable,None,No Monsoon relevance,None,1% avg weekend uplift,0,0,Seasonal factor: No Monsoon relevance; Niche product - irregular demand pattern
July,2024,SKU0093,Tender Coconut Water 250ml,Beverages,Beverages,105,3.4,4410.0,12.9,Regular consumer demand,Normal Trading,Adequate inventory maintained,Stable,None,No Monsoon relevance,None,3% avg weekend uplift,0,0,Seasonal factor: No Monsoon relevance; Niche product - irregular demand pattern
July,2024,SKU0120,Bread Loaf 400g,Bakery,Bakery,1121,36.2,43719.0,20.5,Regular consumer demand,Weekend/Demand Surge,Adequate inventory maintained,Moderate Increase,None,No Monsoon relevance,None,10% avg weekend uplift,0,0,Seasonal factor: No Monsoon relevance
July,2024,SKU0228,Christmas Tree Decor Combo,Household,Decorations,250,8.1,199750.0,-10.4,Regular consumer demand,Normal Trading,Adequate inventory maintained,Moderate Decline,None,No Monsoon relevance,None,3% avg weekend uplift,0,0,Seasonal factor: No Monsoon relevance
July,2024,SKU0233,Drinking Water Can 20L,Beverages,Beverages,540,17.4,42660.0,8.9,Regular consumer demand,Normal Trading,Adequate inventory maintained,Stable,None,No Monsoon relevance,None,12% avg weekend uplift,0,0,Seasonal factor: No Monsoon relevance
July,2024,SKU0185,Hair Oil 500ml,Personal Care,Hair Care,710,22.9,98690.0,20.5,Regular consumer demand,Weekend/Demand Surge,Adequate inventory maintained,Moderate Increase,None,No Monsoon relevance,None,6% avg weekend uplift,0,0,Seasonal factor: No Monsoon relevance
July,2024,SKU0016,Gingelly Oil 1L,Grocery,Oil,475,15.3,85025.0,-9.9,Regular consumer demand,Normal Trading,Adequate inventory maintained,Stable,None,No Monsoon relevance,None,4% avg weekend uplift,0,0,Seasonal factor: No Monsoon relevance
July,2024,SKU0110,Dry Fruit Laddu Box 500g,Snacks,Traditional Sweets,709,22.9,261621.0,34.5,Regular consumer demand,Weekend/Demand Surge,Adequate inventory maintained,Moderate Increase,None,No Monsoon relevance,None,17% avg weekend uplift,0,0,Seasonal factor: No Monsoon relevance
July,2024,SKU0022,Salt 1kg,Grocery,Salt,474,15.3,12324.0,-10.1,Regular consumer demand,Normal Trading,Adequate inventory maintained,Moderate Decline,None,No Monsoon relevance,None,4% avg weekend uplift,0,0,Seasonal factor: No Monsoon relevance
July,2024,SKU0153,Orange 1kg,Fruits & Vegetables,Fruits,521,16.8,46369.0,12.0,Regular consumer demand,Normal Trading,Low stock impact - 37 units missed opportunity,Stable,None,No Monsoon relevance,None,9% avg weekend uplift,0,37,Seasonal factor: No Monsoon relevance
July,2024,SKU0017,Coconut Oil 1L,Grocery,Oil,868,28.0,120652.0,12.0,Regular consumer demand,Normal Trading,Adequate inventory maintained,Stable,None,No Monsoon relevance,None,4% avg weekend uplift,0,0,Seasonal factor: No Monsoon relevance
July,2024,SKU0278,LED Lantern Rechargeable,Electronics,Lighting,559,18.0,234221.0,20.2,Regular consumer demand,Weekend/Demand Surge,Adequate inventory maintained,Moderate Increase,None,No Monsoon relevance,None,6% avg weekend uplift,0,0,Seasonal factor: No Monsoon relevance
July,2024,SKU0179,Banana Leaf Pack 10pcs,Grocery,Religious,630,20.3,49770.0,12.9,Regular consumer demand,Normal Trading,Adequate inventory maintained,Stable,None,No Monsoon relevance,None,4% avg weekend uplift,0,0,Seasonal factor: No Monsoon relevance
July,2024,SKU0083,Filter Coffee Powder 500g,Beverages,Coffee,667,21.5,152743.0,19.5,Regular consumer demand,Normal Trading,Adequate inventory maintained,Stable,None,No Monsoon relevance,None,12% avg weekend uplift,0,0,Seasonal factor: No Monsoon relevance
July,2024,SKU0237,Hair Dryer 1200W,Electronics,Electronics,107,3.5,128293.0,15.1,Regular consumer demand,Normal Trading,Adequate inventory maintained,Stable,None,No Monsoon relevance,None,2% avg weekend uplift,0,0,Seasonal factor: No Monsoon relevance; Niche product - irregular demand pattern
July,2024,SKU0256,Vermicelli Kheer Mix 200g,Grocery,Mixes,544,17.5,39168.0,3.2,Regular consumer demand,Normal Trading,Low stock impact - 21 units missed opportunity,Stable,None,No Monsoon relevance,None,4% avg weekend uplift,0,21,Seasonal factor: No Monsoon relevance
July,2024,SKU0197,Baby Soap 100g,Personal Care,Baby Care,432,13.9,34128.0,-7.1,Regular consumer demand,Normal Trading,Adequate inventory maintained,Stable,None,No Monsoon relevance,None,6% avg weekend uplift,0,0,Seasonal factor: No Monsoon relevance
July,2024,SKU0262,Protein Shake 400g,Beverages,Health Drinks,190,6.1,79610.0,2.2,Regular consumer demand,Normal Trading,Adequate inventory maintained,Stable,None,No Monsoon relevance,None,3% avg weekend uplift,0,0,Seasonal factor: No Monsoon relevance; Niche product - irregular demand pattern
July,2024,SKU0092,Rose Milk 200ml,Beverages,Beverages,148,4.8,4736.0,-4.5,Regular consumer demand,Normal Trading,Adequate inventory maintained,Stable,None,No Monsoon relevance,None,3% avg weekend uplift,0,0,Seasonal factor: No Monsoon relevance; Niche product - irregular demand pattern
July,2024,SKU0199,Hand Wash 750ml,Personal Care,Hygiene,1017,32.8,171873.0,17.2,Regular consumer demand,Normal Trading,Adequate inventory maintained,Stable,None,No Monsoon relevance,None,6% avg weekend uplift,0,0,Seasonal factor: No Monsoon relevance
July,2024,SKU0131,Frozen Fries 420g,Frozen Foods,Frozen Foods,1000,32.3,139000.0,29.0,Regular consumer demand,Weekend/Demand Surge,Adequate inventory maintained,Moderate Increase,None,No Monsoon relevance,None,15% avg weekend uplift,0,0,Seasonal factor: No Monsoon relevance
July,2024,SKU0057,Pasta Sauce 300g,Grocery,Condiments,96,3.1,8544.0,3.2,Regular consumer demand,Normal Trading,Adequate inventory maintained,Stable,None,No Monsoon relevance,None,1% avg weekend uplift,0,0,Seasonal factor: No Monsoon relevance; Niche product - irregular demand pattern
July,2024,SKU0099,Cold Coffee 180ml,Beverages,Beverages,852,27.5,35784.0,1.8,Regular consumer demand,Normal Trading,Adequate inventory maintained,Stable,None,No Monsoon relevance,None,12% avg weekend uplift,0,0,Seasonal factor: No Monsoon relevance
July,2024,SKU0051,Organic Brown Rice 5kg,Grocery,Rice,147,4.7,67473.0,-5.2,Regular consumer demand,Normal Trading,Adequate inventory maintained,Stable,None,No Monsoon relevance,None,1% avg weekend uplift,0,0,Seasonal factor: No Monsoon relevance; Niche product - irregular demand pattern
July,2024,SKU0191,Deodorant Spray 150ml,Personal Care,Deodorants,596,19.2,136484.0,20.2,Regular consumer demand,Weekend/Demand Surge,Adequate inventory maintained,Moderate Increase,None,No Monsoon relevance,None,6% avg weekend uplift,0,0,Seasonal factor: No Monsoon relevance
July,2024,SKU0254,Pista Cookies 400g,Snacks,Biscuits,590,19.0,135110.0,19.0,Regular consumer demand,Normal Trading,Adequate inventory maintained,Stable,None,No Monsoon relevance,None,17% avg weekend uplift,0,0,Seasonal factor: No Monsoon relevance
July,2024,SKU0205,Printer Paper 500 sheets,Stationery,Stationery,102,3.3,27438.0,9.7,Regular consumer demand,Normal Trading,Adequate inventory maintained,Stable,None,No Monsoon relevance,None,1% avg weekend uplift,0,0,Seasonal factor: No Monsoon relevance
July,2024,SKU0074,Greek Yogurt 400g,Dairy,Dairy,163,5.3,19397.0,-12.4,Regular consumer demand,Normal Trading,Adequate inventory maintained,Moderate Decline,None,No Monsoon relevance,None,2% avg weekend uplift,0,0,Seasonal factor: No Monsoon relevance; Niche product - irregular demand pattern
July,2024,SKU0232,Disposable Plates & Cups 50pcs,Household,Party Supplies,429,13.8,98241.0,6.5,Regular consumer demand,Normal Trading,Low stock impact - 38 units missed opportunity,Stable,None,No Monsoon relevance,None,3% avg weekend uplift,0,38,Seasonal factor: No Monsoon relevance
July,2024,SKU0168,Fabric Conditioner 860ml,Household,Laundry,257,8.3,40863.0,3.6,Regular consumer demand,Normal Trading,Low stock impact - 14 units missed opportunity,Stable,None,No Monsoon relevance,None,1% avg weekend uplift,0,14,Seasonal factor: No Monsoon relevance; Niche product - irregular demand pattern
July,2024,SKU0009,Rava / Sooji 1kg,Grocery,Flour,482,15.5,25064.0,-2.8,Regular consumer demand,Normal Trading,Adequate inventory maintained,Stable,None,No Monsoon relevance,None,4% avg weekend uplift,0,0,Seasonal factor: No Monsoon relevance
July,2024,SKU0046,Nutella Spread 350g,Grocery,Spreads,255,8.2,68595.0,2.8,Regular consumer demand,Normal Trading,Low stock impact - 24 units missed opportunity,Stable,None,No Monsoon relevance,None,1% avg weekend uplift,0,24,Seasonal factor: No Monsoon relevance; Niche product - irregular demand pattern
July,2024,SKU0221,Bedsheet Queen Size,Lifestyle,Bedding,768,24.8,613632.0,3.2,Regular consumer demand,Normal Trading,Adequate inventory maintained,Stable,None,No Monsoon relevance,None,7% avg weekend uplift,0,0,Seasonal factor: No Monsoon relevance
July,2024,SKU0300,Diwali Gift Hamper,Grocery,Gift Sets,396,12.8,474804.0,-8.8,Regular consumer demand,Normal Trading,Adequate inventory maintained,Stable,None,No Monsoon relevance,None,4% avg weekend uplift,0,0,Seasonal factor: No Monsoon relevance
July,2024,SKU0114,Nachos 150g,Snacks,Chips,284,9.2,25276.0,14.5,Regular consumer demand,Normal Trading,Adequate inventory maintained,Stable,None,No Monsoon relevance,None,5% avg weekend uplift,0,0,Seasonal factor: No Monsoon relevance; Niche product - irregular demand pattern
July,2024,SKU0027,Sambar Powder 500g,Grocery,Spices,553,17.8,49217.0,11.5,Regular consumer demand,Normal Trading,Adequate inventory maintained,Stable,None,No Monsoon relevance,None,4% avg weekend uplift,0,0,Seasonal factor: No Monsoon relevance
July,2024,SKU0236,Trimmer Rechargeable,Electronics,Electronics,163,5.3,130237.0,5.2,Regular consumer demand,Normal Trading,Adequate inventory maintained,Stable,None,No Monsoon relevance,None,2% avg weekend uplift,0,0,Seasonal factor: No Monsoon relevance; Niche product - irregular demand pattern
July,2024,SKU0089,Soda Bottles 750ml,Beverages,Beverages,759,24.5,24288.0,16.6,Regular consumer demand,Normal Trading,Adequate inventory maintained,Stable,None,No Monsoon relevance,None,12% avg weekend uplift,0,0,Seasonal factor: No Monsoon relevance
July,2024,SKU0145,Apple 1kg,Fruits & Vegetables,Fruits,542,17.5,91598.0,2.8,Regular consumer demand,Normal Trading,Adequate inventory maintained,Stable,None,No Monsoon relevance,None,9% avg weekend uplift,0,0,Seasonal factor: No Monsoon relevance
July,2024,SKU0202,Ball Pen Pack 10pcs,Stationery,Stationery,690,22.3,42780.0,11.3,Regular consumer demand,Normal Trading,Adequate inventory maintained,Stable,None,No Monsoon relevance,None,3% avg weekend uplift,0,0,Seasonal factor: No Monsoon relevance
July,2024,SKU0250,Coconut Cookies 200g,Snacks,Biscuits,797,25.7,57384.0,16.9,Regular consumer demand,Normal Trading,Low stock impact - 78 units missed opportunity,Stable,None,No Monsoon relevance,None,17% avg weekend uplift,0,78,Seasonal factor: No Monsoon relevance
July,2024,SKU0172,Mosquito Refill 45ml,Household,Pest Control,560,18.1,77840.0,-4.9,Regular consumer demand,Normal Trading,Adequate inventory maintained,Stable,None,No Monsoon relevance,None,3% avg weekend uplift,0,0,Seasonal factor: No Monsoon relevance
July,2024,SKU0034,Raisins 250g,Grocery,Nuts,338,10.9,57122.0,-9.1,Regular consumer demand,Normal Trading,Adequate inventory maintained,Stable,None,No Monsoon relevance,None,4% avg weekend uplift,0,0,Seasonal factor: No Monsoon relevance
July,2024,SKU0148,Mango 1kg,Fruits & Vegetables,Fruits,261,8.4,36279.0,-6.5,Regular consumer demand,Normal Trading,Adequate inventory maintained,Stable,None,No Monsoon relevance,None,9% avg weekend uplift,0,0,Seasonal factor: No Monsoon relevance
July,2024,SKU0157,Carrot 1kg,Fruits & Vegetables,Vegetables,605,19.5,31460.0,8.4,Regular consumer demand,Normal Trading,Adequate inventory maintained,Stable,None,No Monsoon relevance,None,9% avg weekend uplift,0,0,Seasonal factor: No Monsoon relevance
July,2024,SKU0107,Biscuit Pack 300g,Snacks,Biscuits,664,21.4,47808.0,2.0,Regular consumer demand,Normal Trading,Low stock impact - 62 units missed opportunity,Stable,None,No Monsoon relevance,None,17% avg weekend uplift,0,62,Seasonal factor: No Monsoon relevance
July,2024,SKU0184,Shampoo Bottle 340ml,Personal Care,Hair Care,1055,34.0,283795.0,21.5,Regular consumer demand,Weekend/Demand Surge,Adequate inventory maintained,Moderate Increase,None,No Monsoon relevance,None,6% avg weekend uplift,0,0,Seasonal factor: No Monsoon relevance
July,2024,SKU0196,Baby Lotion 200ml,Personal Care,Baby Care,675,21.8,154575.0,-9.3,Regular consumer demand,Normal Trading,Adequate inventory maintained,Stable,None,No Monsoon relevance,None,6% avg weekend uplift,0,0,Seasonal factor: No Monsoon relevance
July,2024,SKU0200,Hand Sanitizer 500ml,Personal Care,Hygiene,984,31.7,156456.0,13.4,Regular consumer demand,Normal Trading,Adequate inventory maintained,Stable,None,No Monsoon relevance,None,6% avg weekend uplift,0,0,Seasonal factor: No Monsoon relevance
July,2024,SKU0208,Extension Box 4 socket,Electronics,Electrical,121,3.9,55539.0,-2.4,Regular consumer demand,Normal Trading,Adequate inventory maintained,Stable,None,No Monsoon relevance,None,2% avg weekend uplift,0,0,Seasonal factor: No Monsoon relevance; Niche product - irregular demand pattern
July,2024,SKU0214,Rice Cooker 1.8L,Electronics,Appliances,223,7.2,468077.0,2.8,Regular consumer demand,Normal Trading,Adequate inventory maintained,Stable,None,No Monsoon relevance,None,2% avg weekend uplift,0,0,Seasonal factor: No Monsoon relevance; Niche product - irregular demand pattern
July,2024,SKU0289,Pooja Oil 500ml,Grocery,Religious,303,9.8,51207.0,-11.1,Regular consumer demand,Normal Trading,Low stock impact - 30 units missed opportunity,Moderate Decline,None,No Monsoon relevance,None,4% avg weekend uplift,0,30,Seasonal factor: No Monsoon relevance
July,2024,SKU0295,Kids Festive Wear Medium,Lifestyle,Clothing,413,13.3,577787.0,2.5,Regular consumer demand,Normal Trading,Stockout for 5 days - lost 54 units,Stable,None,No Monsoon relevance,None,7% avg weekend uplift,5,54,Seasonal factor: No Monsoon relevance; Inventory issue: Stockout for 5 days - lost 54 units
July,2024,SKU0075,Imported Cheese 200g,Dairy,Dairy,121,3.9,27709.0,-2.4,Regular consumer demand,Normal Trading,Low stock impact - 6 units missed opportunity,Stable,None,No Monsoon relevance,None,2% avg weekend uplift,0,6,Seasonal factor: No Monsoon relevance; Niche product - irregular demand pattern
July,2024,SKU0235,Smart Watch Standard,Electronics,Electronics,105,3.4,241395.0,12.9,Regular consumer demand,Normal Trading,Adequate inventory maintained,Stable,None,No Monsoon relevance,None,2% avg weekend uplift,0,0,Seasonal factor: No Monsoon relevance; Niche product - irregular demand pattern
July,2024,SKU0072,Condensed Milk 400g,Dairy,Dairy,671,21.6,93269.0,20.3,Regular consumer demand,Weekend/Demand Surge,Adequate inventory maintained,Moderate Increase,None,No Monsoon relevance,None,7% avg weekend uplift,0,0,Seasonal factor: No Monsoon relevance
July,2024,SKU0117,Energy Bar 6pcs,Snacks,Health Bars,99,3.2,26631.0,6.5,Regular consumer demand,Normal Trading,Adequate inventory maintained,Stable,None,No Monsoon relevance,None,5% avg weekend uplift,0,0,Seasonal factor: No Monsoon relevance; Niche product - irregular demand pattern
July,2024,SKU0067,Cheese Slices 200g,Dairy,Dairy,829,26.7,98651.0,7.0,Regular consumer demand,Normal Trading,Adequate inventory maintained,Stable,None,No Monsoon relevance,None,7% avg weekend uplift,0,0,Seasonal factor: No Monsoon relevance
July,2024,SKU0091,Mango Juice 1L,Beverages,Juices,949,30.6,84461.0,13.4,Regular consumer demand,Normal Trading,Adequate inventory maintained,Stable,None,No Monsoon relevance,None,12% avg weekend uplift,0,0,Seasonal factor: No Monsoon relevance
July,2024,SKU0227,Dhoti Set XL,Lifestyle,Clothing,318,10.3,254082.0,14.0,Regular consumer demand,Normal Trading,Adequate inventory maintained,Stable,None,No Monsoon relevance,None,7% avg weekend uplift,0,0,Seasonal factor: No Monsoon relevance
July,2024,SKU0279,Mobile Power Bank 10000mAh,Electronics,Electronics,172,5.5,240628.0,-7.5,Regular consumer demand,Normal Trading,Adequate inventory maintained,Stable,None,No Monsoon relevance,None,2% avg weekend uplift,0,0,Seasonal factor: No Monsoon relevance; Niche product - irregular demand pattern
July,2024,SKU0056,Pasta 500g,Grocery,Pasta,622,20.1,49138.0,18.0,Regular consumer demand,Normal Trading,Adequate inventory maintained,Stable,None,No Monsoon relevance,None,4% avg weekend uplift,0,0,Seasonal factor: No Monsoon relevance
July,2024,SKU0177,Steel Tiffin Box 3-tier,Household,Kitchenware,222,7.2,101898.0,-10.5,Regular consumer demand,Normal Trading,Low stock impact - 23 units missed opportunity,Moderate Decline,None,No Monsoon relevance,None,1% avg weekend uplift,0,23,Seasonal factor: No Monsoon relevance; Niche product - irregular demand pattern
July,2024,SKU0216,Emergency Lamp Rechargeable,Electronics,Lighting,416,13.4,332384.0,3.2,Regular consumer demand,Normal Trading,Adequate inventory maintained,Stable,None,No Monsoon relevance,None,6% avg weekend uplift,0,0,Seasonal factor: No Monsoon relevance
July,2024,SKU0024,Turmeric Powder 200g,Grocery,Spices,1003,32.4,62186.0,7.8,Regular consumer demand,Normal Trading,Adequate inventory maintained,Stable,None,No Monsoon relevance,None,4% avg weekend uplift,0,0,Seasonal factor: No Monsoon relevance
July,2024,SKU0162,Decorative Lights 20m,Household,Decorations,430,13.9,197370.0,-7.5,Regular consumer demand,Normal Trading,Adequate inventory maintained,Stable,None,No Monsoon relevance,None,3% avg weekend uplift,0,0,Seasonal factor: No Monsoon relevance
July,2024,SKU0163,Rangoli Powder 500g,Household,Decorations,423,13.6,26226.0,-2.5,Regular consumer demand,Normal Trading,Adequate inventory maintained,Stable,None,No Monsoon relevance,None,3% avg weekend uplift,0,0,Seasonal factor: No Monsoon relevance
July,2024,SKU0064,Curd Cup 400g,Dairy,Dairy,1377,44.4,57834.0,8.3,Regular consumer demand,Normal Trading,Stockout for 4 days - lost 153 units,Stable,None,No Monsoon relevance,None,7% avg weekend uplift,4,153,Seasonal factor: No Monsoon relevance; Inventory issue: Stockout for 4 days - lost 153 units
July,2024,SKU0126,Croissants 6pcs,Bakery,Bakery,220,7.1,30580.0,-11.3,Regular consumer demand,Normal Trading,Adequate inventory maintained,Moderate Decline,None,No Monsoon relevance,None,3% avg weekend uplift,0,0,Seasonal factor: No Monsoon relevance; Niche product - irregular demand pattern
July,2024,SKU0134,Frozen Sweet Corn 500g,Frozen Foods,Frozen Foods,937,30.2,92763.0,7.9,Regular consumer demand,Normal Trading,Adequate inventory maintained,Stable,None,No Monsoon relevance,None,15% avg weekend uplift,0,0,Seasonal factor: No Monsoon relevance
July,2024,SKU0141,Green Chilli 250g,Fruits & Vegetables,Vegetables,1401,45.2,44832.0,22.1,Regular consumer demand,Weekend/Demand Surge,Adequate inventory maintained,Moderate Increase,None,No Monsoon relevance,None,9% avg weekend uplift,0,0,Seasonal factor: No Monsoon relevance
July,2024,SKU0025,Chilli Powder 500g,Grocery,Spices,546,17.6,43134.0,-2.2,Regular consumer demand,Normal Trading,Adequate inventory maintained,Stable,None,No Monsoon relevance,None,4% avg weekend uplift,0,0,Seasonal factor: No Monsoon relevance
July,2024,SKU0297,Temple Coconut Pack 5pcs,Fruits & Vegetables,Fruits,417,13.5,70473.0,-3.9,Regular consumer demand,Normal Trading,Adequate inventory maintained,Stable,None,No Monsoon relevance,None,9% avg weekend uplift,0,0,Seasonal factor: No Monsoon relevance
July,2024,SKU0018,Ghee 500ml,Grocery,Ghee,516,16.6,138804.0,-2.1,Regular consumer demand,Normal Trading,Adequate inventory maintained,Stable,None,No Monsoon relevance,None,4% avg weekend uplift,0,0,Seasonal factor: No Monsoon relevance
July,2024,SKU0174,Pressure Cooker 5L,Household,Cookware,178,5.7,213422.0,14.8,Regular consumer demand,Normal Trading,Adequate inventory maintained,Stable,None,No Monsoon relevance,None,1% avg weekend uplift,0,0,Seasonal factor: No Monsoon relevance; Niche product - irregular demand pattern
July,2024,SKU0175,Non-Stick Pan 28cm,Household,Cookware,188,6.1,150212.0,1.1,Regular consumer demand,Normal Trading,Adequate inventory maintained,Stable,None,No Monsoon relevance,None,1% avg weekend uplift,0,0,Seasonal factor: No Monsoon relevance; Niche product - irregular demand pattern
July,2024,SKU0212,Electric Kettle 1.5L,Electronics,Appliances,77,2.5,92323.0,-17.2,Regular consumer demand,Normal Trading,Stockout for 5 days - lost 6 units,Moderate Decline,None,No Monsoon relevance,None,2% avg weekend uplift,5,6,Seasonal factor: No Monsoon relevance; Inventory issue: Stockout for 5 days - lost 6 units; Niche product - irregular demand pattern
July,2024,SKU0270,Beard Oil 50ml,Personal Care,Grooming,100,3.2,26900.0,7.5,Regular consumer demand,Normal Trading,Adequate inventory maintained,Stable,None,No Monsoon relevance,None,2% avg weekend uplift,0,0,Seasonal factor: No Monsoon relevance; Niche product - irregular demand pattern
July,2024,SKU0033,Pistachios 250g,Grocery,Nuts,551,17.8,230869.0,-6.5,Regular consumer demand,Normal Trading,Adequate inventory maintained,Stable,None,No Monsoon relevance,None,4% avg weekend uplift,0,0,Seasonal factor: No Monsoon relevance
July,2024,SKU0048,Chicken Masala 100g,Grocery,Spices,372,12.0,14508.0,9.1,Regular consumer demand,Normal Trading,Adequate inventory maintained,Stable,None,No Monsoon relevance,None,4% avg weekend uplift,0,0,Seasonal factor: No Monsoon relevance
July,2024,SKU0049,Semiya Payasam Mix 200g,Grocery,Mixes,495,16.0,30690.0,14.1,Regular consumer demand,Normal Trading,Adequate inventory maintained,Stable,None,No Monsoon relevance,None,4% avg weekend uplift,0,0,Seasonal factor: No Monsoon relevance
July,2024,SKU0231,Turmeric Plant Bundle,Fruits & Vegetables,Plants,413,13.3,32627.0,-4.8,Regular consumer demand,Normal Trading,Adequate inventory maintained,Stable,None,No Monsoon relevance,None,9% avg weekend uplift,0,0,Seasonal factor: No Monsoon relevance
July,2024,SKU0154,Grapes 500g,Fruits & Vegetables,Fruits,759,24.5,90321.0,-9.3,Regular consumer demand,Normal Trading,Stockout for 5 days - lost 95 units,Stable,None,No Monsoon relevance,None,9% avg weekend uplift,5,95,Seasonal factor: No Monsoon relevance; Inventory issue: Stockout for 5 days - lost 95 units
July,2024,SKU0085,Health Drink 500g,Beverages,Health Drinks,614,19.8,97626.0,-10.0,Regular consumer demand,Normal Trading,Low stock impact - 45 units missed opportunity,Stable,None,No Monsoon relevance,None,12% avg weekend uplift,0,45,Seasonal factor: No Monsoon relevance
July,2024,SKU0100,Electrolyte Drink 500ml,Beverages,Beverages,331,10.7,26149.0,18.6,Regular consumer demand,Normal Trading,Stockout for 2 days - lost 16 units,Stable,None,No Monsoon relevance,None,12% avg weekend uplift,2,16,Seasonal factor: No Monsoon relevance; Inventory issue: Stockout for 2 days - lost 16 units
July,2024,SKU0255,Saffron 1g,Grocery,Spices,137,4.4,109463.0,-11.6,Regular consumer demand,Normal Trading,Low stock impact - 11 units missed opportunity,Moderate Decline,None,No Monsoon relevance,None,1% avg weekend uplift,0,11,Seasonal factor: No Monsoon relevance; Niche product - irregular demand pattern
July,2024,SKU0073,Fresh Cream 250ml,Dairy,Dairy,564,18.2,44556.0,-9.0,Regular consumer demand,Normal Trading,Stockout for 5 days - lost 92 units,Stable,None,No Monsoon relevance,None,7% avg weekend uplift,5,92,Seasonal factor: No Monsoon relevance; Inventory issue: Stockout for 5 days - lost 92 units
July,2024,SKU0012,Moong Dal 1kg,Grocery,Pulses,549,17.7,92781.0,10.7,Regular consumer demand,Normal Trading,Adequate inventory maintained,Stable,None,No Monsoon relevance,None,4% avg weekend uplift,0,0,Seasonal factor: No Monsoon relevance
July,2024,SKU0186,Toothpaste 200g,Personal Care,Oral Care,793,25.6,70577.0,16.3,Regular consumer demand,Normal Trading,Adequate inventory maintained,Stable,None,No Monsoon relevance,None,6% avg weekend uplift,0,0,Seasonal factor: No Monsoon relevance
July,2024,SKU0068,Buttermilk 200ml,Dairy,Beverages,1248,40.3,28704.0,-1.8,Regular consumer demand,Normal Trading,Adequate inventory maintained,Stable,None,No Monsoon relevance,None,7% avg weekend uplift,0,0,Seasonal factor: No Monsoon relevance
July,2024,SKU0271,Wall Clock Standard,Household,Home Decor,133,4.3,43757.0,7.3,Regular consumer demand,Normal Trading,Adequate inventory maintained,Stable,None,No Monsoon relevance,None,1% avg weekend uplift,0,0,Seasonal factor: No Monsoon relevance
July,2024,SKU0282,Hand Blender Standard,Electronics,Appliances,236,7.6,330164.0,-4.8,Regular consumer demand,Normal Trading,Low stock impact - 10 units missed opportunity,Stable,None,No Monsoon relevance,None,2% avg weekend uplift,0,10,Seasonal factor: No Monsoon relevance; Niche product - irregular demand pattern
July,2024,SKU0071,Ice Cream Cone Pack 6pcs,Dairy,Frozen,538,17.4,64022.0,15.7,Regular consumer demand,Normal Trading,Adequate inventory maintained,Stable,None,No Monsoon relevance,None,7% avg weekend uplift,0,0,Seasonal factor: No Monsoon relevance
July,2024,SKU0188,Toothbrush 2pcs,Personal Care,Oral Care,1071,34.5,148869.0,19.1,Regular consumer demand,Normal Trading,Adequate inventory maintained,Stable,None,No Monsoon relevance,None,6% avg weekend uplift,0,0,Seasonal factor: No Monsoon relevance
July,2024,SKU0266,Toilet Cleaner 1L,Household,Cleaning,526,17.0,88894.0,13.1,Regular consumer demand,Normal Trading,Adequate inventory maintained,Stable,None,No Monsoon relevance,None,3% avg weekend uplift,0,0,Seasonal factor: No Monsoon relevance
July,2024,SKU0125,Rusks 300g,Bakery,Bakery,955,30.8,59210.0,14.1,Regular consumer demand,Normal Trading,Adequate inventory maintained,Stable,None,No Monsoon relevance,None,10% avg weekend uplift,0,0,Seasonal factor: No Monsoon relevance
July,2024,SKU0032,Almonds 500g,Grocery,Nuts,514,16.6,256486.0,18.4,Regular consumer demand,Normal Trading,Adequate inventory maintained,Stable,None,No Monsoon relevance,None,4% avg weekend uplift,0,0,Seasonal factor: No Monsoon relevance
July,2024,SKU0053,Chia Seeds 250g,Grocery,Seeds,224,7.2,51296.0,3.2,Regular consumer demand,Normal Trading,Low stock impact - 22 units missed opportunity,Stable,None,No Monsoon relevance,None,1% avg weekend uplift,0,22,Seasonal factor: No Monsoon relevance; Niche product - irregular demand pattern
July,2024,SKU0087,Soft Drink Cola 2L,Beverages,Soft Drinks,350,11.3,27650.0,2.6,Regular consumer demand,Normal Trading,Adequate inventory maintained,Stable,None,No Monsoon relevance,None,12% avg weekend uplift,0,0,Seasonal factor: No Monsoon relevance
July,2024,SKU0088,Soft Drink Orange 2L,Beverages,Soft Drinks,509,16.4,40211.0,26.3,Regular consumer demand,Weekend/Demand Surge,Adequate inventory maintained,Moderate Increase,None,No Monsoon relevance,None,12% avg weekend uplift,0,0,Seasonal factor: No Monsoon relevance
July,2024,SKU0102,Magic Masala Chips 75g,Snacks,Chips,997,32.2,31904.0,14.9,Regular consumer demand,Normal Trading,Adequate inventory maintained,Stable,None,No Monsoon relevance,None,17% avg weekend uplift,0,0,Seasonal factor: No Monsoon relevance
July,2024,SKU0133,Frozen Peas 500g,Frozen Foods,Frozen Foods,740,23.9,65860.0,-0.5,Regular consumer demand,Normal Trading,Low stock impact - 54 units missed opportunity,Stable,None,No Monsoon relevance,None,15% avg weekend uplift,0,54,Seasonal factor: No Monsoon relevance
July,2024,SKU0170,Aluminum Foil 9m,Household,Kitchen,672,21.7,59808.0,3.2,Regular consumer demand,Normal Trading,Adequate inventory maintained,Stable,None,No Monsoon relevance,None,3% avg weekend uplift,0,0,Seasonal factor: No Monsoon relevance
July,2024,SKU0204,School Bag Medium,Stationery,Bags,351,11.3,280449.0,2.9,Regular consumer demand,Normal Trading,Adequate inventory maintained,Stable,None,No Monsoon relevance,None,3% avg weekend uplift,0,0,Seasonal factor: No Monsoon relevance
July,2024,SKU0209,Mobile Charger 18W,Electronics,Electronics,161,5.2,99659.0,-13.4,Regular consumer demand,Normal Trading,Stockout for 5 days - lost 16 units,Moderate Decline,None,No Monsoon relevance,None,2% avg weekend uplift,5,16,Seasonal factor: No Monsoon relevance; Inventory issue: Stockout for 5 days - lost 16 units; Niche product - irregular demand pattern
July,2024,SKU0288,Prayer Oil Lamp Brass,Household,Religious,256,8.3,107264.0,-8.2,Regular consumer demand,Normal Trading,Adequate inventory maintained,Stable,None,No Monsoon relevance,None,3% avg weekend uplift,0,0,Seasonal factor: No Monsoon relevance
July,2024,SKU0146,Pomegranate 1kg,Fruits & Vegetables,Fruits,386,12.5,103834.0,3.8,Regular consumer demand,Normal Trading,Adequate inventory maintained,Stable,None,No Monsoon relevance,None,9% avg weekend uplift,0,0,Seasonal factor: No Monsoon relevance
July,2024,SKU0104,Mixture Snacks 500g,Snacks,Traditional Snacks,327,10.5,55263.0,31.9,Regular consumer demand,Weekend/Demand Surge,Adequate inventory maintained,Moderate Increase,None,No Monsoon relevance,None,17% avg weekend uplift,0,0,Seasonal factor: No Monsoon relevance
July,2024,SKU0137,Frozen Momos 500g,Frozen Foods,Frozen Foods,171,5.5,34029.0,10.3,Regular consumer demand,Normal Trading,Adequate inventory maintained,Stable,None,No Monsoon relevance,None,4% avg weekend uplift,0,0,Seasonal factor: No Monsoon relevance; Niche product - irregular demand pattern
July,2024,SKU0004,Raw Rice 25kg,Grocery,Rice,646,20.8,968354.0,9.7,Regular consumer demand,Normal Trading,Adequate inventory maintained,Stable,None,No Monsoon relevance,None,4% avg weekend uplift,0,0,Seasonal factor: No Monsoon relevance
July,2024,SKU0129,Garlic Bread 200g,Bakery,Bakery,220,7.1,15840.0,-11.3,Regular consumer demand,Normal Trading,Adequate inventory maintained,Moderate Decline,None,No Monsoon relevance,None,3% avg weekend uplift,0,0,Seasonal factor: No Monsoon relevance; Niche product - irregular demand pattern
July,2024,SKU0142,Ginger 250g,Fruits & Vegetables,Vegetables,848,27.4,52576.0,-5.7,Regular consumer demand,Normal Trading,Stockout for 5 days - lost 131 units,Stable,None,No Monsoon relevance,None,9% avg weekend uplift,5,131,Seasonal factor: No Monsoon relevance; Inventory issue: Stockout for 5 days - lost 131 units
July,2024,SKU0006,Wheat Flour Atta 5kg,Grocery,Atta,647,20.9,186983.0,4.4,Regular consumer demand,Normal Trading,Low stock impact - 40 units missed opportunity,Stable,None,No Monsoon relevance,None,4% avg weekend uplift,0,40,Seasonal factor: No Monsoon relevance
July,2024,SKU0122,Pizza Base 200g,Bakery,Bakery,282,9.1,17484.0,13.7,Regular consumer demand,Normal Trading,Adequate inventory maintained,Stable,None,No Monsoon relevance,None,3% avg weekend uplift,0,0,Seasonal factor: No Monsoon relevance; Niche product - irregular demand pattern
July,2024,SKU0109,Chocolate Gift Box 500g,Snacks,Chocolates,368,11.9,168912.0,7.9,Regular consumer demand,Normal Trading,Low stock impact - 19 units missed opportunity,Stable,None,No Monsoon relevance,None,17% avg weekend uplift,0,19,Seasonal factor: No Monsoon relevance
July,2024,SKU0215,Induction Stove 1800W,Electronics,Appliances,147,4.7,455553.0,-5.2,Regular consumer demand,Normal Trading,Adequate inventory maintained,Stable,None,No Monsoon relevance,None,2% avg weekend uplift,0,0,Seasonal factor: No Monsoon relevance; Niche product - irregular demand pattern
July,2024,SKU0190,Talcum Powder 400g,Personal Care,Skin Care,824,26.6,73336.0,6.3,Regular consumer demand,Normal Trading,Adequate inventory maintained,Stable,None,No Monsoon relevance,None,6% avg weekend uplift,0,0,Seasonal factor: No Monsoon relevance
July,2024,SKU0223,Blanket Double,Lifestyle,Bedding,330,10.6,395670.0,-3.2,Regular consumer demand,Normal Trading,Low stock impact - 28 units missed opportunity,Stable,None,No Monsoon relevance,None,7% avg weekend uplift,0,28,Seasonal factor: No Monsoon relevance
July,2024,SKU0180,Kumkum Powder 50g,Household,Religious,255,8.2,10710.0,2.8,Regular consumer demand,Normal Trading,Adequate inventory maintained,Stable,None,No Monsoon relevance,None,3% avg weekend uplift,0,0,Seasonal factor: No Monsoon relevance
July,2024,SKU0247,Cheese Popcorn 100g,Snacks,Snacks,137,4.4,8494.0,10.5,Regular consumer demand,Normal Trading,Adequate inventory maintained,Stable,None,No Monsoon relevance,None,5% avg weekend uplift,0,0,Seasonal factor: No Monsoon relevance; Niche product - irregular demand pattern
July,2024,SKU0001,Ponni Rice 25kg,Grocery,Rice,1015,32.7,1622985.0,9.1,Regular consumer demand,Normal Trading,Adequate inventory maintained,Stable,None,No Monsoon relevance,None,4% avg weekend uplift,0,0,Seasonal factor: No Monsoon relevance
July,2024,SKU0241,Coconut Biscuits 200g,Snacks,Biscuits,539,17.4,28028.0,8.7,Regular consumer demand,Normal Trading,Adequate inventory maintained,Stable,None,No Monsoon relevance,None,17% avg weekend uplift,0,0,Seasonal factor: No Monsoon relevance
July,2024,SKU0248,Fruit Jam 500g,Grocery,Spreads,505,16.3,70195.0,-4.2,Regular consumer demand,Normal Trading,Adequate inventory maintained,Stable,None,No Monsoon relevance,None,4% avg weekend uplift,0,0,Seasonal factor: No Monsoon relevance
July,2024,SKU0252,Fruit Cake 300g,Bakery,Bakery,473,15.3,79937.0,9.0,Regular consumer demand,Normal Trading,Adequate inventory maintained,Stable,None,No Monsoon relevance,None,10% avg weekend uplift,0,0,Seasonal factor: No Monsoon relevance
July,2024,SKU0159,Agarbathi 100 sticks,Household,Religious,502,16.2,39658.0,-4.7,Regular consumer demand,Normal Trading,Adequate inventory maintained,Stable,None,No Monsoon relevance,None,3% avg weekend uplift,0,0,Seasonal factor: No Monsoon relevance
July,2024,SKU0005,Basmati Rice 5kg,Grocery,Rice,608,19.6,504032.0,15.4,Regular consumer demand,Normal Trading,Adequate inventory maintained,Stable,None,No Monsoon relevance,None,4% avg weekend uplift,0,0,Seasonal factor: No Monsoon relevance
July,2024,SKU0217,Smart LED Strip Lights 5m,Electronics,Lighting,350,11.3,419650.0,2.6,Regular consumer demand,Normal Trading,Low stock impact - 14 units missed opportunity,Stable,None,No Monsoon relevance,None,6% avg weekend uplift,0,14,Seasonal factor: No Monsoon relevance
July,2024,SKU0076,Flavored Milk 200ml,Dairy,Beverages,434,14.0,9982.0,-6.7,Regular consumer demand,Normal Trading,Adequate inventory maintained,Stable,None,No Monsoon relevance,None,7% avg weekend uplift,0,0,Seasonal factor: No Monsoon relevance
July,2024,SKU0101,Lays Chips 50g,Snacks,Chips,659,21.3,12521.0,18.1,Regular consumer demand,Normal Trading,Adequate inventory maintained,Stable,None,No Monsoon relevance,None,17% avg weekend uplift,0,0,Seasonal factor: No Monsoon relevance
July,2024,SKU0098,Lemon Juice 600ml,Beverages,Juices,278,9.0,17236.0,-0.4,Regular consumer demand,Normal Trading,Adequate inventory maintained,Stable,None,No Monsoon relevance,None,12% avg weekend uplift,0,0,Seasonal factor: No Monsoon relevance
July,2024,SKU0015,Sunflower Oil 1L,Grocery,Oil,733,23.6,87227.0,-1.5,Regular consumer demand,Normal Trading,Adequate inventory maintained,Stable,None,No Monsoon relevance,None,4% avg weekend uplift,0,0,Seasonal factor: No Monsoon relevance
July,2024,SKU0113,Kids Chocolate Pack,Snacks,Chocolates,702,22.6,259038.0,33.2,Regular consumer demand,Weekend/Demand Surge,Adequate inventory maintained,Moderate Increase,None,No Monsoon relevance,None,17% avg weekend uplift,0,0,Seasonal factor: No Monsoon relevance
July,2024,SKU0152,Jasmine Flowers 100g,Fruits & Vegetables,Flowers,606,19.5,37572.0,-2.3,Regular consumer demand,Normal Trading,Adequate inventory maintained,Stable,None,No Monsoon relevance,None,9% avg weekend uplift,0,0,Seasonal factor: No Monsoon relevance
July,2024,SKU0043,Oats 1kg,Grocery,Breakfast,752,24.3,134608.0,-13.4,Regular consumer demand,Normal Trading,Low stock impact - 43 units missed opportunity,Moderate Decline,None,No Monsoon relevance,None,4% avg weekend uplift,0,43,Seasonal factor: No Monsoon relevance
July,2024,SKU0219,Raincoat XL,Lifestyle,Rainwear,729,23.5,305451.0,194.0,Monsoon demand - Raincoat,Seasonal - Monsoon,Low stock impact - 28 units missed opportunity,Strong Increase,None,Monsoon demand - Raincoat,None,7% avg weekend uplift,0,28,Seasonal factor: Monsoon demand - Raincoat; Significant demand spike - review forecast
July,2024,SKU0003,Idly Rice 10kg,Grocery,Rice,684,22.1,820116.0,-4.1,Regular consumer demand,Normal Trading,Adequate inventory maintained,Stable,None,No Monsoon relevance,None,4% avg weekend uplift,0,0,Seasonal factor: No Monsoon relevance
July,2024,SKU0222,Pillow Cover Pair,Lifestyle,Bedding,805,26.0,184345.0,18.0,Regular consumer demand,Normal Trading,Adequate inventory maintained,Stable,None,No Monsoon relevance,None,7% avg weekend uplift,0,0,Seasonal factor: No Monsoon relevance
July,2024,SKU0144,Banana 1 dozen,Fruits & Vegetables,Fruits,1167,37.6,49014.0,-3.5,Regular consumer demand,Normal Trading,Adequate inventory maintained,Stable,None,No Monsoon relevance,None,9% avg weekend uplift,0,0,Seasonal factor: No Monsoon relevance
July,2024,SKU0249,Choco Spread 350g,Grocery,Spreads,228,7.4,61332.0,5.1,Regular consumer demand,Normal Trading,Low stock impact - 8 units missed opportunity,Stable,None,No Monsoon relevance,None,1% avg weekend uplift,0,8,Seasonal factor: No Monsoon relevance; Niche product - irregular demand pattern
July,2024,SKU0055,Instant Noodles 12 Pack,Grocery,Instant Foods,639,20.6,88821.0,14.5,Regular consumer demand,Normal Trading,Adequate inventory maintained,Stable,None,No Monsoon relevance,None,4% avg weekend uplift,0,0,Seasonal factor: No Monsoon relevance
July,2024,SKU0010,Toor Dal 1kg,Grocery,Pulses,551,17.8,98629.0,18.5,Regular consumer demand,Normal Trading,Adequate inventory maintained,Stable,None,No Monsoon relevance,None,4% avg weekend uplift,0,0,Seasonal factor: No Monsoon relevance
July,2024,SKU0066,Paneer 200g,Dairy,Dairy,738,23.8,58302.0,-15.0,Regular consumer demand,Normal Trading,Low stock impact - 77 units missed opportunity,Moderate Decline,None,No Monsoon relevance,None,7% avg weekend uplift,0,77,Seasonal factor: No Monsoon relevance
July,2024,SKU0045,Peanut Butter 1kg,Grocery,Spreads,100,3.2,36900.0,7.5,Regular consumer demand,Normal Trading,Adequate inventory maintained,Stable,None,No Monsoon relevance,None,1% avg weekend uplift,0,0,Seasonal factor: No Monsoon relevance; Niche product - irregular demand pattern
July,2024,SKU0171,Tissue Paper 200 pulls,Household,Household,604,19.5,37448.0,14.6,Regular consumer demand,Normal Trading,Adequate inventory maintained,Stable,None,No Monsoon relevance,None,3% avg weekend uplift,0,0,Seasonal factor: No Monsoon relevance
July,2024,SKU0169,Garbage Bags 30pcs,Household,Household,730,23.5,86870.0,7.0,Regular consumer demand,Normal Trading,Adequate inventory maintained,Stable,None,No Monsoon relevance,None,3% avg weekend uplift,0,0,Seasonal factor: No Monsoon relevance
July,2024,SKU0189,Face Wash 100ml,Personal Care,Skin Care,589,19.0,81871.0,-5.0,Regular consumer demand,Normal Trading,Adequate inventory maintained,Stable,None,No Monsoon relevance,None,6% avg weekend uplift,0,0,Seasonal factor: No Monsoon relevance
July,2024,SKU0277,Candle Pack 20pcs,Household,Religious,344,11.1,27176.0,-7.5,Regular consumer demand,Normal Trading,Adequate inventory maintained,Stable,None,No Monsoon relevance,None,3% avg weekend uplift,0,0,Seasonal factor: No Monsoon relevance
July,2024,SKU0039,Ready Pongal Mix 500g,Grocery,Mixes,252,8.1,19908.0,1.6,Regular consumer demand,Normal Trading,Adequate inventory maintained,Stable,None,No Monsoon relevance,None,4% avg weekend uplift,0,0,Seasonal factor: No Monsoon relevance
July,2024,SKU0041,Papad 200g,Grocery,Snacks,751,24.2,31542.0,10.1,Regular consumer demand,Normal Trading,Adequate inventory maintained,Stable,None,No Monsoon relevance,None,4% avg weekend uplift,0,0,Seasonal factor: No Monsoon relevance
July,2024,SKU0194,Sanitary Pads XL Pack,Personal Care,Feminine Care,758,24.5,105362.0,-2.2,Regular consumer demand,Normal Trading,Adequate inventory maintained,Stable,None,No Monsoon relevance,None,6% avg weekend uplift,0,0,Seasonal factor: No Monsoon relevance
July,2024,SKU0201,Notebook A4 200 pages,Stationery,Stationery,53,1.7,4187.0,-14.5,Regular consumer demand,Normal Trading,Low stock impact - 4 units missed opportunity,Moderate Decline,None,No Monsoon relevance,None,1% avg weekend uplift,0,4,Seasonal factor: No Monsoon relevance
July,2024,SKU0280,Bluetooth Earbuds TWS,Electronics,Electronics,95,3.1,218405.0,2.2,Regular consumer demand,Normal Trading,Adequate inventory maintained,Stable,None,No Monsoon relevance,None,2% avg weekend uplift,0,0,Seasonal factor: No Monsoon relevance; Niche product - irregular demand pattern
July,2024,SKU0030,Cardamom 50g,Grocery,Spices,495,16.0,133155.0,6.5,Regular consumer demand,Normal Trading,Adequate inventory maintained,Stable,None,No Monsoon relevance,None,4% avg weekend uplift,0,0,Seasonal factor: No Monsoon relevance
July,2024,SKU0038,Millet Mix 1kg,Grocery,Grains,173,5.6,24047.0,11.6,Regular consumer demand,Normal Trading,Adequate inventory maintained,Stable,None,No Monsoon relevance,None,1% avg weekend uplift,0,0,Seasonal factor: No Monsoon relevance; Niche product - irregular demand pattern
July,2024,SKU0220,Travel Bag Medium,Lifestyle,Luggage,265,8.5,370735.0,6.9,Regular consumer demand,Normal Trading,Adequate inventory maintained,Stable,None,No Monsoon relevance,None,2% avg weekend uplift,0,0,Seasonal factor: No Monsoon relevance; Niche product - irregular demand pattern
July,2024,SKU0140,Potato 1kg,Fruits & Vegetables,Vegetables,855,27.6,19665.0,-13.8,Regular consumer demand,Normal Trading,Stockout for 5 days - lost 120 units,Moderate Decline,None,No Monsoon relevance,None,9% avg weekend uplift,5,120,Seasonal factor: No Monsoon relevance; Inventory issue: Stockout for 5 days - lost 120 units
July,2024,SKU0251,Herbal Tea 100g,Beverages,Tea,201,6.5,46029.0,29.7,Monsoon demand - Tea,Seasonal - Monsoon,Adequate inventory maintained,Moderate Increase,None,Monsoon demand - Tea,None,3% avg weekend uplift,0,0,Seasonal factor: Monsoon demand - Tea; Niche product - irregular demand pattern
July,2024,SKU0257,Sweet Corn Soup 50g,Grocery,Instant Foods,553,17.8,23226.0,98.2,Monsoon demand - Soup,Seasonal - Monsoon,Adequate inventory maintained,Strong Increase,None,Monsoon demand - Soup,None,4% avg weekend uplift,0,0,Seasonal factor: Monsoon demand - Soup; Significant demand spike - review forecast
July,2024,SKU0065,Butter 100g,Dairy,Dairy,491,15.8,43699.0,-6.8,Regular consumer demand,Normal Trading,Adequate inventory maintained,Stable,None,No Monsoon relevance,None,7% avg weekend uplift,0,0,Seasonal factor: No Monsoon relevance
July,2024,SKU0285,Steel Plates Set 6pcs,Household,Kitchenware,144,4.6,89136.0,-7.1,Regular consumer demand,Normal Trading,Adequate inventory maintained,Stable,None,No Monsoon relevance,None,1% avg weekend uplift,0,0,Seasonal factor: No Monsoon relevance; Niche product - irregular demand pattern
July,2024,SKU0155,Pineapple Per Piece,Fruits & Vegetables,Fruits,465,15.0,33480.0,0.0,Regular consumer demand,Normal Trading,Adequate inventory maintained,Stable,None,No Monsoon relevance,None,9% avg weekend uplift,0,0,Seasonal factor: No Monsoon relevance
July,2024,SKU0292,Fruit Basket Combo,Fruits & Vegetables,Fruits,504,16.3,211176.0,8.4,Regular consumer demand,Normal Trading,Low stock impact - 30 units missed opportunity,Stable,None,No Monsoon relevance,None,9% avg weekend uplift,0,30,Seasonal factor: No Monsoon relevance
July,2024,SKU0265,Laundry Liquid 1L,Household,Laundry,697,22.5,159613.0,7.1,Regular consumer demand,Normal Trading,Adequate inventory maintained,Stable,None,No Monsoon relevance,None,3% avg weekend uplift,0,0,Seasonal factor: No Monsoon relevance
July,2024,SKU0173,Room Freshener 240ml,Household,Air Freshener,227,7.3,36093.0,-8.5,Regular consumer demand,Normal Trading,Low stock impact - 25 units missed opportunity,Stable,None,No Monsoon relevance,None,1% avg weekend uplift,0,25,Seasonal factor: No Monsoon relevance; Niche product - irregular demand pattern
July,2024,SKU0151,Betel Leaves 1 Pack,Fruits & Vegetables,Leaves,412,13.3,17304.0,10.8,Regular consumer demand,Normal Trading,Adequate inventory maintained,Stable,None,No Monsoon relevance,None,9% avg weekend uplift,0,0,Seasonal factor: No Monsoon relevance
July,2024,SKU0063,Fresh Milk 500ml,Dairy,Milk,1514,48.8,39364.0,19.1,Regular consumer demand,Normal Trading,Adequate inventory maintained,Stable,None,No Monsoon relevance,None,7% avg weekend uplift,0,0,Seasonal factor: No Monsoon relevance
July,2024,SKU0240,Herbal Shampoo 400ml,Personal Care,Hair Care,532,17.2,121828.0,0.9,Regular consumer demand,Normal Trading,Adequate inventory maintained,Stable,None,No Monsoon relevance,None,6% avg weekend uplift,0,0,Seasonal factor: No Monsoon relevance
July,2024,SKU0224,Towels Bath Size,Lifestyle,Bedding,862,27.8,283598.0,15.9,Regular consumer demand,Normal Trading,Adequate inventory maintained,Stable,None,No Monsoon relevance,None,7% avg weekend uplift,0,0,Seasonal factor: No Monsoon relevance
July,2024,SKU0082,Tea Powder 1kg,Beverages,Tea,751,24.2,209529.0,27.5,Monsoon demand - Tea,Seasonal - Monsoon,Adequate inventory maintained,Moderate Increase,None,Monsoon demand - Tea,None,12% avg weekend uplift,0,0,Seasonal factor: Monsoon demand - Tea
July,2024,SKU0158,Beetroot 1kg,Fruits & Vegetables,Vegetables,693,22.4,29106.0,-2.8,Regular consumer demand,Normal Trading,Adequate inventory maintained,Stable,None,No Monsoon relevance,None,9% avg weekend uplift,0,0,Seasonal factor: No Monsoon relevance
July,2024,SKU0296,Puja Flowers Combo,Fruits & Vegetables,Flowers,217,7.0,58373.0,-12.5,Regular consumer demand,Normal Trading,Low stock impact - 16 units missed opportunity,Moderate Decline,None,No Monsoon relevance,None,9% avg weekend uplift,0,16,Seasonal factor: No Monsoon relevance
July,2024,SKU0165,Floor Cleaner 1L,Household,Cleaning,760,24.5,128440.0,-18.3,Regular consumer demand,Normal Trading,Low stock impact - 84 units missed opportunity,Moderate Decline,None,No Monsoon relevance,None,3% avg weekend uplift,0,84,Seasonal factor: No Monsoon relevance
July,2024,SKU0118,Protein Chips 100g,Snacks,Health Snacks,138,4.5,19182.0,-11.0,Regular consumer demand,Normal Trading,Stockout for 5 days - lost 16 units,Moderate Decline,None,No Monsoon relevance,None,5% avg weekend uplift,5,16,Seasonal factor: No Monsoon relevance; Inventory issue: Stockout for 5 days - lost 16 units; Niche product - irregular demand pattern
July,2024,SKU0136,Frozen Pizza 300g,Frozen Foods,Frozen Foods,210,6.8,35490.0,12.9,Regular consumer demand,Normal Trading,Adequate inventory maintained,Stable,None,No Monsoon relevance,None,4% avg weekend uplift,0,0,Seasonal factor: No Monsoon relevance; Niche product - irregular demand pattern
July,2024,SKU0283,Pressure Pan 3L,Household,Cookware,198,6.4,158202.0,-8.8,Regular consumer demand,Normal Trading,Adequate inventory maintained,Stable,None,No Monsoon relevance,None,1% avg weekend uplift,0,0,Seasonal factor: No Monsoon relevance; Niche product - irregular demand pattern
July,2024,SKU0058,Tomato Ketchup 1kg,Grocery,Condiments,533,17.2,74087.0,1.1,Regular consumer demand,Normal Trading,Adequate inventory maintained,Stable,None,No Monsoon relevance,None,4% avg weekend uplift,0,0,Seasonal factor: No Monsoon relevance
July,2024,SKU0267,Face Cream 200ml,Personal Care,Skin Care,985,31.8,225565.0,9.6,Regular consumer demand,Normal Trading,Adequate inventory maintained,Stable,None,No Monsoon relevance,None,6% avg weekend uplift,0,0,Seasonal factor: No Monsoon relevance
July,2024,SKU0061,Fresh Milk 1L,Dairy,Milk,1135,36.6,59020.0,14.4,Regular consumer demand,Normal Trading,Adequate inventory maintained,Stable,None,No Monsoon relevance,None,7% avg weekend uplift,0,0,Seasonal factor: No Monsoon relevance
July,2024,SKU0080,Chocolate Milk 180ml,Dairy,Beverages,939,30.3,39438.0,16.5,Regular consumer demand,Normal Trading,Adequate inventory maintained,Stable,None,No Monsoon relevance,None,7% avg weekend uplift,0,0,Seasonal factor: No Monsoon relevance
July,2024,SKU0207,LED Bulb 9W,Electronics,Lighting,824,26.6,114536.0,-1.6,Regular consumer demand,Normal Trading,Adequate inventory maintained,Stable,None,No Monsoon relevance,None,6% avg weekend uplift,0,0,Seasonal factor: No Monsoon relevance
July,2024,SKU0195,Baby Diapers 42pcs,Personal Care,Baby Care,890,28.7,711110.0,6.3,Regular consumer demand,Normal Trading,Adequate inventory maintained,Stable,None,No Monsoon relevance,None,6% avg weekend uplift,0,0,Seasonal factor: No Monsoon relevance
August,2024,SKU0264,Air Freshener Spray 300ml,Household,Air Freshener,85,2.7,13515.0,-8.6,Regular consumer demand,Normal Trading,Adequate inventory maintained,Stable,None,No Monsoon relevance,None,1% avg weekend uplift,0,0,Seasonal factor: No Monsoon relevance; Niche product - irregular demand pattern
August,2024,SKU0176,Water Bottle 1L,Household,Kitchenware,722,23.3,165338.0,-10.4,Regular consumer demand,Normal Trading,Adequate inventory maintained,Moderate Decline,None,No Monsoon relevance,None,3% avg weekend uplift,0,0,Seasonal factor: No Monsoon relevance
August,2024,SKU0060,Black Channa 1kg,Grocery,Pulses,622,20.1,61578.0,18.0,Regular consumer demand,Normal Trading,Adequate inventory maintained,Stable,None,No Monsoon relevance,None,4% avg weekend uplift,0,0,Seasonal factor: No Monsoon relevance
August,2024,SKU0094,Energy Drink 250ml,Beverages,Beverages,229,7.4,31831.0,-7.7,Regular consumer demand,Normal Trading,Adequate inventory maintained,Stable,None,No Monsoon relevance,None,3% avg weekend uplift,0,0,Seasonal factor: No Monsoon relevance; Niche product - irregular demand pattern
August,2024,SKU0097,Green Tea 100g,Beverages,Tea,160,5.2,27040.0,29.0,Monsoon demand - Tea,Seasonal - Monsoon,Low stock impact - 14 units missed opportunity,Moderate Increase,None,Monsoon demand - Tea,None,3% avg weekend uplift,0,14,Seasonal factor: Monsoon demand - Tea; Niche product - irregular demand pattern
August,2024,SKU0062,Fresh Milk 1L,Dairy,Milk,1181,38.1,60231.0,3.0,Regular consumer demand,Normal Trading,Adequate inventory maintained,Stable,None,No Monsoon relevance,None,7% avg weekend uplift,0,0,Seasonal factor: No Monsoon relevance
August,2024,SKU0138,Tomato 1kg,Fruits & Vegetables,Vegetables,955,30.8,40110.0,2.7,Regular consumer demand,Normal Trading,Adequate inventory maintained,Stable,None,No Monsoon relevance,None,9% avg weekend uplift,0,0,Seasonal factor: No Monsoon relevance
August,2024,SKU0139,Onion 1kg,Fruits & Vegetables,Vegetables,871,28.1,27872.0,-6.3,Regular consumer demand,Normal Trading,Adequate inventory maintained,Stable,None,No Monsoon relevance,None,9% avg weekend uplift,0,0,Seasonal factor: No Monsoon relevance
August,2024,SKU0294,Men's Kurta Set XL,Lifestyle,Clothing,416,13.4,873184.0,3.2,Regular consumer demand,Normal Trading,Adequate inventory maintained,Stable,None,No Monsoon relevance,None,7% avg weekend uplift,0,0,Seasonal factor: No Monsoon relevance
August,2024,SKU0123,Muffins 2pcs,Bakery,Bakery,148,4.8,11692.0,-4.5,Regular consumer demand,Normal Trading,Adequate inventory maintained,Stable,None,No Monsoon relevance,None,3% avg weekend uplift,0,0,Seasonal factor: No Monsoon relevance; Niche product - irregular demand pattern
August,2024,SKU0178,Pooja Plate Set,Household,Religious,289,9.3,77741.0,3.6,Regular consumer demand,Normal Trading,Adequate inventory maintained,Stable,None,No Monsoon relevance,None,3% avg weekend uplift,0,0,Seasonal factor: No Monsoon relevance
August,2024,SKU0206,Gift Wrap Paper 5 sheets,Stationery,Gift Wrap,476,15.4,29512.0,18.1,Regular consumer demand,Normal Trading,Adequate inventory maintained,Stable,None,No Monsoon relevance,None,3% avg weekend uplift,0,0,Seasonal factor: No Monsoon relevance
August,2024,SKU0021,Sugar 1kg,Grocery,Sweeteners,718,23.2,30156.0,5.3,Regular consumer demand,Normal Trading,Adequate inventory maintained,Stable,None,No Monsoon relevance,None,4% avg weekend uplift,0,0,Seasonal factor: No Monsoon relevance
August,2024,SKU0132,Frozen Nuggets 500g,Frozen Foods,Frozen Foods,81,2.6,18549.0,-12.9,Regular consumer demand,Normal Trading,Low stock impact - 6 units missed opportunity,Moderate Decline,None,No Monsoon relevance,None,4% avg weekend uplift,0,6,Seasonal factor: No Monsoon relevance; Niche product - irregular demand pattern
August,2024,SKU0268,Lip Balm 10g,Personal Care,Lip Care,656,21.2,51824.0,5.8,Regular consumer demand,Normal Trading,Adequate inventory maintained,Stable,None,No Monsoon relevance,None,6% avg weekend uplift,0,0,Seasonal factor: No Monsoon relevance
August,2024,SKU0086,Health Drink 1kg,Beverages,Health Drinks,601,19.4,197729.0,7.7,Regular consumer demand,Normal Trading,Adequate inventory maintained,Stable,None,No Monsoon relevance,None,12% avg weekend uplift,0,0,Seasonal factor: No Monsoon relevance
August,2024,SKU0130,Frozen Parotta 400g,Frozen Foods,Frozen Foods,953,30.7,59086.0,13.9,Regular consumer demand,Normal Trading,Low stock impact - 49 units missed opportunity,Stable,None,No Monsoon relevance,None,15% avg weekend uplift,0,49,Seasonal factor: No Monsoon relevance
August,2024,SKU0081,Tea Powder 1kg,Beverages,Tea,1240,40.0,333560.0,66.7,Monsoon demand - Tea,Seasonal - Monsoon,Adequate inventory maintained,Strong Increase,None,Monsoon demand - Tea,None,12% avg weekend uplift,0,0,Seasonal factor: Monsoon demand - Tea; Significant demand spike - review forecast
August,2024,SKU0084,Instant Coffee 200g,Beverages,Coffee,682,22.0,115258.0,4.8,Regular consumer demand,Normal Trading,Adequate inventory maintained,Stable,None,No Monsoon relevance,None,12% avg weekend uplift,0,0,Seasonal factor: No Monsoon relevance
August,2024,SKU0246,Frozen Chapati 20pcs,Frozen Foods,Frozen Foods,564,18.2,78396.0,13.7,Regular consumer demand,Normal Trading,Adequate inventory maintained,Stable,None,No Monsoon relevance,None,15% avg weekend uplift,0,0,Seasonal factor: No Monsoon relevance
August,2024,SKU0291,Christmas Chocolates 24pcs,Snacks,Chocolates,499,16.1,698101.0,15.0,Regular consumer demand,Normal Trading,Adequate inventory maintained,Stable,None,No Monsoon relevance,None,17% avg weekend uplift,0,0,Seasonal factor: No Monsoon relevance
August,2024,SKU0026,Coriander Powder 200g,Grocery,Spices,682,22.0,35464.0,0.0,Regular consumer demand,Normal Trading,Low stock impact - 28 units missed opportunity,Stable,None,No Monsoon relevance,None,4% avg weekend uplift,0,28,Seasonal factor: No Monsoon relevance
August,2024,SKU0036,Vermicelli 500g,Grocery,Pasta,598,19.3,43056.0,7.2,Regular consumer demand,Normal Trading,Adequate inventory maintained,Stable,None,No Monsoon relevance,None,4% avg weekend uplift,0,0,Seasonal factor: No Monsoon relevance
August,2024,SKU0077,Lassi 200ml,Dairy,Beverages,580,18.7,18560.0,-6.5,Regular consumer demand,Normal Trading,Adequate inventory maintained,Stable,None,No Monsoon relevance,None,7% avg weekend uplift,0,0,Seasonal factor: No Monsoon relevance
August,2024,SKU0150,Sugarcane Per Stick,Fruits & Vegetables,Fruits,715,23.1,16445.0,15.3,Regular consumer demand,Normal Trading,Adequate inventory maintained,Stable,None,No Monsoon relevance,None,9% avg weekend uplift,0,0,Seasonal factor: No Monsoon relevance
August,2024,SKU0210,Earphones Wired,Electronics,Electronics,138,4.5,57822.0,11.3,Regular consumer demand,Normal Trading,Adequate inventory maintained,Stable,None,No Monsoon relevance,None,2% avg weekend uplift,0,0,Seasonal factor: No Monsoon relevance; Niche product - irregular demand pattern
August,2024,SKU0119,Bread Loaf 400g,Bakery,Bakery,969,31.3,40698.0,-5.3,Regular consumer demand,Normal Trading,Low stock impact - 98 units missed opportunity,Stable,None,No Monsoon relevance,None,10% avg weekend uplift,0,98,Seasonal factor: No Monsoon relevance
August,2024,SKU0161,Diya Lamps 10pcs,Household,Religious,442,14.3,61438.0,9.7,Regular consumer demand,Normal Trading,Adequate inventory maintained,Stable,None,No Monsoon relevance,None,3% avg weekend uplift,0,0,Seasonal factor: No Monsoon relevance
August,2024,SKU0261,Cheese Balls 150g,Snacks,Snacks,223,7.2,26537.0,2.8,Regular consumer demand,Normal Trading,Adequate inventory maintained,Stable,None,No Monsoon relevance,None,5% avg weekend uplift,0,0,Seasonal factor: No Monsoon relevance; Niche product - irregular demand pattern
August,2024,SKU0193,Shaving Razor 2pcs,Personal Care,Grooming,815,26.3,137735.0,-2.6,Regular consumer demand,Normal Trading,Adequate inventory maintained,Stable,None,No Monsoon relevance,None,6% avg weekend uplift,0,0,Seasonal factor: No Monsoon relevance
August,2024,SKU0011,Urad Dal 1kg,Grocery,Pulses,490,15.8,92610.0,-1.2,Regular consumer demand,Normal Trading,Adequate inventory maintained,Stable,None,No Monsoon relevance,None,4% avg weekend uplift,0,0,Seasonal factor: No Monsoon relevance
August,2024,SKU0052,Quinoa 500g,Grocery,Grains,230,7.4,61870.0,-7.3,Regular consumer demand,Normal Trading,Adequate inventory maintained,Stable,None,No Monsoon relevance,None,1% avg weekend uplift,0,0,Seasonal factor: No Monsoon relevance; Niche product - irregular demand pattern
August,2024,SKU0020,Jaggery 1kg,Grocery,Sweeteners,896,28.9,70784.0,3.2,Regular consumer demand,Normal Trading,Adequate inventory maintained,Stable,None,No Monsoon relevance,None,4% avg weekend uplift,0,0,Seasonal factor: No Monsoon relevance
August,2024,SKU0149,Coconut Per Piece,Fruits & Vegetables,Fruits,569,18.4,18208.0,14.7,Regular consumer demand,Normal Trading,Adequate inventory maintained,Stable,None,No Monsoon relevance,None,9% avg weekend uplift,0,0,Seasonal factor: No Monsoon relevance
August,2024,SKU0253,Dry Fruit Mix 1kg,Grocery,Nuts,470,15.2,375530.0,16.6,Regular consumer demand,Normal Trading,Adequate inventory maintained,Stable,None,No Monsoon relevance,None,4% avg weekend uplift,0,0,Seasonal factor: No Monsoon relevance
August,2024,SKU0031,Cashew Nuts 500g,Grocery,Nuts,320,10.3,127680.0,-6.2,Regular consumer demand,Normal Trading,Adequate inventory maintained,Stable,None,No Monsoon relevance,None,4% avg weekend uplift,0,0,Seasonal factor: No Monsoon relevance
August,2024,SKU0213,Mixer Grinder 750W,Electronics,Appliances,87,2.8,234813.0,-6.5,Regular consumer demand,Normal Trading,Adequate inventory maintained,Stable,None,No Monsoon relevance,None,2% avg weekend uplift,0,0,Seasonal factor: No Monsoon relevance; Niche product - irregular demand pattern
August,2024,SKU0245,Instant Upma Mix 500g,Grocery,Mixes,624,20.1,55536.0,-8.5,Regular consumer demand,Normal Trading,Low stock impact - 28 units missed opportunity,Stable,None,No Monsoon relevance,None,4% avg weekend uplift,0,28,Seasonal factor: No Monsoon relevance
August,2024,SKU0181,Bath Soap 150g,Personal Care,Bath Soaps,964,31.1,40488.0,19.6,Regular consumer demand,Normal Trading,Adequate inventory maintained,Stable,None,No Monsoon relevance,None,6% avg weekend uplift,0,0,Seasonal factor: No Monsoon relevance
August,2024,SKU0143,Garlic 250g,Fruits & Vegetables,Vegetables,603,19.5,31356.0,21.6,Regular consumer demand,Weekend/Demand Surge,Adequate inventory maintained,Moderate Increase,None,No Monsoon relevance,None,9% avg weekend uplift,0,0,Seasonal factor: No Monsoon relevance
August,2024,SKU0044,Cornflakes 500g,Grocery,Breakfast,576,18.6,91584.0,3.2,Regular consumer demand,Normal Trading,Adequate inventory maintained,Stable,None,No Monsoon relevance,None,4% avg weekend uplift,0,0,Seasonal factor: No Monsoon relevance
August,2024,SKU0290,Decorative Candles 6pcs,Household,Decorations,654,21.1,90906.0,5.5,Regular consumer demand,Normal Trading,Adequate inventory maintained,Stable,None,No Monsoon relevance,None,3% avg weekend uplift,0,0,Seasonal factor: No Monsoon relevance
August,2024,SKU0234,Bluetooth Speaker Portable,Electronics,Electronics,273,8.8,381927.0,10.1,Regular consumer demand,Normal Trading,Adequate inventory maintained,Stable,None,No Monsoon relevance,None,2% avg weekend uplift,0,0,Seasonal factor: No Monsoon relevance; Niche product - irregular demand pattern
August,2024,SKU0230,Pongal Pot Set,Household,Religious,571,18.4,262089.0,-3.1,Regular consumer demand,Normal Trading,Adequate inventory maintained,Stable,None,No Monsoon relevance,None,3% avg weekend uplift,0,0,Seasonal factor: No Monsoon relevance
August,2024,SKU0115,Salted Peanuts 200g,Snacks,Nuts,787,25.4,62173.0,5.8,Regular consumer demand,Normal Trading,Stockout for 2 days - lost 45 units,Stable,None,No Monsoon relevance,None,17% avg weekend uplift,2,45,Seasonal factor: No Monsoon relevance; Inventory issue: Stockout for 2 days - lost 45 units
August,2024,SKU0090,Mineral Water 1L,Beverages,Beverages,1138,36.7,21622.0,22.4,Regular consumer demand,Weekend/Demand Surge,Adequate inventory maintained,Moderate Increase,None,No Monsoon relevance,None,12% avg weekend uplift,0,0,Seasonal factor: No Monsoon relevance
August,2024,SKU0108,Chocolate Cookies 200g,Snacks,Biscuits,1210,39.0,95590.0,34.6,Regular consumer demand,Weekend/Demand Surge,Adequate inventory maintained,Moderate Increase,None,No Monsoon relevance,None,17% avg weekend uplift,0,0,Seasonal factor: No Monsoon relevance
August,2024,SKU0229,Santa Cap Free Size,Lifestyle,Clothing,559,18.0,77701.0,20.2,Regular consumer demand,Weekend/Demand Surge,Adequate inventory maintained,Moderate Increase,None,No Monsoon relevance,None,7% avg weekend uplift,0,0,Seasonal factor: No Monsoon relevance
August,2024,SKU0225,Plastic Chairs Single,Lifestyle,Furniture,253,8.2,156607.0,16.6,Regular consumer demand,Normal Trading,Adequate inventory maintained,Stable,None,No Monsoon relevance,None,2% avg weekend uplift,0,0,Seasonal factor: No Monsoon relevance; Niche product - irregular demand pattern
August,2024,SKU0259,Fresh Lime Soda 250ml,Beverages,Beverages,449,14.5,18858.0,-3.4,Regular consumer demand,Normal Trading,Adequate inventory maintained,Stable,None,No Monsoon relevance,None,12% avg weekend uplift,0,0,Seasonal factor: No Monsoon relevance
August,2024,SKU0059,Green Gram 1kg,Grocery,Pulses,455,14.7,40495.0,-8.3,Regular consumer demand,Normal Trading,Adequate inventory maintained,Stable,None,No Monsoon relevance,None,4% avg weekend uplift,0,0,Seasonal factor: No Monsoon relevance
August,2024,SKU0293,Silk Saree Combo Festival Pack,Lifestyle,Clothing,253,8.2,935847.0,2.0,Regular consumer demand,Normal Trading,Adequate inventory maintained,Stable,None,No Monsoon relevance,None,7% avg weekend uplift,0,0,Seasonal factor: No Monsoon relevance
August,2024,SKU0124,Birthday Cake 1kg,Bakery,Bakery,137,4.4,62883.0,10.5,Regular consumer demand,Normal Trading,Adequate inventory maintained,Stable,None,No Monsoon relevance,None,3% avg weekend uplift,0,0,Seasonal factor: No Monsoon relevance; Niche product - irregular demand pattern
August,2024,SKU0260,Sports Drink 250ml,Beverages,Beverages,492,15.9,25584.0,-0.8,Regular consumer demand,Normal Trading,Adequate inventory maintained,Stable,None,No Monsoon relevance,None,12% avg weekend uplift,0,0,Seasonal factor: No Monsoon relevance
August,2024,SKU0103,Murukku 250g,Snacks,Traditional Snacks,445,14.4,52955.0,10.4,Regular consumer demand,Normal Trading,Adequate inventory maintained,Stable,None,No Monsoon relevance,None,17% avg weekend uplift,0,0,Seasonal factor: No Monsoon relevance
August,2024,SKU0166,Detergent Powder 2kg,Household,Laundry,830,26.8,190070.0,3.0,Regular consumer demand,Normal Trading,Low stock impact - 31 units missed opportunity,Stable,None,No Monsoon relevance,None,3% avg weekend uplift,0,31,Seasonal factor: No Monsoon relevance
August,2024,SKU0164,Dishwash Liquid 750ml,Household,Cleaning,711,22.9,98829.0,14.7,Regular consumer demand,Normal Trading,Adequate inventory maintained,Stable,None,No Monsoon relevance,None,3% avg weekend uplift,0,0,Seasonal factor: No Monsoon relevance
August,2024,SKU0167,Detergent Powder 2kg,Household,Laundry,512,16.5,137728.0,10.1,Regular consumer demand,Normal Trading,Adequate inventory maintained,Stable,None,No Monsoon relevance,None,3% avg weekend uplift,0,0,Seasonal factor: No Monsoon relevance
August,2024,SKU0105,Banana Chips 250g,Snacks,Chips,815,26.3,72535.0,1.1,Regular consumer demand,Normal Trading,Adequate inventory maintained,Stable,None,No Monsoon relevance,None,17% avg weekend uplift,0,0,Seasonal factor: No Monsoon relevance
August,2024,SKU0035,Dates Premium 500g,Grocery,Nuts,453,14.6,121857.0,-2.6,Regular consumer demand,Normal Trading,Adequate inventory maintained,Stable,None,No Monsoon relevance,None,4% avg weekend uplift,0,0,Seasonal factor: No Monsoon relevance
August,2024,SKU0042,Pickle Jar 500g,Grocery,Condiments,703,22.7,83657.0,13.4,Regular consumer demand,Normal Trading,Adequate inventory maintained,Stable,None,No Monsoon relevance,None,4% avg weekend uplift,0,0,Seasonal factor: No Monsoon relevance
August,2024,SKU0095,Badam Milk 180ml,Beverages,Beverages,712,23.0,29904.0,14.8,Regular consumer demand,Normal Trading,Adequate inventory maintained,Stable,None,No Monsoon relevance,None,12% avg weekend uplift,0,0,Seasonal factor: No Monsoon relevance
August,2024,SKU0203,Pencil Box 10pcs,Stationery,Stationery,30,1.0,4170.0,-3.2,Regular consumer demand,Normal Trading,Stockout for 4 days - lost 2 units,Stable,None,No Monsoon relevance,None,1% avg weekend uplift,4,2,Seasonal factor: No Monsoon relevance; Inventory issue: Stockout for 4 days - lost 2 units
August,2024,SKU0111,Halwa Pack 500g,Snacks,Traditional Sweets,532,17.2,143108.0,7.3,Regular consumer demand,Normal Trading,Adequate inventory maintained,Stable,None,No Monsoon relevance,None,17% avg weekend uplift,0,0,Seasonal factor: No Monsoon relevance
August,2024,SKU0156,Cucumber 1kg,Fruits & Vegetables,Vegetables,967,31.2,30944.0,-8.3,Regular consumer demand,Normal Trading,Low stock impact - 80 units missed opportunity,Stable,None,No Monsoon relevance,None,9% avg weekend uplift,0,80,Seasonal factor: No Monsoon relevance
August,2024,SKU0023,Rock Salt 500g,Grocery,Salt,872,28.1,27904.0,-6.2,Regular consumer demand,Normal Trading,Adequate inventory maintained,Stable,None,No Monsoon relevance,None,4% avg weekend uplift,0,0,Seasonal factor: No Monsoon relevance
August,2024,SKU0002,Ponni Rice 10kg,Grocery,Rice,665,21.5,863835.0,12.9,Regular consumer demand,Normal Trading,Adequate inventory maintained,Stable,None,No Monsoon relevance,None,4% avg weekend uplift,0,0,Seasonal factor: No Monsoon relevance
August,2024,SKU0187,Toothpaste 150g,Personal Care,Oral Care,857,27.6,61704.0,10.6,Regular consumer demand,Normal Trading,Adequate inventory maintained,Stable,None,No Monsoon relevance,None,6% avg weekend uplift,0,0,Seasonal factor: No Monsoon relevance
August,2024,SKU0275,Kitchen Towels 2 Rolls,Household,Kitchenware,463,14.9,55097.0,-6.7,Regular consumer demand,Normal Trading,Adequate inventory maintained,Stable,None,No Monsoon relevance,None,3% avg weekend uplift,0,0,Seasonal factor: No Monsoon relevance
August,2024,SKU0192,Perfume Gift Set,Personal Care,Fragrances,441,14.2,352359.0,18.5,Regular consumer demand,Normal Trading,Adequate inventory maintained,Stable,None,No Monsoon relevance,None,6% avg weekend uplift,0,0,Seasonal factor: No Monsoon relevance
August,2024,SKU0008,Maida Flour 1kg,Grocery,Flour,910,29.4,38220.0,8.7,Regular consumer demand,Normal Trading,Adequate inventory maintained,Stable,None,No Monsoon relevance,None,4% avg weekend uplift,0,0,Seasonal factor: No Monsoon relevance
August,2024,SKU0239,Vitamin Supplements 30 tabs,Personal Care,Health,552,17.8,181608.0,18.7,Regular consumer demand,Normal Trading,Adequate inventory maintained,Stable,None,No Monsoon relevance,None,6% avg weekend uplift,0,0,Seasonal factor: No Monsoon relevance
August,2024,SKU0160,Camphor 100g,Household,Religious,250,8.1,22250.0,0.8,Regular consumer demand,Normal Trading,Adequate inventory maintained,Stable,None,No Monsoon relevance,None,3% avg weekend uplift,0,0,Seasonal factor: No Monsoon relevance
August,2024,SKU0298,Pongal Sugar Pack 2kg,Grocery,Sweeteners,484,15.6,81796.0,-2.4,Regular consumer demand,Normal Trading,Adequate inventory maintained,Stable,None,No Monsoon relevance,None,4% avg weekend uplift,0,0,Seasonal factor: No Monsoon relevance
August,2024,SKU0054,Honey 500g,Grocery,Sweeteners,511,16.5,81249.0,9.9,Regular consumer demand,Normal Trading,Stockout for 3 days - lost 40 units,Stable,None,No Monsoon relevance,None,4% avg weekend uplift,3,40,Seasonal factor: No Monsoon relevance; Inventory issue: Stockout for 3 days - lost 40 units
August,2024,SKU0263,Frozen Veg Burger Patty 400g,Frozen Foods,Frozen Foods,233,7.5,46367.0,-6.0,Regular consumer demand,Normal Trading,Adequate inventory maintained,Stable,None,No Monsoon relevance,None,4% avg weekend uplift,0,0,Seasonal factor: No Monsoon relevance; Niche product - irregular demand pattern
August,2024,SKU0019,Ghee 1L,Grocery,Ghee,891,28.7,462429.0,2.6,Regular consumer demand,Normal Trading,Stockout for 3 days - lost 55 units,Stable,None,No Monsoon relevance,None,4% avg weekend uplift,3,55,Seasonal factor: No Monsoon relevance; Inventory issue: Stockout for 3 days - lost 55 units
August,2024,SKU0070,Ice Cream Family Pack 1L,Dairy,Frozen,370,11.9,62530.0,19.4,Regular consumer demand,Normal Trading,Adequate inventory maintained,Stable,None,No Monsoon relevance,None,7% avg weekend uplift,0,0,Seasonal factor: No Monsoon relevance
August,2024,SKU0147,Watermelon Per Piece,Fruits & Vegetables,Fruits,640,20.6,39680.0,3.2,Regular consumer demand,Normal Trading,Adequate inventory maintained,Stable,None,No Monsoon relevance,None,9% avg weekend uplift,0,0,Seasonal factor: No Monsoon relevance
August,2024,SKU0286,Dry Fruit Gift Hamper Combo,Grocery,Gift Sets,285,9.2,341715.0,-8.1,Regular consumer demand,Normal Trading,Adequate inventory maintained,Stable,None,No Monsoon relevance,None,4% avg weekend uplift,0,0,Seasonal factor: No Monsoon relevance
August,2024,SKU0047,Biryani Masala 100g,Grocery,Spices,387,12.5,16254.0,13.5,Regular consumer demand,Normal Trading,Adequate inventory maintained,Stable,None,No Monsoon relevance,None,4% avg weekend uplift,0,0,Seasonal factor: No Monsoon relevance
August,2024,SKU0182,Bath Soap 125g,Personal Care,Bath Soaps,726,23.4,45012.0,-9.9,Regular consumer demand,Normal Trading,Adequate inventory maintained,Stable,None,No Monsoon relevance,None,6% avg weekend uplift,0,0,Seasonal factor: No Monsoon relevance
August,2024,SKU0183,Shampoo Sachet 6ml,Personal Care,Hair Care,638,20.6,3190.0,8.3,Regular consumer demand,Normal Trading,Adequate inventory maintained,Stable,None,No Monsoon relevance,None,6% avg weekend uplift,0,0,Seasonal factor: No Monsoon relevance
August,2024,SKU0069,Flavored Yogurt 90g,Dairy,Dairy,141,4.5,5922.0,-9.0,Regular consumer demand,Normal Trading,Adequate inventory maintained,Stable,None,No Monsoon relevance,None,2% avg weekend uplift,0,0,Seasonal factor: No Monsoon relevance; Niche product - irregular demand pattern
August,2024,SKU0007,Wheat Flour Atta 5kg,Grocery,Atta,431,13.9,128869.0,-7.3,Regular consumer demand,Normal Trading,Adequate inventory maintained,Stable,None,No Monsoon relevance,None,4% avg weekend uplift,0,0,Seasonal factor: No Monsoon relevance
August,2024,SKU0276,Match Box 10pcs,Household,Household,787,25.4,18101.0,-12.5,Regular consumer demand,Normal Trading,Low stock impact - 71 units missed opportunity,Moderate Decline,None,No Monsoon relevance,None,3% avg weekend uplift,0,71,Seasonal factor: No Monsoon relevance
August,2024,SKU0096,Fruit Syrup 750ml,Beverages,Syrups,668,21.5,106212.0,26.8,Regular consumer demand,Weekend/Demand Surge,Adequate inventory maintained,Moderate Increase,None,No Monsoon relevance,None,12% avg weekend uplift,0,0,Seasonal factor: No Monsoon relevance
August,2024,SKU0079,Probiotic Drink 5pcs,Dairy,Beverages,153,4.9,18207.0,-1.3,Regular consumer demand,Normal Trading,Adequate inventory maintained,Stable,None,No Monsoon relevance,None,2% avg weekend uplift,0,0,Seasonal factor: No Monsoon relevance; Niche product - irregular demand pattern
August,2024,SKU0078,Dairy Whitener 400g,Dairy,Dairy,677,21.8,94103.0,14.9,Regular consumer demand,Normal Trading,Adequate inventory maintained,Stable,None,No Monsoon relevance,None,7% avg weekend uplift,0,0,Seasonal factor: No Monsoon relevance
August,2024,SKU0116,Namkeen Mix 400g,Snacks,Traditional Snacks,655,21.1,91045.0,11.2,Regular consumer demand,Normal Trading,Adequate inventory maintained,Stable,None,No Monsoon relevance,None,17% avg weekend uplift,0,0,Seasonal factor: No Monsoon relevance
August,2024,SKU0281,Mosquito Bat Rechargeable,Household,Pest Control,896,28.9,294784.0,11.2,Regular consumer demand,Normal Trading,Adequate inventory maintained,Stable,None,No Monsoon relevance,None,3% avg weekend uplift,0,0,Seasonal factor: No Monsoon relevance
August,2024,SKU0226,Saree Gift Pack Silk Blend,Lifestyle,Clothing,544,17.5,1468256.0,3.2,Regular consumer demand,Normal Trading,Adequate inventory maintained,Stable,None,No Monsoon relevance,None,7% avg weekend uplift,0,0,Seasonal factor: No Monsoon relevance
August,2024,SKU0238,Face Mask Pack 3pcs,Personal Care,Beauty,260,8.4,59540.0,4.8,Regular consumer demand,Normal Trading,Low stock impact - 20 units missed opportunity,Stable,None,No Monsoon relevance,None,2% avg weekend uplift,0,20,Seasonal factor: No Monsoon relevance; Niche product - irregular demand pattern
August,2024,SKU0299,Ramadan Combo Kit,Grocery,Gift Sets,437,14.1,349163.0,17.5,Regular consumer demand,Normal Trading,Adequate inventory maintained,Stable,None,No Monsoon relevance,None,4% avg weekend uplift,0,0,Seasonal factor: No Monsoon relevance
August,2024,SKU0050,Sugar Candy 250g,Grocery,Sweeteners,292,9.4,21024.0,-5.8,Regular consumer demand,Normal Trading,Adequate inventory maintained,Stable,None,No Monsoon relevance,None,4% avg weekend uplift,0,0,Seasonal factor: No Monsoon relevance
August,2024,SKU0128,Donuts 2pcs,Bakery,Bakery,190,6.1,22610.0,2.2,Regular consumer demand,Normal Trading,Low stock impact - 8 units missed opportunity,Stable,None,No Monsoon relevance,None,3% avg weekend uplift,0,8,Seasonal factor: No Monsoon relevance; Niche product - irregular demand pattern
August,2024,SKU0272,Lunch Box Medium,Household,Kitchenware,520,16.8,139880.0,-11.7,Regular consumer demand,Normal Trading,Low stock impact - 37 units missed opportunity,Moderate Decline,None,No Monsoon relevance,None,3% avg weekend uplift,0,37,Seasonal factor: No Monsoon relevance
August,2024,SKU0244,Green Peas Masala 200g,Grocery,Mixes,250,8.1,19750.0,15.2,Regular consumer demand,Normal Trading,Adequate inventory maintained,Stable,None,No Monsoon relevance,None,1% avg weekend uplift,0,0,Seasonal factor: No Monsoon relevance; Niche product - irregular demand pattern
August,2024,SKU0014,Groundnut Oil 1L,Grocery,Oil,496,16.0,63984.0,-11.1,Regular consumer demand,Normal Trading,Stockout for 4 days - lost 54 units,Moderate Decline,None,No Monsoon relevance,None,4% avg weekend uplift,4,54,Seasonal factor: No Monsoon relevance; Inventory issue: Stockout for 4 days - lost 54 units
August,2024,SKU0106,Popcorn 100g,Snacks,Chips,988,31.9,41496.0,18.0,Regular consumer demand,Normal Trading,Adequate inventory maintained,Stable,None,No Monsoon relevance,None,17% avg weekend uplift,0,0,Seasonal factor: No Monsoon relevance
August,2024,SKU0013,Chana Dal 1kg,Grocery,Pulses,481,15.5,76479.0,-8.7,Regular consumer demand,Normal Trading,Adequate inventory maintained,Stable,None,No Monsoon relevance,None,4% avg weekend uplift,0,0,Seasonal factor: No Monsoon relevance
August,2024,SKU0029,Pepper Powder 100g,Grocery,Spices,830,26.8,98770.0,3.0,Regular consumer demand,Normal Trading,Adequate inventory maintained,Stable,None,No Monsoon relevance,None,4% avg weekend uplift,0,0,Seasonal factor: No Monsoon relevance
August,2024,SKU0218,Umbrella Large,Lifestyle,Rainwear,939,30.3,308931.0,175.4,Monsoon demand - Umbrella,Seasonal - Monsoon,Adequate inventory maintained,Strong Increase,None,Monsoon demand - Umbrella,None,7% avg weekend uplift,0,0,Seasonal factor: Monsoon demand - Umbrella; Significant demand spike - review forecast
August,2024,SKU0287,Festival Sweet Combo 2kg,Snacks,Traditional Sweets,416,13.4,332384.0,11.8,Regular consumer demand,Normal Trading,Adequate inventory maintained,Stable,None,No Monsoon relevance,None,17% avg weekend uplift,0,0,Seasonal factor: No Monsoon relevance
August,2024,SKU0037,Aval / Poha 1kg,Grocery,Breakfast,913,29.5,56606.0,17.8,Regular consumer demand,Normal Trading,Adequate inventory maintained,Stable,None,No Monsoon relevance,None,4% avg weekend uplift,0,0,Seasonal factor: No Monsoon relevance
August,2024,SKU0127,Plum Cake 500g,Bakery,Bakery,569,18.4,153061.0,-3.4,Regular consumer demand,Normal Trading,Low stock impact - 39 units missed opportunity,Stable,None,No Monsoon relevance,None,10% avg weekend uplift,0,39,Seasonal factor: No Monsoon relevance
August,2024,SKU0198,Baby Powder 200g,Personal Care,Baby Care,695,22.4,96605.0,12.1,Regular consumer demand,Normal Trading,Adequate inventory maintained,Stable,None,No Monsoon relevance,None,6% avg weekend uplift,0,0,Seasonal factor: No Monsoon relevance
August,2024,SKU0028,Rasam Powder 200g,Grocery,Spices,822,26.5,59184.0,2.0,Regular consumer demand,Normal Trading,Adequate inventory maintained,Stable,None,No Monsoon relevance,None,4% avg weekend uplift,0,0,Seasonal factor: No Monsoon relevance
August,2024,SKU0121,Burger Buns 4pcs,Bakery,Bakery,746,24.1,23872.0,14.6,Regular consumer demand,Normal Trading,Adequate inventory maintained,Stable,None,No Monsoon relevance,None,10% avg weekend uplift,0,0,Seasonal factor: No Monsoon relevance
August,2024,SKU0269,Hair Gel 100ml,Personal Care,Hair Care,105,3.4,14595.0,12.9,Regular consumer demand,Normal Trading,Adequate inventory maintained,Stable,None,No Monsoon relevance,None,2% avg weekend uplift,0,0,Seasonal factor: No Monsoon relevance; Niche product - irregular demand pattern
August,2024,SKU0284,Coconut Scraper Manual,Household,Kitchenware,147,4.7,39543.0,-5.2,Regular consumer demand,Normal Trading,Adequate inventory maintained,Stable,None,No Monsoon relevance,None,1% avg weekend uplift,0,0,Seasonal factor: No Monsoon relevance; Niche product - irregular demand pattern
August,2024,SKU0135,Ice Cubes 1kg,Frozen Foods,Frozen Foods,609,19.6,25578.0,-1.8,Regular consumer demand,Normal Trading,Adequate inventory maintained,Stable,None,No Monsoon relevance,None,15% avg weekend uplift,0,0,Seasonal factor: No Monsoon relevance
August,2024,SKU0243,Instant Soup 3 Pack,Grocery,Instant Foods,802,25.9,111478.0,61.7,Monsoon demand - Soup,Seasonal - Monsoon,Low stock impact - 49 units missed opportunity,Strong Increase,None,Monsoon demand - Soup,None,4% avg weekend uplift,0,49,Seasonal factor: Monsoon demand - Soup; Significant demand spike - review forecast
August,2024,SKU0040,Tamarind 500g,Grocery,Spices,923,29.8,82147.0,19.1,Regular consumer demand,Normal Trading,Adequate inventory maintained,Stable,None,No Monsoon relevance,None,4% avg weekend uplift,0,0,Seasonal factor: No Monsoon relevance
August,2024,SKU0258,Instant Coffee Sachet 10pcs,Beverages,Coffee,776,25.0,48112.0,4.3,Regular consumer demand,Normal Trading,Adequate inventory maintained,Stable,None,No Monsoon relevance,None,12% avg weekend uplift,0,0,Seasonal factor: No Monsoon relevance
August,2024,SKU0242,Salt Biscuits 300g,Snacks,Biscuits,885,28.5,54870.0,24.1,Regular consumer demand,Weekend/Demand Surge,Adequate inventory maintained,Moderate Increase,None,No Monsoon relevance,None,17% avg weekend uplift,0,0,Seasonal factor: No Monsoon relevance
August,2024,SKU0112,Sweet Box Assorted 1kg,Snacks,Traditional Sweets,630,20.3,289170.0,27.0,Regular consumer demand,Weekend/Demand Surge,Adequate inventory maintained,Moderate Increase,None,No Monsoon relevance,None,17% avg weekend uplift,0,0,Seasonal factor: No Monsoon relevance
August,2024,SKU0211,USB Cable 1m,Electronics,Electronics,260,8.4,59540.0,4.8,Regular consumer demand,Normal Trading,Adequate inventory maintained,Stable,None,No Monsoon relevance,None,2% avg weekend uplift,0,0,Seasonal factor: No Monsoon relevance; Niche product - irregular demand pattern
August,2024,SKU0273,Vacuum Flask 1L,Household,Kitchenware,183,5.9,76677.0,-1.6,Regular consumer demand,Normal Trading,Adequate inventory maintained,Stable,None,No Monsoon relevance,None,1% avg weekend uplift,0,0,Seasonal factor: No Monsoon relevance; Niche product - irregular demand pattern
August,2024,SKU0274,Plastic Storage Container Set,Household,Kitchenware,107,3.5,85493.0,15.1,Regular consumer demand,Normal Trading,Adequate inventory maintained,Stable,None,No Monsoon relevance,None,1% avg weekend uplift,0,0,Seasonal factor: No Monsoon relevance; Niche product - irregular demand pattern
August,2024,SKU0093,Tender Coconut Water 250ml,Beverages,Beverages,174,5.6,7308.0,-6.5,Regular consumer demand,Normal Trading,Adequate inventory maintained,Stable,None,No Monsoon relevance,None,3% avg weekend uplift,0,0,Seasonal factor: No Monsoon relevance; Niche product - irregular demand pattern
August,2024,SKU0120,Bread Loaf 400g,Bakery,Bakery,1084,35.0,42276.0,16.6,Regular consumer demand,Normal Trading,Adequate inventory maintained,Stable,None,No Monsoon relevance,None,10% avg weekend uplift,0,0,Seasonal factor: No Monsoon relevance
August,2024,SKU0228,Christmas Tree Decor Combo,Household,Decorations,509,16.4,406691.0,2.6,Regular consumer demand,Normal Trading,Adequate inventory maintained,Stable,None,No Monsoon relevance,None,3% avg weekend uplift,0,0,Seasonal factor: No Monsoon relevance
August,2024,SKU0233,Drinking Water Can 20L,Beverages,Beverages,935,30.2,73865.0,20.6,Regular consumer demand,Weekend/Demand Surge,Adequate inventory maintained,Moderate Increase,None,No Monsoon relevance,None,12% avg weekend uplift,0,0,Seasonal factor: No Monsoon relevance
August,2024,SKU0185,Hair Oil 500ml,Personal Care,Hair Care,905,29.2,125795.0,8.1,Regular consumer demand,Normal Trading,Adequate inventory maintained,Stable,None,No Monsoon relevance,None,6% avg weekend uplift,0,0,Seasonal factor: No Monsoon relevance
August,2024,SKU0016,Gingelly Oil 1L,Grocery,Oil,833,26.9,149107.0,12.0,Regular consumer demand,Normal Trading,Adequate inventory maintained,Stable,None,No Monsoon relevance,None,4% avg weekend uplift,0,0,Seasonal factor: No Monsoon relevance
August,2024,SKU0110,Dry Fruit Laddu Box 500g,Snacks,Traditional Sweets,456,14.7,168264.0,33.7,Regular consumer demand,Weekend/Demand Surge,Adequate inventory maintained,Moderate Increase,None,No Monsoon relevance,None,17% avg weekend uplift,0,0,Seasonal factor: No Monsoon relevance
August,2024,SKU0022,Salt 1kg,Grocery,Salt,893,28.8,23218.0,-0.7,Regular consumer demand,Normal Trading,Adequate inventory maintained,Stable,None,No Monsoon relevance,None,4% avg weekend uplift,0,0,Seasonal factor: No Monsoon relevance
August,2024,SKU0153,Orange 1kg,Fruits & Vegetables,Fruits,486,15.7,43254.0,4.5,Regular consumer demand,Normal Trading,Adequate inventory maintained,Stable,None,No Monsoon relevance,None,9% avg weekend uplift,0,0,Seasonal factor: No Monsoon relevance
August,2024,SKU0017,Coconut Oil 1L,Grocery,Oil,816,26.3,113424.0,5.3,Regular consumer demand,Normal Trading,Low stock impact - 89 units missed opportunity,Stable,None,No Monsoon relevance,None,4% avg weekend uplift,0,89,Seasonal factor: No Monsoon relevance
August,2024,SKU0278,LED Lantern Rechargeable,Electronics,Lighting,331,10.7,138689.0,-2.9,Regular consumer demand,Normal Trading,Adequate inventory maintained,Stable,None,No Monsoon relevance,None,6% avg weekend uplift,0,0,Seasonal factor: No Monsoon relevance
August,2024,SKU0179,Banana Leaf Pack 10pcs,Grocery,Religious,325,10.5,25675.0,-4.7,Regular consumer demand,Normal Trading,Adequate inventory maintained,Stable,None,No Monsoon relevance,None,4% avg weekend uplift,0,0,Seasonal factor: No Monsoon relevance
August,2024,SKU0083,Filter Coffee Powder 500g,Beverages,Coffee,519,16.7,118851.0,-1.5,Regular consumer demand,Normal Trading,Adequate inventory maintained,Stable,None,No Monsoon relevance,None,12% avg weekend uplift,0,0,Seasonal factor: No Monsoon relevance
August,2024,SKU0237,Hair Dryer 1200W,Electronics,Electronics,137,4.4,164263.0,10.5,Regular consumer demand,Normal Trading,Adequate inventory maintained,Stable,None,No Monsoon relevance,None,2% avg weekend uplift,0,0,Seasonal factor: No Monsoon relevance; Niche product - irregular demand pattern
August,2024,SKU0256,Vermicelli Kheer Mix 200g,Grocery,Mixes,526,17.0,37872.0,6.0,Regular consumer demand,Normal Trading,Adequate inventory maintained,Stable,None,No Monsoon relevance,None,4% avg weekend uplift,0,0,Seasonal factor: No Monsoon relevance
August,2024,SKU0197,Baby Soap 100g,Personal Care,Baby Care,790,25.5,62410.0,1.9,Regular consumer demand,Normal Trading,Adequate inventory maintained,Stable,None,No Monsoon relevance,None,6% avg weekend uplift,0,0,Seasonal factor: No Monsoon relevance
August,2024,SKU0262,Protein Shake 400g,Beverages,Health Drinks,86,2.8,36034.0,-7.5,Regular consumer demand,Normal Trading,Adequate inventory maintained,Stable,None,No Monsoon relevance,None,3% avg weekend uplift,0,0,Seasonal factor: No Monsoon relevance; Niche product - irregular demand pattern
August,2024,SKU0092,Rose Milk 200ml,Beverages,Beverages,166,5.4,5312.0,7.1,Regular consumer demand,Normal Trading,Low stock impact - 12 units missed opportunity,Stable,None,No Monsoon relevance,None,3% avg weekend uplift,0,12,Seasonal factor: No Monsoon relevance; Niche product - irregular demand pattern
August,2024,SKU0199,Hand Wash 750ml,Personal Care,Hygiene,505,16.3,85345.0,8.6,Regular consumer demand,Normal Trading,Low stock impact - 36 units missed opportunity,Stable,None,No Monsoon relevance,None,6% avg weekend uplift,0,36,Seasonal factor: No Monsoon relevance
August,2024,SKU0131,Frozen Fries 420g,Frozen Foods,Frozen Foods,567,18.3,78813.0,21.9,Regular consumer demand,Weekend/Demand Surge,Adequate inventory maintained,Moderate Increase,None,No Monsoon relevance,None,15% avg weekend uplift,0,0,Seasonal factor: No Monsoon relevance
August,2024,SKU0057,Pasta Sauce 300g,Grocery,Condiments,215,6.9,19135.0,15.6,Regular consumer demand,Normal Trading,Adequate inventory maintained,Stable,None,No Monsoon relevance,None,1% avg weekend uplift,0,0,Seasonal factor: No Monsoon relevance; Niche product - irregular demand pattern
August,2024,SKU0099,Cold Coffee 180ml,Beverages,Beverages,665,21.5,27930.0,12.9,Regular consumer demand,Normal Trading,Adequate inventory maintained,Stable,None,No Monsoon relevance,None,12% avg weekend uplift,0,0,Seasonal factor: No Monsoon relevance
August,2024,SKU0051,Organic Brown Rice 5kg,Grocery,Rice,88,2.8,40392.0,-5.4,Regular consumer demand,Normal Trading,Adequate inventory maintained,Stable,None,No Monsoon relevance,None,1% avg weekend uplift,0,0,Seasonal factor: No Monsoon relevance; Niche product - irregular demand pattern
August,2024,SKU0191,Deodorant Spray 150ml,Personal Care,Deodorants,699,22.5,160071.0,12.7,Regular consumer demand,Normal Trading,Adequate inventory maintained,Stable,None,No Monsoon relevance,None,6% avg weekend uplift,0,0,Seasonal factor: No Monsoon relevance
August,2024,SKU0254,Pista Cookies 400g,Snacks,Biscuits,323,10.4,73967.0,15.8,Regular consumer demand,Normal Trading,Adequate inventory maintained,Stable,None,No Monsoon relevance,None,17% avg weekend uplift,0,0,Seasonal factor: No Monsoon relevance
August,2024,SKU0205,Printer Paper 500 sheets,Stationery,Stationery,127,4.1,34163.0,2.4,Regular consumer demand,Normal Trading,Adequate inventory maintained,Stable,None,No Monsoon relevance,None,1% avg weekend uplift,0,0,Seasonal factor: No Monsoon relevance
August,2024,SKU0074,Greek Yogurt 400g,Dairy,Dairy,174,5.6,20706.0,12.3,Regular consumer demand,Normal Trading,Adequate inventory maintained,Stable,None,No Monsoon relevance,None,2% avg weekend uplift,0,0,Seasonal factor: No Monsoon relevance; Niche product - irregular demand pattern
August,2024,SKU0232,Disposable Plates & Cups 50pcs,Household,Party Supplies,586,18.9,134194.0,-0.5,Regular consumer demand,Normal Trading,Adequate inventory maintained,Stable,None,No Monsoon relevance,None,3% avg weekend uplift,0,0,Seasonal factor: No Monsoon relevance
August,2024,SKU0168,Fabric Conditioner 860ml,Household,Laundry,200,6.5,31800.0,7.5,Regular consumer demand,Normal Trading,Adequate inventory maintained,Stable,None,No Monsoon relevance,None,1% avg weekend uplift,0,0,Seasonal factor: No Monsoon relevance; Niche product - irregular demand pattern
August,2024,SKU0009,Rava / Sooji 1kg,Grocery,Flour,722,23.3,37544.0,-6.8,Regular consumer demand,Normal Trading,Adequate inventory maintained,Stable,None,No Monsoon relevance,None,4% avg weekend uplift,0,0,Seasonal factor: No Monsoon relevance
August,2024,SKU0046,Nutella Spread 350g,Grocery,Spreads,217,7.0,58373.0,0.0,Regular consumer demand,Normal Trading,Adequate inventory maintained,Stable,None,No Monsoon relevance,None,1% avg weekend uplift,0,0,Seasonal factor: No Monsoon relevance; Niche product - irregular demand pattern
August,2024,SKU0221,Bedsheet Queen Size,Lifestyle,Bedding,701,22.6,560099.0,2.8,Regular consumer demand,Normal Trading,Adequate inventory maintained,Stable,None,No Monsoon relevance,None,7% avg weekend uplift,0,0,Seasonal factor: No Monsoon relevance
August,2024,SKU0300,Diwali Gift Hamper,Grocery,Gift Sets,320,10.3,383680.0,14.7,Regular consumer demand,Normal Trading,Adequate inventory maintained,Stable,None,No Monsoon relevance,None,4% avg weekend uplift,0,0,Seasonal factor: No Monsoon relevance
August,2024,SKU0114,Nachos 150g,Snacks,Chips,92,3.0,8188.0,-1.1,Regular consumer demand,Normal Trading,Adequate inventory maintained,Stable,None,No Monsoon relevance,None,5% avg weekend uplift,0,0,Seasonal factor: No Monsoon relevance; Niche product - irregular demand pattern
August,2024,SKU0027,Sambar Powder 500g,Grocery,Spices,456,14.7,40584.0,-8.1,Regular consumer demand,Normal Trading,Adequate inventory maintained,Stable,None,No Monsoon relevance,None,4% avg weekend uplift,0,0,Seasonal factor: No Monsoon relevance
August,2024,SKU0236,Trimmer Rechargeable,Electronics,Electronics,233,7.5,186167.0,7.4,Regular consumer demand,Normal Trading,Low stock impact - 16 units missed opportunity,Stable,None,No Monsoon relevance,None,2% avg weekend uplift,0,16,Seasonal factor: No Monsoon relevance; Niche product - irregular demand pattern
August,2024,SKU0089,Soda Bottles 750ml,Beverages,Beverages,698,22.5,22336.0,-2.1,Regular consumer demand,Normal Trading,Adequate inventory maintained,Stable,None,No Monsoon relevance,None,12% avg weekend uplift,0,0,Seasonal factor: No Monsoon relevance
August,2024,SKU0145,Apple 1kg,Fruits & Vegetables,Fruits,508,16.4,85852.0,2.4,Regular consumer demand,Normal Trading,Adequate inventory maintained,Stable,None,No Monsoon relevance,None,9% avg weekend uplift,0,0,Seasonal factor: No Monsoon relevance
August,2024,SKU0202,Ball Pen Pack 10pcs,Stationery,Stationery,645,20.8,39990.0,4.0,Regular consumer demand,Normal Trading,Adequate inventory maintained,Stable,None,No Monsoon relevance,None,3% avg weekend uplift,0,0,Seasonal factor: No Monsoon relevance
August,2024,SKU0250,Coconut Cookies 200g,Snacks,Biscuits,569,18.4,40968.0,14.7,Regular consumer demand,Normal Trading,Adequate inventory maintained,Stable,None,No Monsoon relevance,None,17% avg weekend uplift,0,0,Seasonal factor: No Monsoon relevance
August,2024,SKU0172,Mosquito Refill 45ml,Household,Pest Control,709,22.9,98551.0,-4.7,Regular consumer demand,Normal Trading,Low stock impact - 32 units missed opportunity,Stable,None,No Monsoon relevance,None,3% avg weekend uplift,0,32,Seasonal factor: No Monsoon relevance
August,2024,SKU0034,Raisins 250g,Grocery,Nuts,390,12.6,65910.0,-10.1,Regular consumer demand,Normal Trading,Adequate inventory maintained,Moderate Decline,None,No Monsoon relevance,None,4% avg weekend uplift,0,0,Seasonal factor: No Monsoon relevance
August,2024,SKU0148,Mango 1kg,Fruits & Vegetables,Fruits,495,16.0,68805.0,-6.1,Regular consumer demand,Normal Trading,Adequate inventory maintained,Stable,None,No Monsoon relevance,None,9% avg weekend uplift,0,0,Seasonal factor: No Monsoon relevance
August,2024,SKU0157,Carrot 1kg,Fruits & Vegetables,Vegetables,1055,34.0,54860.0,21.5,Regular consumer demand,Weekend/Demand Surge,Adequate inventory maintained,Moderate Increase,None,No Monsoon relevance,None,9% avg weekend uplift,0,0,Seasonal factor: No Monsoon relevance
August,2024,SKU0107,Biscuit Pack 300g,Snacks,Biscuits,604,19.5,43488.0,8.2,Regular consumer demand,Normal Trading,Adequate inventory maintained,Stable,None,No Monsoon relevance,None,17% avg weekend uplift,0,0,Seasonal factor: No Monsoon relevance
August,2024,SKU0184,Shampoo Bottle 340ml,Personal Care,Hair Care,851,27.5,228919.0,-8.5,Regular consumer demand,Normal Trading,Adequate inventory maintained,Stable,None,No Monsoon relevance,None,6% avg weekend uplift,0,0,Seasonal factor: No Monsoon relevance
August,2024,SKU0196,Baby Lotion 200ml,Personal Care,Baby Care,610,19.7,139690.0,3.6,Regular consumer demand,Normal Trading,Adequate inventory maintained,Stable,None,No Monsoon relevance,None,6% avg weekend uplift,0,0,Seasonal factor: No Monsoon relevance
August,2024,SKU0200,Hand Sanitizer 500ml,Personal Care,Hygiene,507,16.4,80613.0,2.2,Regular consumer demand,Normal Trading,Adequate inventory maintained,Stable,None,No Monsoon relevance,None,6% avg weekend uplift,0,0,Seasonal factor: No Monsoon relevance
August,2024,SKU0208,Extension Box 4 socket,Electronics,Electrical,154,5.0,70686.0,-0.6,Regular consumer demand,Normal Trading,Adequate inventory maintained,Stable,None,No Monsoon relevance,None,2% avg weekend uplift,0,0,Seasonal factor: No Monsoon relevance; Niche product - irregular demand pattern
August,2024,SKU0214,Rice Cooker 1.8L,Electronics,Appliances,103,3.3,216197.0,10.8,Regular consumer demand,Normal Trading,Adequate inventory maintained,Stable,None,No Monsoon relevance,None,2% avg weekend uplift,0,0,Seasonal factor: No Monsoon relevance; Niche product - irregular demand pattern
August,2024,SKU0289,Pooja Oil 500ml,Grocery,Religious,378,12.2,63882.0,1.6,Regular consumer demand,Normal Trading,Stockout for 5 days - lost 41 units,Stable,None,No Monsoon relevance,None,4% avg weekend uplift,5,41,Seasonal factor: No Monsoon relevance; Inventory issue: Stockout for 5 days - lost 41 units
August,2024,SKU0295,Kids Festive Wear Medium,Lifestyle,Clothing,285,9.2,398715.0,2.2,Regular consumer demand,Normal Trading,Adequate inventory maintained,Stable,None,No Monsoon relevance,None,7% avg weekend uplift,0,0,Seasonal factor: No Monsoon relevance
August,2024,SKU0075,Imported Cheese 200g,Dairy,Dairy,158,5.1,36182.0,1.9,Regular consumer demand,Normal Trading,Adequate inventory maintained,Stable,None,No Monsoon relevance,None,2% avg weekend uplift,0,0,Seasonal factor: No Monsoon relevance; Niche product - irregular demand pattern
August,2024,SKU0235,Smart Watch Standard,Electronics,Electronics,107,3.5,245993.0,-13.7,Regular consumer demand,Normal Trading,Adequate inventory maintained,Moderate Decline,None,No Monsoon relevance,None,2% avg weekend uplift,0,0,Seasonal factor: No Monsoon relevance; Niche product - irregular demand pattern
August,2024,SKU0072,Condensed Milk 400g,Dairy,Dairy,489,15.8,67971.0,-1.4,Regular consumer demand,Normal Trading,Adequate inventory maintained,Stable,None,No Monsoon relevance,None,7% avg weekend uplift,0,0,Seasonal factor: No Monsoon relevance
August,2024,SKU0117,Energy Bar 6pcs,Snacks,Health Bars,185,6.0,49765.0,19.4,Regular consumer demand,Normal Trading,Adequate inventory maintained,Stable,None,No Monsoon relevance,None,5% avg weekend uplift,0,0,Seasonal factor: No Monsoon relevance; Niche product - irregular demand pattern
August,2024,SKU0067,Cheese Slices 200g,Dairy,Dairy,690,22.3,82110.0,-7.3,Regular consumer demand,Normal Trading,Adequate inventory maintained,Stable,None,No Monsoon relevance,None,7% avg weekend uplift,0,0,Seasonal factor: No Monsoon relevance
August,2024,SKU0091,Mango Juice 1L,Beverages,Juices,1169,37.7,104041.0,25.7,Regular consumer demand,Weekend/Demand Surge,Adequate inventory maintained,Moderate Increase,None,No Monsoon relevance,None,12% avg weekend uplift,0,0,Seasonal factor: No Monsoon relevance
August,2024,SKU0227,Dhoti Set XL,Lifestyle,Clothing,539,17.4,430661.0,8.7,Regular consumer demand,Normal Trading,Adequate inventory maintained,Stable,None,No Monsoon relevance,None,7% avg weekend uplift,0,0,Seasonal factor: No Monsoon relevance
August,2024,SKU0279,Mobile Power Bank 10000mAh,Electronics,Electronics,206,6.6,288194.0,-5.1,Regular consumer demand,Normal Trading,Adequate inventory maintained,Stable,None,No Monsoon relevance,None,2% avg weekend uplift,0,0,Seasonal factor: No Monsoon relevance; Niche product - irregular demand pattern
August,2024,SKU0056,Pasta 500g,Grocery,Pasta,662,21.4,52298.0,-11.0,Regular consumer demand,Normal Trading,Adequate inventory maintained,Moderate Decline,None,No Monsoon relevance,None,4% avg weekend uplift,0,0,Seasonal factor: No Monsoon relevance
August,2024,SKU0177,Steel Tiffin Box 3-tier,Household,Kitchenware,203,6.5,93177.0,-6.5,Regular consumer demand,Normal Trading,Adequate inventory maintained,Stable,None,No Monsoon relevance,None,1% avg weekend uplift,0,0,Seasonal factor: No Monsoon relevance; Niche product - irregular demand pattern
August,2024,SKU0216,Emergency Lamp Rechargeable,Electronics,Lighting,526,17.0,420274.0,21.2,Regular consumer demand,Weekend/Demand Surge,Adequate inventory maintained,Moderate Increase,None,No Monsoon relevance,None,6% avg weekend uplift,0,0,Seasonal factor: No Monsoon relevance
August,2024,SKU0024,Turmeric Powder 200g,Grocery,Spices,654,21.1,40548.0,-8.3,Regular consumer demand,Normal Trading,Adequate inventory maintained,Stable,None,No Monsoon relevance,None,4% avg weekend uplift,0,0,Seasonal factor: No Monsoon relevance
August,2024,SKU0162,Decorative Lights 20m,Household,Decorations,419,13.5,192321.0,-3.5,Regular consumer demand,Normal Trading,Adequate inventory maintained,Stable,None,No Monsoon relevance,None,3% avg weekend uplift,0,0,Seasonal factor: No Monsoon relevance
August,2024,SKU0163,Rangoli Powder 500g,Household,Decorations,445,14.4,27590.0,-4.3,Regular consumer demand,Normal Trading,Low stock impact - 39 units missed opportunity,Stable,None,No Monsoon relevance,None,3% avg weekend uplift,0,39,Seasonal factor: No Monsoon relevance
August,2024,SKU0064,Curd Cup 400g,Dairy,Dairy,1285,41.5,53970.0,12.0,Regular consumer demand,Normal Trading,Low stock impact - 38 units missed opportunity,Stable,None,No Monsoon relevance,None,7% avg weekend uplift,0,38,Seasonal factor: No Monsoon relevance
August,2024,SKU0126,Croissants 6pcs,Bakery,Bakery,247,8.0,34333.0,13.8,Regular consumer demand,Normal Trading,Adequate inventory maintained,Stable,None,No Monsoon relevance,None,3% avg weekend uplift,0,0,Seasonal factor: No Monsoon relevance; Niche product - irregular demand pattern
August,2024,SKU0134,Frozen Sweet Corn 500g,Frozen Foods,Frozen Foods,994,32.1,98406.0,23.3,Regular consumer demand,Weekend/Demand Surge,Adequate inventory maintained,Moderate Increase,None,No Monsoon relevance,None,15% avg weekend uplift,0,0,Seasonal factor: No Monsoon relevance
August,2024,SKU0141,Green Chilli 250g,Fruits & Vegetables,Vegetables,1315,42.4,42080.0,-5.7,Regular consumer demand,Normal Trading,Adequate inventory maintained,Stable,None,No Monsoon relevance,None,9% avg weekend uplift,0,0,Seasonal factor: No Monsoon relevance
August,2024,SKU0025,Chilli Powder 500g,Grocery,Spices,1068,34.5,84372.0,14.8,Regular consumer demand,Normal Trading,Adequate inventory maintained,Stable,None,No Monsoon relevance,None,4% avg weekend uplift,0,0,Seasonal factor: No Monsoon relevance
August,2024,SKU0297,Temple Coconut Pack 5pcs,Fruits & Vegetables,Fruits,623,20.1,105287.0,11.6,Regular consumer demand,Normal Trading,Low stock impact - 42 units missed opportunity,Stable,None,No Monsoon relevance,None,9% avg weekend uplift,0,42,Seasonal factor: No Monsoon relevance
August,2024,SKU0018,Ghee 500ml,Grocery,Ghee,843,27.2,226767.0,4.6,Regular consumer demand,Normal Trading,Adequate inventory maintained,Stable,None,No Monsoon relevance,None,4% avg weekend uplift,0,0,Seasonal factor: No Monsoon relevance
August,2024,SKU0174,Pressure Cooker 5L,Household,Cookware,95,3.1,113905.0,2.2,Regular consumer demand,Normal Trading,Adequate inventory maintained,Stable,None,No Monsoon relevance,None,1% avg weekend uplift,0,0,Seasonal factor: No Monsoon relevance; Niche product - irregular demand pattern
August,2024,SKU0175,Non-Stick Pan 28cm,Household,Cookware,171,5.5,136629.0,-8.1,Regular consumer demand,Normal Trading,Adequate inventory maintained,Stable,None,No Monsoon relevance,None,1% avg weekend uplift,0,0,Seasonal factor: No Monsoon relevance; Niche product - irregular demand pattern
August,2024,SKU0212,Electric Kettle 1.5L,Electronics,Appliances,101,3.3,121099.0,8.6,Regular consumer demand,Normal Trading,Adequate inventory maintained,Stable,None,No Monsoon relevance,None,2% avg weekend uplift,0,0,Seasonal factor: No Monsoon relevance; Niche product - irregular demand pattern
August,2024,SKU0270,Beard Oil 50ml,Personal Care,Grooming,277,8.9,74513.0,11.7,Regular consumer demand,Normal Trading,Adequate inventory maintained,Stable,None,No Monsoon relevance,None,2% avg weekend uplift,0,0,Seasonal factor: No Monsoon relevance; Niche product - irregular demand pattern
August,2024,SKU0033,Pistachios 250g,Grocery,Nuts,291,9.4,121929.0,4.3,Regular consumer demand,Normal Trading,Adequate inventory maintained,Stable,None,No Monsoon relevance,None,4% avg weekend uplift,0,0,Seasonal factor: No Monsoon relevance
August,2024,SKU0048,Chicken Masala 100g,Grocery,Spices,490,15.8,19110.0,-1.2,Regular consumer demand,Normal Trading,Adequate inventory maintained,Stable,None,No Monsoon relevance,None,4% avg weekend uplift,0,0,Seasonal factor: No Monsoon relevance
August,2024,SKU0049,Semiya Payasam Mix 200g,Grocery,Mixes,700,22.6,43400.0,12.9,Regular consumer demand,Normal Trading,Adequate inventory maintained,Stable,None,No Monsoon relevance,None,4% avg weekend uplift,0,0,Seasonal factor: No Monsoon relevance
August,2024,SKU0231,Turmeric Plant Bundle,Fruits & Vegetables,Plants,530,17.1,41870.0,-5.0,Regular consumer demand,Normal Trading,Adequate inventory maintained,Stable,None,No Monsoon relevance,None,9% avg weekend uplift,0,0,Seasonal factor: No Monsoon relevance
August,2024,SKU0154,Grapes 500g,Fruits & Vegetables,Fruits,553,17.8,65807.0,18.9,Regular consumer demand,Normal Trading,Adequate inventory maintained,Stable,None,No Monsoon relevance,None,9% avg weekend uplift,0,0,Seasonal factor: No Monsoon relevance
August,2024,SKU0085,Health Drink 500g,Beverages,Health Drinks,977,31.5,155343.0,21.2,Regular consumer demand,Weekend/Demand Surge,Adequate inventory maintained,Moderate Increase,None,No Monsoon relevance,None,12% avg weekend uplift,0,0,Seasonal factor: No Monsoon relevance
August,2024,SKU0100,Electrolyte Drink 500ml,Beverages,Beverages,793,25.6,62647.0,27.9,Regular consumer demand,Weekend/Demand Surge,Adequate inventory maintained,Moderate Increase,None,No Monsoon relevance,None,12% avg weekend uplift,0,0,Seasonal factor: No Monsoon relevance
August,2024,SKU0255,Saffron 1g,Grocery,Spices,177,5.7,141423.0,14.2,Regular consumer demand,Normal Trading,Adequate inventory maintained,Stable,None,No Monsoon relevance,None,1% avg weekend uplift,0,0,Seasonal factor: No Monsoon relevance; Niche product - irregular demand pattern
August,2024,SKU0073,Fresh Cream 250ml,Dairy,Dairy,595,19.2,47005.0,20.0,Regular consumer demand,Normal Trading,Adequate inventory maintained,Stable,None,No Monsoon relevance,None,7% avg weekend uplift,0,0,Seasonal factor: No Monsoon relevance
August,2024,SKU0012,Moong Dal 1kg,Grocery,Pulses,504,16.3,85176.0,8.4,Regular consumer demand,Normal Trading,Adequate inventory maintained,Stable,None,No Monsoon relevance,None,4% avg weekend uplift,0,0,Seasonal factor: No Monsoon relevance
August,2024,SKU0186,Toothpaste 200g,Personal Care,Oral Care,958,30.9,85262.0,3.0,Regular consumer demand,Normal Trading,Adequate inventory maintained,Stable,None,No Monsoon relevance,None,6% avg weekend uplift,0,0,Seasonal factor: No Monsoon relevance
August,2024,SKU0068,Buttermilk 200ml,Dairy,Beverages,838,27.0,19274.0,-6.8,Regular consumer demand,Normal Trading,Stockout for 4 days - lost 80 units,Stable,None,No Monsoon relevance,None,7% avg weekend uplift,4,80,Seasonal factor: No Monsoon relevance; Inventory issue: Stockout for 4 days - lost 80 units
August,2024,SKU0271,Wall Clock Standard,Household,Home Decor,32,1.0,10528.0,3.2,Regular consumer demand,Normal Trading,Low stock impact - 2 units missed opportunity,Stable,None,No Monsoon relevance,None,1% avg weekend uplift,0,2,Seasonal factor: No Monsoon relevance
August,2024,SKU0282,Hand Blender Standard,Electronics,Appliances,114,3.7,159486.0,-8.1,Regular consumer demand,Normal Trading,Adequate inventory maintained,Stable,None,No Monsoon relevance,None,2% avg weekend uplift,0,0,Seasonal factor: No Monsoon relevance; Niche product - irregular demand pattern
August,2024,SKU0071,Ice Cream Cone Pack 6pcs,Dairy,Frozen,434,14.0,51646.0,0.0,Regular consumer demand,Normal Trading,Adequate inventory maintained,Stable,None,No Monsoon relevance,None,7% avg weekend uplift,0,0,Seasonal factor: No Monsoon relevance
August,2024,SKU0188,Toothbrush 2pcs,Personal Care,Oral Care,720,23.2,100080.0,-3.2,Regular consumer demand,Normal Trading,Low stock impact - 26 units missed opportunity,Stable,None,No Monsoon relevance,None,6% avg weekend uplift,0,26,Seasonal factor: No Monsoon relevance
August,2024,SKU0266,Toilet Cleaner 1L,Household,Cleaning,412,13.3,69628.0,-11.4,Regular consumer demand,Normal Trading,Adequate inventory maintained,Moderate Decline,None,No Monsoon relevance,None,3% avg weekend uplift,0,0,Seasonal factor: No Monsoon relevance
August,2024,SKU0125,Rusks 300g,Bakery,Bakery,1042,33.6,64604.0,12.0,Regular consumer demand,Normal Trading,Adequate inventory maintained,Stable,None,No Monsoon relevance,None,10% avg weekend uplift,0,0,Seasonal factor: No Monsoon relevance
August,2024,SKU0032,Almonds 500g,Grocery,Nuts,281,9.1,140219.0,13.3,Regular consumer demand,Normal Trading,Low stock impact - 8 units missed opportunity,Stable,None,No Monsoon relevance,None,4% avg weekend uplift,0,8,Seasonal factor: No Monsoon relevance
August,2024,SKU0053,Chia Seeds 250g,Grocery,Seeds,106,3.4,24274.0,14.0,Regular consumer demand,Normal Trading,Adequate inventory maintained,Stable,None,No Monsoon relevance,None,1% avg weekend uplift,0,0,Seasonal factor: No Monsoon relevance; Niche product - irregular demand pattern
August,2024,SKU0087,Soft Drink Cola 2L,Beverages,Soft Drinks,451,14.5,35629.0,21.2,Regular consumer demand,Weekend/Demand Surge,Adequate inventory maintained,Moderate Increase,None,No Monsoon relevance,None,12% avg weekend uplift,0,0,Seasonal factor: No Monsoon relevance
August,2024,SKU0088,Soft Drink Orange 2L,Beverages,Soft Drinks,500,16.1,39500.0,15.2,Regular consumer demand,Normal Trading,Adequate inventory maintained,Stable,None,No Monsoon relevance,None,12% avg weekend uplift,0,0,Seasonal factor: No Monsoon relevance
August,2024,SKU0102,Magic Masala Chips 75g,Snacks,Chips,665,21.5,21280.0,7.3,Regular consumer demand,Normal Trading,Adequate inventory maintained,Stable,None,No Monsoon relevance,None,17% avg weekend uplift,0,0,Seasonal factor: No Monsoon relevance
August,2024,SKU0133,Frozen Peas 500g,Frozen Foods,Frozen Foods,568,18.3,50552.0,1.8,Regular consumer demand,Normal Trading,Adequate inventory maintained,Stable,None,No Monsoon relevance,None,15% avg weekend uplift,0,0,Seasonal factor: No Monsoon relevance
August,2024,SKU0170,Aluminum Foil 9m,Household,Kitchen,816,26.3,72624.0,9.7,Regular consumer demand,Normal Trading,Low stock impact - 35 units missed opportunity,Stable,None,No Monsoon relevance,None,3% avg weekend uplift,0,35,Seasonal factor: No Monsoon relevance
August,2024,SKU0204,School Bag Medium,Stationery,Bags,480,15.5,383520.0,-3.2,Regular consumer demand,Normal Trading,Adequate inventory maintained,Stable,None,No Monsoon relevance,None,3% avg weekend uplift,0,0,Seasonal factor: No Monsoon relevance
August,2024,SKU0209,Mobile Charger 18W,Electronics,Electronics,124,4.0,76756.0,0.0,Regular consumer demand,Normal Trading,Adequate inventory maintained,Stable,None,No Monsoon relevance,None,2% avg weekend uplift,0,0,Seasonal factor: No Monsoon relevance; Niche product - irregular demand pattern
August,2024,SKU0288,Prayer Oil Lamp Brass,Household,Religious,505,16.3,211595.0,1.8,Regular consumer demand,Normal Trading,Low stock impact - 35 units missed opportunity,Stable,None,No Monsoon relevance,None,3% avg weekend uplift,0,35,Seasonal factor: No Monsoon relevance
August,2024,SKU0146,Pomegranate 1kg,Fruits & Vegetables,Fruits,636,20.5,171084.0,8.0,Regular consumer demand,Normal Trading,Low stock impact - 20 units missed opportunity,Stable,None,No Monsoon relevance,None,9% avg weekend uplift,0,20,Seasonal factor: No Monsoon relevance
August,2024,SKU0104,Mixture Snacks 500g,Snacks,Traditional Snacks,364,11.7,61516.0,6.7,Regular consumer demand,Normal Trading,Adequate inventory maintained,Stable,None,No Monsoon relevance,None,17% avg weekend uplift,0,0,Seasonal factor: No Monsoon relevance
August,2024,SKU0137,Frozen Momos 500g,Frozen Foods,Frozen Foods,219,7.1,43581.0,0.9,Regular consumer demand,Normal Trading,Low stock impact - 9 units missed opportunity,Stable,None,No Monsoon relevance,None,4% avg weekend uplift,0,9,Seasonal factor: No Monsoon relevance; Niche product - irregular demand pattern
August,2024,SKU0004,Raw Rice 25kg,Grocery,Rice,553,17.8,828947.0,-0.9,Regular consumer demand,Normal Trading,Adequate inventory maintained,Stable,None,No Monsoon relevance,None,4% avg weekend uplift,0,0,Seasonal factor: No Monsoon relevance
August,2024,SKU0129,Garlic Bread 200g,Bakery,Bakery,271,8.7,19512.0,9.3,Regular consumer demand,Normal Trading,Adequate inventory maintained,Stable,None,No Monsoon relevance,None,3% avg weekend uplift,0,0,Seasonal factor: No Monsoon relevance; Niche product - irregular demand pattern
August,2024,SKU0142,Ginger 250g,Fruits & Vegetables,Vegetables,733,23.6,45446.0,-1.5,Regular consumer demand,Normal Trading,Low stock impact - 24 units missed opportunity,Stable,None,No Monsoon relevance,None,9% avg weekend uplift,0,24,Seasonal factor: No Monsoon relevance
August,2024,SKU0006,Wheat Flour Atta 5kg,Grocery,Atta,819,26.4,236691.0,-11.9,Regular consumer demand,Normal Trading,Low stock impact - 81 units missed opportunity,Moderate Decline,None,No Monsoon relevance,None,4% avg weekend uplift,0,81,Seasonal factor: No Monsoon relevance
August,2024,SKU0122,Pizza Base 200g,Bakery,Bakery,98,3.2,6076.0,5.4,Regular consumer demand,Normal Trading,Adequate inventory maintained,Stable,None,No Monsoon relevance,None,3% avg weekend uplift,0,0,Seasonal factor: No Monsoon relevance; Niche product - irregular demand pattern
August,2024,SKU0109,Chocolate Gift Box 500g,Snacks,Chocolates,603,19.5,276777.0,14.4,Regular consumer demand,Normal Trading,Adequate inventory maintained,Stable,None,No Monsoon relevance,None,17% avg weekend uplift,0,0,Seasonal factor: No Monsoon relevance
August,2024,SKU0215,Induction Stove 1800W,Electronics,Appliances,105,3.4,325395.0,12.9,Regular consumer demand,Normal Trading,Adequate inventory maintained,Stable,None,No Monsoon relevance,None,2% avg weekend uplift,0,0,Seasonal factor: No Monsoon relevance; Niche product - irregular demand pattern
August,2024,SKU0190,Talcum Powder 400g,Personal Care,Skin Care,878,28.3,78142.0,1.2,Regular consumer demand,Normal Trading,Low stock impact - 29 units missed opportunity,Stable,None,No Monsoon relevance,None,6% avg weekend uplift,0,29,Seasonal factor: No Monsoon relevance
August,2024,SKU0223,Blanket Double,Lifestyle,Bedding,346,11.2,414854.0,1.5,Regular consumer demand,Normal Trading,Adequate inventory maintained,Stable,None,No Monsoon relevance,None,7% avg weekend uplift,0,0,Seasonal factor: No Monsoon relevance
August,2024,SKU0180,Kumkum Powder 50g,Household,Religious,371,12.0,15582.0,-0.3,Regular consumer demand,Normal Trading,Adequate inventory maintained,Stable,None,No Monsoon relevance,None,3% avg weekend uplift,0,0,Seasonal factor: No Monsoon relevance
August,2024,SKU0247,Cheese Popcorn 100g,Snacks,Snacks,170,5.5,10540.0,-8.6,Regular consumer demand,Normal Trading,Low stock impact - 9 units missed opportunity,Stable,None,No Monsoon relevance,None,5% avg weekend uplift,0,9,Seasonal factor: No Monsoon relevance; Niche product - irregular demand pattern
August,2024,SKU0001,Ponni Rice 25kg,Grocery,Rice,609,19.6,973791.0,9.1,Regular consumer demand,Normal Trading,Adequate inventory maintained,Stable,None,No Monsoon relevance,None,4% avg weekend uplift,0,0,Seasonal factor: No Monsoon relevance
August,2024,SKU0241,Coconut Biscuits 200g,Snacks,Biscuits,694,22.4,36088.0,31.7,Regular consumer demand,Weekend/Demand Surge,Adequate inventory maintained,Moderate Increase,None,No Monsoon relevance,None,17% avg weekend uplift,0,0,Seasonal factor: No Monsoon relevance
August,2024,SKU0248,Fruit Jam 500g,Grocery,Spreads,736,23.7,102304.0,-15.2,Regular consumer demand,Normal Trading,Low stock impact - 39 units missed opportunity,Moderate Decline,None,No Monsoon relevance,None,4% avg weekend uplift,0,39,Seasonal factor: No Monsoon relevance
August,2024,SKU0252,Fruit Cake 300g,Bakery,Bakery,497,16.0,83993.0,14.5,Regular consumer demand,Normal Trading,Adequate inventory maintained,Stable,None,No Monsoon relevance,None,10% avg weekend uplift,0,0,Seasonal factor: No Monsoon relevance
August,2024,SKU0159,Agarbathi 100 sticks,Household,Religious,786,25.4,62094.0,10.2,Regular consumer demand,Normal Trading,Low stock impact - 45 units missed opportunity,Stable,None,No Monsoon relevance,None,3% avg weekend uplift,0,45,Seasonal factor: No Monsoon relevance
August,2024,SKU0005,Basmati Rice 5kg,Grocery,Rice,542,17.5,449318.0,9.3,Regular consumer demand,Normal Trading,Adequate inventory maintained,Stable,None,No Monsoon relevance,None,4% avg weekend uplift,0,0,Seasonal factor: No Monsoon relevance
August,2024,SKU0217,Smart LED Strip Lights 5m,Electronics,Lighting,580,18.7,695420.0,16.9,Regular consumer demand,Normal Trading,Adequate inventory maintained,Stable,None,No Monsoon relevance,None,6% avg weekend uplift,0,0,Seasonal factor: No Monsoon relevance
August,2024,SKU0076,Flavored Milk 200ml,Dairy,Beverages,990,31.9,22770.0,6.5,Regular consumer demand,Normal Trading,Adequate inventory maintained,Stable,None,No Monsoon relevance,None,7% avg weekend uplift,0,0,Seasonal factor: No Monsoon relevance
August,2024,SKU0101,Lays Chips 50g,Snacks,Chips,903,29.1,17157.0,0.4,Regular consumer demand,Normal Trading,Adequate inventory maintained,Stable,None,No Monsoon relevance,None,17% avg weekend uplift,0,0,Seasonal factor: No Monsoon relevance
August,2024,SKU0098,Lemon Juice 600ml,Beverages,Juices,677,21.8,41974.0,9.2,Regular consumer demand,Normal Trading,Adequate inventory maintained,Stable,None,No Monsoon relevance,None,12% avg weekend uplift,0,0,Seasonal factor: No Monsoon relevance
August,2024,SKU0015,Sunflower Oil 1L,Grocery,Oil,942,30.4,112098.0,1.3,Regular consumer demand,Normal Trading,Adequate inventory maintained,Stable,None,No Monsoon relevance,None,4% avg weekend uplift,0,0,Seasonal factor: No Monsoon relevance
August,2024,SKU0113,Kids Chocolate Pack,Snacks,Chocolates,402,13.0,148338.0,-0.2,Regular consumer demand,Normal Trading,Low stock impact - 39 units missed opportunity,Stable,None,No Monsoon relevance,None,17% avg weekend uplift,0,39,Seasonal factor: No Monsoon relevance
August,2024,SKU0152,Jasmine Flowers 100g,Fruits & Vegetables,Flowers,372,12.0,23064.0,-7.7,Regular consumer demand,Normal Trading,Adequate inventory maintained,Stable,None,No Monsoon relevance,None,9% avg weekend uplift,0,0,Seasonal factor: No Monsoon relevance
August,2024,SKU0043,Oats 1kg,Grocery,Breakfast,622,20.1,111338.0,-8.8,Regular consumer demand,Normal Trading,Adequate inventory maintained,Stable,None,No Monsoon relevance,None,4% avg weekend uplift,0,0,Seasonal factor: No Monsoon relevance
August,2024,SKU0219,Raincoat XL,Lifestyle,Rainwear,1067,34.4,447073.0,145.9,Monsoon demand - Raincoat,Seasonal - Monsoon,Stockout for 3 days - lost 100 units,Strong Increase,None,Monsoon demand - Raincoat,None,7% avg weekend uplift,3,100,Seasonal factor: Monsoon demand - Raincoat; Inventory issue: Stockout for 3 days - lost 100 units; Significant demand spike - review forecast
August,2024,SKU0003,Idly Rice 10kg,Grocery,Rice,975,31.5,1169025.0,4.8,Regular consumer demand,Normal Trading,Adequate inventory maintained,Stable,None,No Monsoon relevance,None,4% avg weekend uplift,0,0,Seasonal factor: No Monsoon relevance
August,2024,SKU0222,Pillow Cover Pair,Lifestyle,Bedding,736,23.7,168544.0,3.2,Regular consumer demand,Normal Trading,Adequate inventory maintained,Stable,None,No Monsoon relevance,None,7% avg weekend uplift,0,0,Seasonal factor: No Monsoon relevance
August,2024,SKU0144,Banana 1 dozen,Fruits & Vegetables,Fruits,1330,42.9,55860.0,-2.5,Regular consumer demand,Normal Trading,Adequate inventory maintained,Stable,None,No Monsoon relevance,None,9% avg weekend uplift,0,0,Seasonal factor: No Monsoon relevance
August,2024,SKU0249,Choco Spread 350g,Grocery,Spreads,213,6.9,57297.0,14.5,Regular consumer demand,Normal Trading,Adequate inventory maintained,Stable,None,No Monsoon relevance,None,1% avg weekend uplift,0,0,Seasonal factor: No Monsoon relevance; Niche product - irregular demand pattern
August,2024,SKU0055,Instant Noodles 12 Pack,Grocery,Instant Foods,509,16.4,70751.0,-8.8,Regular consumer demand,Normal Trading,Adequate inventory maintained,Stable,None,No Monsoon relevance,None,4% avg weekend uplift,0,0,Seasonal factor: No Monsoon relevance
August,2024,SKU0010,Toor Dal 1kg,Grocery,Pulses,638,20.6,114202.0,-14.2,Regular consumer demand,Normal Trading,Low stock impact - 35 units missed opportunity,Moderate Decline,None,No Monsoon relevance,None,4% avg weekend uplift,0,35,Seasonal factor: No Monsoon relevance
August,2024,SKU0066,Paneer 200g,Dairy,Dairy,1266,40.8,100014.0,20.1,Regular consumer demand,Weekend/Demand Surge,Adequate inventory maintained,Moderate Increase,None,No Monsoon relevance,None,7% avg weekend uplift,0,0,Seasonal factor: No Monsoon relevance
August,2024,SKU0045,Peanut Butter 1kg,Grocery,Spreads,171,5.5,63099.0,10.3,Regular consumer demand,Normal Trading,Adequate inventory maintained,Stable,None,No Monsoon relevance,None,1% avg weekend uplift,0,0,Seasonal factor: No Monsoon relevance; Niche product - irregular demand pattern
August,2024,SKU0171,Tissue Paper 200 pulls,Household,Household,680,21.9,42160.0,-0.3,Regular consumer demand,Normal Trading,Low stock impact - 36 units missed opportunity,Stable,None,No Monsoon relevance,None,3% avg weekend uplift,0,36,Seasonal factor: No Monsoon relevance
August,2024,SKU0169,Garbage Bags 30pcs,Household,Household,719,23.2,85561.0,5.4,Regular consumer demand,Normal Trading,Adequate inventory maintained,Stable,None,No Monsoon relevance,None,3% avg weekend uplift,0,0,Seasonal factor: No Monsoon relevance
August,2024,SKU0189,Face Wash 100ml,Personal Care,Skin Care,787,25.4,109393.0,5.8,Regular consumer demand,Normal Trading,Adequate inventory maintained,Stable,None,No Monsoon relevance,None,6% avg weekend uplift,0,0,Seasonal factor: No Monsoon relevance
August,2024,SKU0277,Candle Pack 20pcs,Household,Religious,547,17.6,43213.0,-11.8,Regular consumer demand,Normal Trading,Adequate inventory maintained,Moderate Decline,None,No Monsoon relevance,None,3% avg weekend uplift,0,0,Seasonal factor: No Monsoon relevance
August,2024,SKU0039,Ready Pongal Mix 500g,Grocery,Mixes,439,14.2,34681.0,1.2,Regular consumer demand,Normal Trading,Adequate inventory maintained,Stable,None,No Monsoon relevance,None,4% avg weekend uplift,0,0,Seasonal factor: No Monsoon relevance
August,2024,SKU0041,Papad 200g,Grocery,Snacks,506,16.3,21252.0,-9.3,Regular consumer demand,Normal Trading,Adequate inventory maintained,Stable,None,No Monsoon relevance,None,4% avg weekend uplift,0,0,Seasonal factor: No Monsoon relevance
August,2024,SKU0194,Sanitary Pads XL Pack,Personal Care,Feminine Care,955,30.8,132745.0,6.2,Regular consumer demand,Normal Trading,Adequate inventory maintained,Stable,None,No Monsoon relevance,None,6% avg weekend uplift,0,0,Seasonal factor: No Monsoon relevance
August,2024,SKU0201,Notebook A4 200 pages,Stationery,Stationery,66,2.1,5214.0,6.5,Regular consumer demand,Normal Trading,Adequate inventory maintained,Stable,None,No Monsoon relevance,None,1% avg weekend uplift,0,0,Seasonal factor: No Monsoon relevance
August,2024,SKU0280,Bluetooth Earbuds TWS,Electronics,Electronics,216,7.0,496584.0,-0.5,Regular consumer demand,Normal Trading,Adequate inventory maintained,Stable,None,No Monsoon relevance,None,2% avg weekend uplift,0,0,Seasonal factor: No Monsoon relevance; Niche product - irregular demand pattern
August,2024,SKU0030,Cardamom 50g,Grocery,Spices,264,8.5,71016.0,-14.8,Regular consumer demand,Normal Trading,Stockout for 4 days - lost 30 units,Moderate Decline,None,No Monsoon relevance,None,4% avg weekend uplift,4,30,Seasonal factor: No Monsoon relevance; Inventory issue: Stockout for 4 days - lost 30 units
August,2024,SKU0038,Millet Mix 1kg,Grocery,Grains,108,3.5,15012.0,16.1,Regular consumer demand,Normal Trading,Adequate inventory maintained,Stable,None,No Monsoon relevance,None,1% avg weekend uplift,0,0,Seasonal factor: No Monsoon relevance; Niche product - irregular demand pattern
August,2024,SKU0220,Travel Bag Medium,Lifestyle,Luggage,228,7.4,318972.0,-8.1,Regular consumer demand,Normal Trading,Adequate inventory maintained,Stable,None,No Monsoon relevance,None,2% avg weekend uplift,0,0,Seasonal factor: No Monsoon relevance; Niche product - irregular demand pattern
August,2024,SKU0140,Potato 1kg,Fruits & Vegetables,Vegetables,1496,48.3,34408.0,20.6,Regular consumer demand,Weekend/Demand Surge,Adequate inventory maintained,Moderate Increase,None,No Monsoon relevance,None,9% avg weekend uplift,0,0,Seasonal factor: No Monsoon relevance
August,2024,SKU0251,Herbal Tea 100g,Beverages,Tea,204,6.6,46716.0,31.6,Monsoon demand - Tea,Seasonal - Monsoon,Adequate inventory maintained,Moderate Increase,None,Monsoon demand - Tea,None,3% avg weekend uplift,0,0,Seasonal factor: Monsoon demand - Tea; Niche product - irregular demand pattern
August,2024,SKU0257,Sweet Corn Soup 50g,Grocery,Instant Foods,890,28.7,37380.0,91.4,Monsoon demand - Soup,Seasonal - Monsoon,Adequate inventory maintained,Strong Increase,None,Monsoon demand - Soup,None,4% avg weekend uplift,0,0,Seasonal factor: Monsoon demand - Soup; Significant demand spike - review forecast
August,2024,SKU0065,Butter 100g,Dairy,Dairy,685,22.1,60965.0,5.2,Regular consumer demand,Normal Trading,Low stock impact - 59 units missed opportunity,Stable,None,No Monsoon relevance,None,7% avg weekend uplift,0,59,Seasonal factor: No Monsoon relevance
August,2024,SKU0285,Steel Plates Set 6pcs,Household,Kitchenware,177,5.7,109563.0,14.2,Regular consumer demand,Normal Trading,Adequate inventory maintained,Stable,None,No Monsoon relevance,None,1% avg weekend uplift,0,0,Seasonal factor: No Monsoon relevance; Niche product - irregular demand pattern
August,2024,SKU0155,Pineapple Per Piece,Fruits & Vegetables,Fruits,1026,33.1,73872.0,10.3,Regular consumer demand,Normal Trading,Adequate inventory maintained,Stable,None,No Monsoon relevance,None,9% avg weekend uplift,0,0,Seasonal factor: No Monsoon relevance
August,2024,SKU0292,Fruit Basket Combo,Fruits & Vegetables,Fruits,380,12.3,159220.0,11.4,Regular consumer demand,Normal Trading,Adequate inventory maintained,Stable,None,No Monsoon relevance,None,9% avg weekend uplift,0,0,Seasonal factor: No Monsoon relevance
August,2024,SKU0265,Laundry Liquid 1L,Household,Laundry,824,26.6,188696.0,15.6,Regular consumer demand,Normal Trading,Adequate inventory maintained,Stable,None,No Monsoon relevance,None,3% avg weekend uplift,0,0,Seasonal factor: No Monsoon relevance
August,2024,SKU0173,Room Freshener 240ml,Household,Air Freshener,242,7.8,38478.0,-2.4,Regular consumer demand,Normal Trading,Adequate inventory maintained,Stable,None,No Monsoon relevance,None,1% avg weekend uplift,0,0,Seasonal factor: No Monsoon relevance; Niche product - irregular demand pattern
August,2024,SKU0151,Betel Leaves 1 Pack,Fruits & Vegetables,Leaves,493,15.9,20706.0,-0.6,Regular consumer demand,Normal Trading,Adequate inventory maintained,Stable,None,No Monsoon relevance,None,9% avg weekend uplift,0,0,Seasonal factor: No Monsoon relevance
August,2024,SKU0063,Fresh Milk 500ml,Dairy,Milk,959,30.9,24934.0,-0.2,Regular consumer demand,Normal Trading,Low stock impact - 103 units missed opportunity,Stable,None,No Monsoon relevance,None,7% avg weekend uplift,0,103,Seasonal factor: No Monsoon relevance
August,2024,SKU0240,Herbal Shampoo 400ml,Personal Care,Hair Care,1035,33.4,237015.0,11.3,Regular consumer demand,Normal Trading,Adequate inventory maintained,Stable,None,No Monsoon relevance,None,6% avg weekend uplift,0,0,Seasonal factor: No Monsoon relevance
August,2024,SKU0224,Towels Bath Size,Lifestyle,Bedding,583,18.8,191807.0,4.5,Regular consumer demand,Normal Trading,Low stock impact - 37 units missed opportunity,Stable,None,No Monsoon relevance,None,7% avg weekend uplift,0,37,Seasonal factor: No Monsoon relevance
August,2024,SKU0082,Tea Powder 1kg,Beverages,Tea,1076,34.7,300204.0,44.6,Monsoon demand - Tea,Seasonal - Monsoon,Stockout for 5 days - lost 118 units,Moderate Increase,None,Monsoon demand - Tea,None,12% avg weekend uplift,5,118,Seasonal factor: Monsoon demand - Tea; Inventory issue: Stockout for 5 days - lost 118 units
August,2024,SKU0158,Beetroot 1kg,Fruits & Vegetables,Vegetables,526,17.0,22092.0,6.0,Regular consumer demand,Normal Trading,Adequate inventory maintained,Stable,None,No Monsoon relevance,None,9% avg weekend uplift,0,0,Seasonal factor: No Monsoon relevance
August,2024,SKU0296,Puja Flowers Combo,Fruits & Vegetables,Flowers,436,14.1,117284.0,-6.2,Regular consumer demand,Normal Trading,Adequate inventory maintained,Stable,None,No Monsoon relevance,None,9% avg weekend uplift,0,0,Seasonal factor: No Monsoon relevance
August,2024,SKU0165,Floor Cleaner 1L,Household,Cleaning,871,28.1,147199.0,12.4,Regular consumer demand,Normal Trading,Adequate inventory maintained,Stable,None,No Monsoon relevance,None,3% avg weekend uplift,0,0,Seasonal factor: No Monsoon relevance
August,2024,SKU0118,Protein Chips 100g,Snacks,Health Snacks,202,6.5,28078.0,8.6,Regular consumer demand,Normal Trading,Adequate inventory maintained,Stable,None,No Monsoon relevance,None,5% avg weekend uplift,0,0,Seasonal factor: No Monsoon relevance; Niche product - irregular demand pattern
August,2024,SKU0136,Frozen Pizza 300g,Frozen Foods,Frozen Foods,220,7.1,37180.0,18.3,Regular consumer demand,Normal Trading,Adequate inventory maintained,Stable,None,No Monsoon relevance,None,4% avg weekend uplift,0,0,Seasonal factor: No Monsoon relevance; Niche product - irregular demand pattern
August,2024,SKU0283,Pressure Pan 3L,Household,Cookware,135,4.4,107865.0,8.9,Regular consumer demand,Normal Trading,Adequate inventory maintained,Stable,None,No Monsoon relevance,None,1% avg weekend uplift,0,0,Seasonal factor: No Monsoon relevance; Niche product - irregular demand pattern
August,2024,SKU0058,Tomato Ketchup 1kg,Grocery,Condiments,638,20.6,88682.0,8.3,Regular consumer demand,Normal Trading,Adequate inventory maintained,Stable,None,No Monsoon relevance,None,4% avg weekend uplift,0,0,Seasonal factor: No Monsoon relevance
August,2024,SKU0267,Face Cream 200ml,Personal Care,Skin Care,739,23.8,169231.0,8.4,Regular consumer demand,Normal Trading,Adequate inventory maintained,Stable,None,No Monsoon relevance,None,6% avg weekend uplift,0,0,Seasonal factor: No Monsoon relevance
August,2024,SKU0061,Fresh Milk 1L,Dairy,Milk,868,28.0,45136.0,-6.7,Regular consumer demand,Normal Trading,Stockout for 4 days - lost 81 units,Stable,None,No Monsoon relevance,None,7% avg weekend uplift,4,81,Seasonal factor: No Monsoon relevance; Inventory issue: Stockout for 4 days - lost 81 units
August,2024,SKU0080,Chocolate Milk 180ml,Dairy,Beverages,687,22.2,28854.0,10.8,Regular consumer demand,Normal Trading,Adequate inventory maintained,Stable,None,No Monsoon relevance,None,7% avg weekend uplift,0,0,Seasonal factor: No Monsoon relevance
August,2024,SKU0207,LED Bulb 9W,Electronics,Lighting,527,17.0,73253.0,6.2,Regular consumer demand,Normal Trading,Adequate inventory maintained,Stable,None,No Monsoon relevance,None,6% avg weekend uplift,0,0,Seasonal factor: No Monsoon relevance
August,2024,SKU0195,Baby Diapers 42pcs,Personal Care,Baby Care,712,23.0,568888.0,-4.3,Regular consumer demand,Normal Trading,Adequate inventory maintained,Stable,None,No Monsoon relevance,None,6% avg weekend uplift,0,0,Seasonal factor: No Monsoon relevance
September,2024,SKU0264,Air Freshener Spray 300ml,Household,Air Freshener,80,2.7,12720.0,-11.1,Regular consumer demand,Normal Trading,Adequate inventory maintained,Moderate Decline,None,No Monsoon relevance,None,1% avg weekend uplift,0,0,Seasonal factor: No Monsoon relevance; Niche product - irregular demand pattern
September,2024,SKU0176,Water Bottle 1L,Household,Kitchenware,549,18.3,125721.0,-8.5,Regular consumer demand,Normal Trading,Adequate inventory maintained,Stable,None,No Monsoon relevance,None,3% avg weekend uplift,0,0,Seasonal factor: No Monsoon relevance
September,2024,SKU0060,Black Channa 1kg,Grocery,Pulses,461,15.4,45639.0,-4.0,Regular consumer demand,Normal Trading,Adequate inventory maintained,Stable,None,No Monsoon relevance,None,5% avg weekend uplift,0,0,Seasonal factor: No Monsoon relevance
September,2024,SKU0094,Energy Drink 250ml,Beverages,Beverages,267,8.9,37113.0,11.2,Regular consumer demand,Normal Trading,Adequate inventory maintained,Stable,None,No Monsoon relevance,None,4% avg weekend uplift,0,0,Seasonal factor: No Monsoon relevance; Niche product - irregular demand pattern
September,2024,SKU0097,Green Tea 100g,Beverages,Tea,259,8.6,43771.0,23.3,Monsoon demand - Tea,Seasonal - Monsoon,Adequate inventory maintained,Moderate Increase,None,Monsoon demand - Tea,None,4% avg weekend uplift,0,0,Seasonal factor: Monsoon demand - Tea; Niche product - irregular demand pattern
September,2024,SKU0062,Fresh Milk 1L,Dairy,Milk,868,28.9,44268.0,15.7,Regular consumer demand,Normal Trading,Adequate inventory maintained,Stable,None,No Monsoon relevance,None,7% avg weekend uplift,0,0,Seasonal factor: No Monsoon relevance
September,2024,SKU0138,Tomato 1kg,Fruits & Vegetables,Vegetables,808,26.9,33936.0,7.7,Regular consumer demand,Normal Trading,Low stock impact - 52 units missed opportunity,Stable,None,No Monsoon relevance,None,9% avg weekend uplift,0,52,Seasonal factor: No Monsoon relevance
September,2024,SKU0139,Onion 1kg,Fruits & Vegetables,Vegetables,1038,34.6,33216.0,15.3,Regular consumer demand,Normal Trading,Low stock impact - 48 units missed opportunity,Stable,None,No Monsoon relevance,None,9% avg weekend uplift,0,48,Seasonal factor: No Monsoon relevance
September,2024,SKU0294,Men's Kurta Set XL,Lifestyle,Clothing,470,15.7,986530.0,4.4,Regular consumer demand,Normal Trading,Adequate inventory maintained,Stable,None,No Monsoon relevance,None,7% avg weekend uplift,0,0,Seasonal factor: No Monsoon relevance
September,2024,SKU0123,Muffins 2pcs,Bakery,Bakery,121,4.0,9559.0,0.8,Regular consumer demand,Normal Trading,Adequate inventory maintained,Stable,None,No Monsoon relevance,None,3% avg weekend uplift,0,0,Seasonal factor: No Monsoon relevance; Niche product - irregular demand pattern
September,2024,SKU0178,Pooja Plate Set,Household,Religious,573,19.1,154137.0,12.4,Regular consumer demand,Normal Trading,Adequate inventory maintained,Stable,None,No Monsoon relevance,None,3% avg weekend uplift,0,0,Seasonal factor: No Monsoon relevance
September,2024,SKU0206,Gift Wrap Paper 5 sheets,Stationery,Gift Wrap,542,18.1,33604.0,0.4,Regular consumer demand,Normal Trading,Adequate inventory maintained,Stable,None,No Monsoon relevance,None,3% avg weekend uplift,0,0,Seasonal factor: No Monsoon relevance
September,2024,SKU0021,Sugar 1kg,Grocery,Sweeteners,847,28.2,35574.0,-2.6,Regular consumer demand,Normal Trading,Adequate inventory maintained,Stable,None,No Monsoon relevance,None,5% avg weekend uplift,0,0,Seasonal factor: No Monsoon relevance
September,2024,SKU0132,Frozen Nuggets 500g,Frozen Foods,Frozen Foods,230,7.7,52670.0,-4.2,Regular consumer demand,Normal Trading,Adequate inventory maintained,Stable,None,No Monsoon relevance,None,5% avg weekend uplift,0,0,Seasonal factor: No Monsoon relevance; Niche product - irregular demand pattern
September,2024,SKU0268,Lip Balm 10g,Personal Care,Lip Care,763,25.4,60277.0,-2.2,Regular consumer demand,Normal Trading,Low stock impact - 49 units missed opportunity,Stable,None,No Monsoon relevance,None,6% avg weekend uplift,0,49,Seasonal factor: No Monsoon relevance
September,2024,SKU0086,Health Drink 1kg,Beverages,Health Drinks,857,28.6,281953.0,2.0,Regular consumer demand,Normal Trading,Adequate inventory maintained,Stable,None,No Monsoon relevance,None,12% avg weekend uplift,0,0,Seasonal factor: No Monsoon relevance
September,2024,SKU0130,Frozen Parotta 400g,Frozen Foods,Frozen Foods,590,19.7,36580.0,9.3,Regular consumer demand,Normal Trading,Low stock impact - 43 units missed opportunity,Stable,None,No Monsoon relevance,None,15% avg weekend uplift,0,43,Seasonal factor: No Monsoon relevance
September,2024,SKU0081,Tea Powder 1kg,Beverages,Tea,1098,36.6,295362.0,66.4,Monsoon demand - Tea,Seasonal - Monsoon,Adequate inventory maintained,Strong Increase,None,Monsoon demand - Tea,None,12% avg weekend uplift,0,0,Seasonal factor: Monsoon demand - Tea; Significant demand spike - review forecast
September,2024,SKU0084,Instant Coffee 200g,Beverages,Coffee,794,26.5,134186.0,5.9,Regular consumer demand,Normal Trading,Adequate inventory maintained,Stable,None,No Monsoon relevance,None,12% avg weekend uplift,0,0,Seasonal factor: No Monsoon relevance
September,2024,SKU0246,Frozen Chapati 20pcs,Frozen Foods,Frozen Foods,657,21.9,91323.0,9.5,Regular consumer demand,Normal Trading,Adequate inventory maintained,Stable,None,No Monsoon relevance,None,15% avg weekend uplift,0,0,Seasonal factor: No Monsoon relevance
September,2024,SKU0291,Christmas Chocolates 24pcs,Snacks,Chocolates,538,17.9,752662.0,12.1,Regular consumer demand,Normal Trading,Adequate inventory maintained,Stable,None,No Monsoon relevance,None,18% avg weekend uplift,0,0,Seasonal factor: No Monsoon relevance
September,2024,SKU0026,Coriander Powder 200g,Grocery,Spices,984,32.8,51168.0,9.3,Regular consumer demand,Normal Trading,Adequate inventory maintained,Stable,None,No Monsoon relevance,None,5% avg weekend uplift,0,0,Seasonal factor: No Monsoon relevance
September,2024,SKU0036,Vermicelli 500g,Grocery,Pasta,601,20.0,43272.0,11.3,Regular consumer demand,Normal Trading,Adequate inventory maintained,Stable,None,No Monsoon relevance,None,5% avg weekend uplift,0,0,Seasonal factor: No Monsoon relevance
September,2024,SKU0077,Lassi 200ml,Dairy,Beverages,932,31.1,29824.0,7.1,Regular consumer demand,Normal Trading,Adequate inventory maintained,Stable,None,No Monsoon relevance,None,7% avg weekend uplift,0,0,Seasonal factor: No Monsoon relevance
September,2024,SKU0150,Sugarcane Per Stick,Fruits & Vegetables,Fruits,532,17.7,12236.0,4.3,Regular consumer demand,Normal Trading,Low stock impact - 50 units missed opportunity,Stable,None,No Monsoon relevance,None,9% avg weekend uplift,0,50,Seasonal factor: No Monsoon relevance
September,2024,SKU0210,Earphones Wired,Electronics,Electronics,85,2.8,35615.0,-5.6,Regular consumer demand,Normal Trading,Low stock impact - 9 units missed opportunity,Stable,None,No Monsoon relevance,None,2% avg weekend uplift,0,9,Seasonal factor: No Monsoon relevance; Niche product - irregular demand pattern
September,2024,SKU0119,Bread Loaf 400g,Bakery,Bakery,1076,35.9,45192.0,19.6,Regular consumer demand,Normal Trading,Adequate inventory maintained,Stable,None,No Monsoon relevance,None,10% avg weekend uplift,0,0,Seasonal factor: No Monsoon relevance
September,2024,SKU0161,Diya Lamps 10pcs,Household,Religious,489,16.3,67971.0,-4.1,Regular consumer demand,Normal Trading,Adequate inventory maintained,Stable,None,No Monsoon relevance,None,3% avg weekend uplift,0,0,Seasonal factor: No Monsoon relevance
September,2024,SKU0261,Cheese Balls 150g,Snacks,Snacks,189,6.3,22491.0,5.0,Regular consumer demand,Normal Trading,Adequate inventory maintained,Stable,None,No Monsoon relevance,None,5% avg weekend uplift,0,0,Seasonal factor: No Monsoon relevance; Niche product - irregular demand pattern
September,2024,SKU0193,Shaving Razor 2pcs,Personal Care,Grooming,647,21.6,109343.0,13.5,Regular consumer demand,Normal Trading,Adequate inventory maintained,Stable,None,No Monsoon relevance,None,6% avg weekend uplift,0,0,Seasonal factor: No Monsoon relevance
September,2024,SKU0011,Urad Dal 1kg,Grocery,Pulses,597,19.9,112833.0,4.7,Regular consumer demand,Normal Trading,Adequate inventory maintained,Stable,None,No Monsoon relevance,None,5% avg weekend uplift,0,0,Seasonal factor: No Monsoon relevance
September,2024,SKU0052,Quinoa 500g,Grocery,Grains,230,7.7,61870.0,-4.2,Regular consumer demand,Normal Trading,Adequate inventory maintained,Stable,None,No Monsoon relevance,None,1% avg weekend uplift,0,0,Seasonal factor: No Monsoon relevance; Niche product - irregular demand pattern
September,2024,SKU0020,Jaggery 1kg,Grocery,Sweeteners,428,14.3,33812.0,-4.9,Regular consumer demand,Normal Trading,Adequate inventory maintained,Stable,None,No Monsoon relevance,None,5% avg weekend uplift,0,0,Seasonal factor: No Monsoon relevance
September,2024,SKU0149,Coconut Per Piece,Fruits & Vegetables,Fruits,326,10.9,10432.0,-1.2,Regular consumer demand,Normal Trading,Adequate inventory maintained,Stable,None,No Monsoon relevance,None,9% avg weekend uplift,0,0,Seasonal factor: No Monsoon relevance
September,2024,SKU0253,Dry Fruit Mix 1kg,Grocery,Nuts,660,22.0,527340.0,10.0,Regular consumer demand,Normal Trading,Adequate inventory maintained,Stable,None,No Monsoon relevance,None,5% avg weekend uplift,0,0,Seasonal factor: No Monsoon relevance
September,2024,SKU0031,Cashew Nuts 500g,Grocery,Nuts,574,19.1,229026.0,19.6,Regular consumer demand,Normal Trading,Adequate inventory maintained,Stable,None,No Monsoon relevance,None,5% avg weekend uplift,0,0,Seasonal factor: No Monsoon relevance
September,2024,SKU0213,Mixer Grinder 750W,Electronics,Appliances,115,3.8,310385.0,-4.2,Regular consumer demand,Normal Trading,Adequate inventory maintained,Stable,None,No Monsoon relevance,None,2% avg weekend uplift,0,0,Seasonal factor: No Monsoon relevance; Niche product - irregular demand pattern
September,2024,SKU0245,Instant Upma Mix 500g,Grocery,Mixes,585,19.5,52065.0,8.3,Regular consumer demand,Normal Trading,Adequate inventory maintained,Stable,None,No Monsoon relevance,None,5% avg weekend uplift,0,0,Seasonal factor: No Monsoon relevance
September,2024,SKU0181,Bath Soap 150g,Personal Care,Bath Soaps,685,22.8,28770.0,14.2,Regular consumer demand,Normal Trading,Low stock impact - 46 units missed opportunity,Stable,None,No Monsoon relevance,None,6% avg weekend uplift,0,46,Seasonal factor: No Monsoon relevance
September,2024,SKU0143,Garlic 250g,Fruits & Vegetables,Vegetables,863,28.8,44876.0,2.7,Regular consumer demand,Normal Trading,Adequate inventory maintained,Stable,None,No Monsoon relevance,None,9% avg weekend uplift,0,0,Seasonal factor: No Monsoon relevance
September,2024,SKU0044,Cornflakes 500g,Grocery,Breakfast,852,28.4,135468.0,13.6,Regular consumer demand,Normal Trading,Adequate inventory maintained,Stable,None,No Monsoon relevance,None,5% avg weekend uplift,0,0,Seasonal factor: No Monsoon relevance
September,2024,SKU0290,Decorative Candles 6pcs,Household,Decorations,244,8.1,33916.0,1.7,Regular consumer demand,Normal Trading,Adequate inventory maintained,Stable,None,No Monsoon relevance,None,3% avg weekend uplift,0,0,Seasonal factor: No Monsoon relevance
September,2024,SKU0234,Bluetooth Speaker Portable,Electronics,Electronics,212,7.1,296588.0,1.0,Regular consumer demand,Normal Trading,Adequate inventory maintained,Stable,None,No Monsoon relevance,None,2% avg weekend uplift,0,0,Seasonal factor: No Monsoon relevance; Niche product - irregular demand pattern
September,2024,SKU0230,Pongal Pot Set,Household,Religious,479,16.0,219861.0,-0.2,Regular consumer demand,Normal Trading,Adequate inventory maintained,Stable,None,No Monsoon relevance,None,3% avg weekend uplift,0,0,Seasonal factor: No Monsoon relevance
September,2024,SKU0115,Salted Peanuts 200g,Snacks,Nuts,902,30.1,71258.0,11.4,Regular consumer demand,Normal Trading,Adequate inventory maintained,Stable,None,No Monsoon relevance,None,18% avg weekend uplift,0,0,Seasonal factor: No Monsoon relevance
September,2024,SKU0090,Mineral Water 1L,Beverages,Beverages,524,17.5,9956.0,16.4,Regular consumer demand,Normal Trading,Adequate inventory maintained,Stable,None,No Monsoon relevance,None,12% avg weekend uplift,0,0,Seasonal factor: No Monsoon relevance
September,2024,SKU0108,Chocolate Cookies 200g,Snacks,Biscuits,955,31.8,75445.0,17.9,Regular consumer demand,Normal Trading,Adequate inventory maintained,Stable,None,No Monsoon relevance,None,18% avg weekend uplift,0,0,Seasonal factor: No Monsoon relevance
September,2024,SKU0229,Santa Cap Free Size,Lifestyle,Clothing,506,16.9,70334.0,20.5,Regular consumer demand,Weekend/Demand Surge,Adequate inventory maintained,Moderate Increase,None,No Monsoon relevance,None,7% avg weekend uplift,0,0,Seasonal factor: No Monsoon relevance
September,2024,SKU0225,Plastic Chairs Single,Lifestyle,Furniture,216,7.2,133704.0,2.9,Regular consumer demand,Normal Trading,Adequate inventory maintained,Stable,None,No Monsoon relevance,None,2% avg weekend uplift,0,0,Seasonal factor: No Monsoon relevance; Niche product - irregular demand pattern
September,2024,SKU0259,Fresh Lime Soda 250ml,Beverages,Beverages,306,10.2,12852.0,13.3,Regular consumer demand,Normal Trading,Adequate inventory maintained,Stable,None,No Monsoon relevance,None,12% avg weekend uplift,0,0,Seasonal factor: No Monsoon relevance
September,2024,SKU0059,Green Gram 1kg,Grocery,Pulses,739,24.6,65771.0,2.6,Regular consumer demand,Normal Trading,Adequate inventory maintained,Stable,None,No Monsoon relevance,None,5% avg weekend uplift,0,0,Seasonal factor: No Monsoon relevance
September,2024,SKU0293,Silk Saree Combo Festival Pack,Lifestyle,Clothing,363,12.1,1342737.0,21.0,Regular consumer demand,Weekend/Demand Surge,Adequate inventory maintained,Moderate Increase,None,No Monsoon relevance,None,7% avg weekend uplift,0,0,Seasonal factor: No Monsoon relevance
September,2024,SKU0124,Birthday Cake 1kg,Bakery,Bakery,175,5.8,80325.0,16.7,Regular consumer demand,Normal Trading,Adequate inventory maintained,Stable,None,No Monsoon relevance,None,3% avg weekend uplift,0,0,Seasonal factor: No Monsoon relevance; Niche product - irregular demand pattern
September,2024,SKU0260,Sports Drink 250ml,Beverages,Beverages,470,15.7,24440.0,4.4,Regular consumer demand,Normal Trading,Low stock impact - 14 units missed opportunity,Stable,None,No Monsoon relevance,None,12% avg weekend uplift,0,14,Seasonal factor: No Monsoon relevance
September,2024,SKU0103,Murukku 250g,Snacks,Traditional Snacks,364,12.1,43316.0,34.8,Regular consumer demand,Weekend/Demand Surge,Adequate inventory maintained,Moderate Increase,None,No Monsoon relevance,None,18% avg weekend uplift,0,0,Seasonal factor: No Monsoon relevance
September,2024,SKU0166,Detergent Powder 2kg,Household,Laundry,899,30.0,205871.0,3.3,Regular consumer demand,Normal Trading,Adequate inventory maintained,Stable,None,No Monsoon relevance,None,3% avg weekend uplift,0,0,Seasonal factor: No Monsoon relevance
September,2024,SKU0164,Dishwash Liquid 750ml,Household,Cleaning,406,13.5,56434.0,-9.8,Regular consumer demand,Normal Trading,Low stock impact - 44 units missed opportunity,Stable,None,No Monsoon relevance,None,3% avg weekend uplift,0,44,Seasonal factor: No Monsoon relevance
September,2024,SKU0167,Detergent Powder 2kg,Household,Laundry,884,29.5,237796.0,-1.8,Regular consumer demand,Normal Trading,Adequate inventory maintained,Stable,None,No Monsoon relevance,None,3% avg weekend uplift,0,0,Seasonal factor: No Monsoon relevance
September,2024,SKU0105,Banana Chips 250g,Snacks,Chips,917,30.6,81613.0,32.9,Regular consumer demand,Weekend/Demand Surge,Adequate inventory maintained,Moderate Increase,None,No Monsoon relevance,None,18% avg weekend uplift,0,0,Seasonal factor: No Monsoon relevance
September,2024,SKU0035,Dates Premium 500g,Grocery,Nuts,241,8.0,64829.0,0.4,Regular consumer demand,Normal Trading,Adequate inventory maintained,Stable,None,No Monsoon relevance,None,5% avg weekend uplift,0,0,Seasonal factor: No Monsoon relevance
September,2024,SKU0042,Pickle Jar 500g,Grocery,Condiments,826,27.5,98294.0,14.7,Regular consumer demand,Normal Trading,Adequate inventory maintained,Stable,None,No Monsoon relevance,None,5% avg weekend uplift,0,0,Seasonal factor: No Monsoon relevance
September,2024,SKU0095,Badam Milk 180ml,Beverages,Beverages,414,13.8,17388.0,25.5,Regular consumer demand,Weekend/Demand Surge,Adequate inventory maintained,Moderate Increase,None,No Monsoon relevance,None,12% avg weekend uplift,0,0,Seasonal factor: No Monsoon relevance
September,2024,SKU0203,Pencil Box 10pcs,Stationery,Stationery,136,4.5,18904.0,13.3,Regular consumer demand,Normal Trading,Adequate inventory maintained,Stable,None,No Monsoon relevance,None,1% avg weekend uplift,0,0,Seasonal factor: No Monsoon relevance
September,2024,SKU0111,Halwa Pack 500g,Snacks,Traditional Sweets,511,17.0,137459.0,21.7,Regular consumer demand,Weekend/Demand Surge,Low stock impact - 20 units missed opportunity,Moderate Increase,None,No Monsoon relevance,None,18% avg weekend uplift,0,20,Seasonal factor: No Monsoon relevance
September,2024,SKU0156,Cucumber 1kg,Fruits & Vegetables,Vegetables,945,31.5,30240.0,8.6,Regular consumer demand,Normal Trading,Adequate inventory maintained,Stable,None,No Monsoon relevance,None,9% avg weekend uplift,0,0,Seasonal factor: No Monsoon relevance
September,2024,SKU0023,Rock Salt 500g,Grocery,Salt,560,18.7,17920.0,-11.1,Regular consumer demand,Normal Trading,Adequate inventory maintained,Moderate Decline,None,No Monsoon relevance,None,5% avg weekend uplift,0,0,Seasonal factor: No Monsoon relevance
September,2024,SKU0002,Ponni Rice 10kg,Grocery,Rice,724,24.1,940476.0,14.9,Regular consumer demand,Normal Trading,Adequate inventory maintained,Stable,None,No Monsoon relevance,None,5% avg weekend uplift,0,0,Seasonal factor: No Monsoon relevance
September,2024,SKU0187,Toothpaste 150g,Personal Care,Oral Care,744,24.8,53568.0,-8.1,Regular consumer demand,Normal Trading,Stockout for 3 days - lost 66 units,Stable,None,No Monsoon relevance,None,6% avg weekend uplift,3,66,Seasonal factor: No Monsoon relevance; Inventory issue: Stockout for 3 days - lost 66 units
September,2024,SKU0275,Kitchen Towels 2 Rolls,Household,Kitchenware,693,23.1,82467.0,5.0,Regular consumer demand,Normal Trading,Adequate inventory maintained,Stable,None,No Monsoon relevance,None,3% avg weekend uplift,0,0,Seasonal factor: No Monsoon relevance
September,2024,SKU0192,Perfume Gift Set,Personal Care,Fragrances,318,10.6,254082.0,17.8,Regular consumer demand,Normal Trading,Adequate inventory maintained,Stable,None,No Monsoon relevance,None,6% avg weekend uplift,0,0,Seasonal factor: No Monsoon relevance
September,2024,SKU0008,Maida Flour 1kg,Grocery,Flour,646,21.5,27132.0,-10.3,Regular consumer demand,Normal Trading,Adequate inventory maintained,Moderate Decline,None,No Monsoon relevance,None,5% avg weekend uplift,0,0,Seasonal factor: No Monsoon relevance
September,2024,SKU0239,Vitamin Supplements 30 tabs,Personal Care,Health,561,18.7,184569.0,-15.0,Regular consumer demand,Normal Trading,Low stock impact - 56 units missed opportunity,Moderate Decline,None,No Monsoon relevance,None,6% avg weekend uplift,0,56,Seasonal factor: No Monsoon relevance
September,2024,SKU0160,Camphor 100g,Household,Religious,398,13.3,35422.0,10.6,Regular consumer demand,Normal Trading,Adequate inventory maintained,Stable,None,No Monsoon relevance,None,3% avg weekend uplift,0,0,Seasonal factor: No Monsoon relevance
September,2024,SKU0298,Pongal Sugar Pack 2kg,Grocery,Sweeteners,609,20.3,102921.0,1.5,Regular consumer demand,Normal Trading,Adequate inventory maintained,Stable,None,No Monsoon relevance,None,5% avg weekend uplift,0,0,Seasonal factor: No Monsoon relevance
September,2024,SKU0054,Honey 500g,Grocery,Sweeteners,570,19.0,90630.0,5.6,Regular consumer demand,Normal Trading,Adequate inventory maintained,Stable,None,No Monsoon relevance,None,5% avg weekend uplift,0,0,Seasonal factor: No Monsoon relevance
September,2024,SKU0263,Frozen Veg Burger Patty 400g,Frozen Foods,Frozen Foods,137,4.6,27263.0,-8.7,Regular consumer demand,Normal Trading,Adequate inventory maintained,Stable,None,No Monsoon relevance,None,5% avg weekend uplift,0,0,Seasonal factor: No Monsoon relevance; Niche product - irregular demand pattern
September,2024,SKU0019,Ghee 1L,Grocery,Ghee,928,30.9,481632.0,10.5,Regular consumer demand,Normal Trading,Adequate inventory maintained,Stable,None,No Monsoon relevance,None,5% avg weekend uplift,0,0,Seasonal factor: No Monsoon relevance
September,2024,SKU0070,Ice Cream Family Pack 1L,Dairy,Frozen,517,17.2,87373.0,1.4,Regular consumer demand,Normal Trading,Adequate inventory maintained,Stable,None,No Monsoon relevance,None,7% avg weekend uplift,0,0,Seasonal factor: No Monsoon relevance
September,2024,SKU0147,Watermelon Per Piece,Fruits & Vegetables,Fruits,581,19.4,36022.0,1.9,Regular consumer demand,Normal Trading,Adequate inventory maintained,Stable,None,No Monsoon relevance,None,9% avg weekend uplift,0,0,Seasonal factor: No Monsoon relevance
September,2024,SKU0286,Dry Fruit Gift Hamper Combo,Grocery,Gift Sets,563,18.8,675037.0,4.3,Regular consumer demand,Normal Trading,Adequate inventory maintained,Stable,None,No Monsoon relevance,None,5% avg weekend uplift,0,0,Seasonal factor: No Monsoon relevance
September,2024,SKU0047,Biryani Masala 100g,Grocery,Spices,454,15.1,19068.0,0.9,Regular consumer demand,Normal Trading,Adequate inventory maintained,Stable,None,No Monsoon relevance,None,5% avg weekend uplift,0,0,Seasonal factor: No Monsoon relevance
September,2024,SKU0182,Bath Soap 125g,Personal Care,Bath Soaps,558,18.6,34596.0,-2.1,Regular consumer demand,Normal Trading,Adequate inventory maintained,Stable,None,No Monsoon relevance,None,6% avg weekend uplift,0,0,Seasonal factor: No Monsoon relevance
September,2024,SKU0183,Shampoo Sachet 6ml,Personal Care,Hair Care,590,19.7,2950.0,9.3,Regular consumer demand,Normal Trading,Low stock impact - 30 units missed opportunity,Stable,None,No Monsoon relevance,None,6% avg weekend uplift,0,30,Seasonal factor: No Monsoon relevance
September,2024,SKU0069,Flavored Yogurt 90g,Dairy,Dairy,174,5.8,7308.0,-3.3,Regular consumer demand,Normal Trading,Low stock impact - 5 units missed opportunity,Stable,None,No Monsoon relevance,None,2% avg weekend uplift,0,5,Seasonal factor: No Monsoon relevance; Niche product - irregular demand pattern
September,2024,SKU0007,Wheat Flour Atta 5kg,Grocery,Atta,767,25.6,229333.0,2.3,Regular consumer demand,Normal Trading,Adequate inventory maintained,Stable,None,No Monsoon relevance,None,5% avg weekend uplift,0,0,Seasonal factor: No Monsoon relevance
September,2024,SKU0276,Match Box 10pcs,Household,Household,665,22.2,15295.0,5.6,Regular consumer demand,Normal Trading,Adequate inventory maintained,Stable,None,No Monsoon relevance,None,3% avg weekend uplift,0,0,Seasonal factor: No Monsoon relevance
September,2024,SKU0096,Fruit Syrup 750ml,Beverages,Syrups,416,13.9,66144.0,6.7,Regular consumer demand,Normal Trading,Low stock impact - 29 units missed opportunity,Stable,None,No Monsoon relevance,None,12% avg weekend uplift,0,29,Seasonal factor: No Monsoon relevance
September,2024,SKU0079,Probiotic Drink 5pcs,Dairy,Beverages,132,4.4,15708.0,-12.0,Regular consumer demand,Normal Trading,Adequate inventory maintained,Moderate Decline,None,No Monsoon relevance,None,2% avg weekend uplift,0,0,Seasonal factor: No Monsoon relevance; Niche product - irregular demand pattern
September,2024,SKU0078,Dairy Whitener 400g,Dairy,Dairy,466,15.5,64774.0,-2.9,Regular consumer demand,Normal Trading,Adequate inventory maintained,Stable,None,No Monsoon relevance,None,7% avg weekend uplift,0,0,Seasonal factor: No Monsoon relevance
September,2024,SKU0116,Namkeen Mix 400g,Snacks,Traditional Snacks,583,19.4,81037.0,14.3,Regular consumer demand,Normal Trading,Adequate inventory maintained,Stable,None,No Monsoon relevance,None,18% avg weekend uplift,0,0,Seasonal factor: No Monsoon relevance
September,2024,SKU0281,Mosquito Bat Rechargeable,Household,Pest Control,749,25.0,246421.0,-10.8,Regular consumer demand,Normal Trading,Adequate inventory maintained,Moderate Decline,None,No Monsoon relevance,None,3% avg weekend uplift,0,0,Seasonal factor: No Monsoon relevance
September,2024,SKU0226,Saree Gift Pack Silk Blend,Lifestyle,Clothing,324,10.8,874476.0,-1.8,Regular consumer demand,Normal Trading,Adequate inventory maintained,Stable,None,No Monsoon relevance,None,7% avg weekend uplift,0,0,Seasonal factor: No Monsoon relevance
September,2024,SKU0238,Face Mask Pack 3pcs,Personal Care,Beauty,114,3.8,26106.0,-5.0,Regular consumer demand,Normal Trading,Adequate inventory maintained,Stable,None,No Monsoon relevance,None,2% avg weekend uplift,0,0,Seasonal factor: No Monsoon relevance; Niche product - irregular demand pattern
September,2024,SKU0299,Ramadan Combo Kit,Grocery,Gift Sets,372,12.4,297228.0,12.7,Regular consumer demand,Normal Trading,Adequate inventory maintained,Stable,None,No Monsoon relevance,None,5% avg weekend uplift,0,0,Seasonal factor: No Monsoon relevance
September,2024,SKU0050,Sugar Candy 250g,Grocery,Sweeteners,253,8.4,18216.0,5.4,Regular consumer demand,Normal Trading,Adequate inventory maintained,Stable,None,No Monsoon relevance,None,5% avg weekend uplift,0,0,Seasonal factor: No Monsoon relevance
September,2024,SKU0128,Donuts 2pcs,Bakery,Bakery,176,5.9,20944.0,-2.2,Regular consumer demand,Normal Trading,Adequate inventory maintained,Stable,None,No Monsoon relevance,None,3% avg weekend uplift,0,0,Seasonal factor: No Monsoon relevance; Niche product - irregular demand pattern
September,2024,SKU0272,Lunch Box Medium,Household,Kitchenware,459,15.3,123471.0,-4.4,Regular consumer demand,Normal Trading,Adequate inventory maintained,Stable,None,No Monsoon relevance,None,3% avg weekend uplift,0,0,Seasonal factor: No Monsoon relevance
September,2024,SKU0244,Green Peas Masala 200g,Grocery,Mixes,135,4.5,10665.0,12.5,Regular consumer demand,Normal Trading,Adequate inventory maintained,Stable,None,No Monsoon relevance,None,1% avg weekend uplift,0,0,Seasonal factor: No Monsoon relevance; Niche product - irregular demand pattern
September,2024,SKU0014,Groundnut Oil 1L,Grocery,Oil,526,17.5,67854.0,9.6,Regular consumer demand,Normal Trading,Adequate inventory maintained,Stable,None,No Monsoon relevance,None,5% avg weekend uplift,0,0,Seasonal factor: No Monsoon relevance
September,2024,SKU0106,Popcorn 100g,Snacks,Chips,757,25.2,31794.0,5.1,Regular consumer demand,Normal Trading,Adequate inventory maintained,Stable,None,No Monsoon relevance,None,18% avg weekend uplift,0,0,Seasonal factor: No Monsoon relevance
September,2024,SKU0013,Chana Dal 1kg,Grocery,Pulses,935,31.2,148665.0,7.5,Regular consumer demand,Normal Trading,Adequate inventory maintained,Stable,None,No Monsoon relevance,None,5% avg weekend uplift,0,0,Seasonal factor: No Monsoon relevance
September,2024,SKU0029,Pepper Powder 100g,Grocery,Spices,769,25.6,91511.0,-8.5,Regular consumer demand,Normal Trading,Low stock impact - 72 units missed opportunity,Stable,None,No Monsoon relevance,None,5% avg weekend uplift,0,72,Seasonal factor: No Monsoon relevance
September,2024,SKU0218,Umbrella Large,Lifestyle,Rainwear,766,25.5,252014.0,183.7,Monsoon demand - Umbrella,Seasonal - Monsoon,Adequate inventory maintained,Strong Increase,None,Monsoon demand - Umbrella,None,7% avg weekend uplift,0,0,Seasonal factor: Monsoon demand - Umbrella; Significant demand spike - review forecast
September,2024,SKU0287,Festival Sweet Combo 2kg,Snacks,Traditional Sweets,420,14.0,335580.0,27.3,Regular consumer demand,Weekend/Demand Surge,Adequate inventory maintained,Moderate Increase,None,No Monsoon relevance,None,18% avg weekend uplift,0,0,Seasonal factor: No Monsoon relevance
September,2024,SKU0037,Aval / Poha 1kg,Grocery,Breakfast,655,21.8,40610.0,4.0,Regular consumer demand,Normal Trading,Adequate inventory maintained,Stable,None,No Monsoon relevance,None,5% avg weekend uplift,0,0,Seasonal factor: No Monsoon relevance
September,2024,SKU0127,Plum Cake 500g,Bakery,Bakery,555,18.5,149295.0,-2.6,Regular consumer demand,Normal Trading,Adequate inventory maintained,Stable,None,No Monsoon relevance,None,10% avg weekend uplift,0,0,Seasonal factor: No Monsoon relevance
September,2024,SKU0198,Baby Powder 200g,Personal Care,Baby Care,780,26.0,108420.0,4.0,Regular consumer demand,Normal Trading,Stockout for 3 days - lost 68 units,Stable,None,No Monsoon relevance,None,6% avg weekend uplift,3,68,Seasonal factor: No Monsoon relevance; Inventory issue: Stockout for 3 days - lost 68 units
September,2024,SKU0028,Rasam Powder 200g,Grocery,Spices,807,26.9,58104.0,-0.4,Regular consumer demand,Normal Trading,Stockout for 2 days - lost 41 units,Stable,None,No Monsoon relevance,None,5% avg weekend uplift,2,41,Seasonal factor: No Monsoon relevance; Inventory issue: Stockout for 2 days - lost 41 units
September,2024,SKU0121,Burger Buns 4pcs,Bakery,Bakery,481,16.0,15392.0,-5.7,Regular consumer demand,Normal Trading,Adequate inventory maintained,Stable,None,No Monsoon relevance,None,10% avg weekend uplift,0,0,Seasonal factor: No Monsoon relevance
September,2024,SKU0269,Hair Gel 100ml,Personal Care,Hair Care,139,4.6,19321.0,15.8,Regular consumer demand,Normal Trading,Adequate inventory maintained,Stable,None,No Monsoon relevance,None,2% avg weekend uplift,0,0,Seasonal factor: No Monsoon relevance; Niche product - irregular demand pattern
September,2024,SKU0284,Coconut Scraper Manual,Household,Kitchenware,149,5.0,40081.0,-0.7,Regular consumer demand,Normal Trading,Adequate inventory maintained,Stable,None,No Monsoon relevance,None,1% avg weekend uplift,0,0,Seasonal factor: No Monsoon relevance; Niche product - irregular demand pattern
September,2024,SKU0135,Ice Cubes 1kg,Frozen Foods,Frozen Foods,471,15.7,19782.0,12.1,Regular consumer demand,Normal Trading,Adequate inventory maintained,Stable,None,No Monsoon relevance,None,15% avg weekend uplift,0,0,Seasonal factor: No Monsoon relevance
September,2024,SKU0243,Instant Soup 3 Pack,Grocery,Instant Foods,891,29.7,123849.0,85.6,Monsoon demand - Soup,Seasonal - Monsoon,Stockout for 5 days - lost 132 units,Strong Increase,None,Monsoon demand - Soup,None,5% avg weekend uplift,5,132,Seasonal factor: Monsoon demand - Soup; Inventory issue: Stockout for 5 days - lost 132 units; Significant demand spike - review forecast
September,2024,SKU0040,Tamarind 500g,Grocery,Spices,913,30.4,81257.0,17.1,Regular consumer demand,Normal Trading,Adequate inventory maintained,Stable,None,No Monsoon relevance,None,5% avg weekend uplift,0,0,Seasonal factor: No Monsoon relevance
September,2024,SKU0258,Instant Coffee Sachet 10pcs,Beverages,Coffee,704,23.5,43648.0,-2.2,Regular consumer demand,Normal Trading,Adequate inventory maintained,Stable,None,No Monsoon relevance,None,12% avg weekend uplift,0,0,Seasonal factor: No Monsoon relevance
September,2024,SKU0242,Salt Biscuits 300g,Snacks,Biscuits,600,20.0,37200.0,17.6,Regular consumer demand,Normal Trading,Adequate inventory maintained,Stable,None,No Monsoon relevance,None,18% avg weekend uplift,0,0,Seasonal factor: No Monsoon relevance
September,2024,SKU0112,Sweet Box Assorted 1kg,Snacks,Traditional Sweets,276,9.2,126684.0,2.2,Regular consumer demand,Normal Trading,Adequate inventory maintained,Stable,None,No Monsoon relevance,None,18% avg weekend uplift,0,0,Seasonal factor: No Monsoon relevance
September,2024,SKU0211,USB Cable 1m,Electronics,Electronics,176,5.9,40304.0,-2.2,Regular consumer demand,Normal Trading,Adequate inventory maintained,Stable,None,No Monsoon relevance,None,2% avg weekend uplift,0,0,Seasonal factor: No Monsoon relevance; Niche product - irregular demand pattern
September,2024,SKU0273,Vacuum Flask 1L,Household,Kitchenware,243,8.1,101817.0,1.2,Regular consumer demand,Normal Trading,Adequate inventory maintained,Stable,None,No Monsoon relevance,None,1% avg weekend uplift,0,0,Seasonal factor: No Monsoon relevance; Niche product - irregular demand pattern
September,2024,SKU0274,Plastic Storage Container Set,Household,Kitchenware,178,5.9,142222.0,-1.1,Regular consumer demand,Normal Trading,Adequate inventory maintained,Stable,None,No Monsoon relevance,None,1% avg weekend uplift,0,0,Seasonal factor: No Monsoon relevance; Niche product - irregular demand pattern
September,2024,SKU0093,Tender Coconut Water 250ml,Beverages,Beverages,172,5.7,7224.0,14.7,Regular consumer demand,Normal Trading,Adequate inventory maintained,Stable,None,No Monsoon relevance,None,4% avg weekend uplift,0,0,Seasonal factor: No Monsoon relevance; Niche product - irregular demand pattern
September,2024,SKU0120,Bread Loaf 400g,Bakery,Bakery,1033,34.4,40287.0,23.0,Regular consumer demand,Weekend/Demand Surge,Adequate inventory maintained,Moderate Increase,None,No Monsoon relevance,None,10% avg weekend uplift,0,0,Seasonal factor: No Monsoon relevance
September,2024,SKU0228,Christmas Tree Decor Combo,Household,Decorations,393,13.1,314007.0,-6.4,Regular consumer demand,Normal Trading,Adequate inventory maintained,Stable,None,No Monsoon relevance,None,3% avg weekend uplift,0,0,Seasonal factor: No Monsoon relevance
September,2024,SKU0233,Drinking Water Can 20L,Beverages,Beverages,775,25.8,61225.0,-4.3,Regular consumer demand,Normal Trading,Adequate inventory maintained,Stable,None,No Monsoon relevance,None,12% avg weekend uplift,0,0,Seasonal factor: No Monsoon relevance
September,2024,SKU0185,Hair Oil 500ml,Personal Care,Hair Care,955,31.8,132745.0,13.7,Regular consumer demand,Normal Trading,Adequate inventory maintained,Stable,None,No Monsoon relevance,None,6% avg weekend uplift,0,0,Seasonal factor: No Monsoon relevance
September,2024,SKU0016,Gingelly Oil 1L,Grocery,Oil,740,24.7,132460.0,-8.6,Regular consumer demand,Normal Trading,Adequate inventory maintained,Stable,None,No Monsoon relevance,None,5% avg weekend uplift,0,0,Seasonal factor: No Monsoon relevance
September,2024,SKU0110,Dry Fruit Laddu Box 500g,Snacks,Traditional Sweets,361,12.0,133209.0,9.4,Regular consumer demand,Normal Trading,Adequate inventory maintained,Stable,None,No Monsoon relevance,None,18% avg weekend uplift,0,0,Seasonal factor: No Monsoon relevance
September,2024,SKU0022,Salt 1kg,Grocery,Salt,778,25.9,20228.0,-10.6,Regular consumer demand,Normal Trading,Adequate inventory maintained,Moderate Decline,None,No Monsoon relevance,None,5% avg weekend uplift,0,0,Seasonal factor: No Monsoon relevance
September,2024,SKU0153,Orange 1kg,Fruits & Vegetables,Fruits,817,27.2,72713.0,23.8,Regular consumer demand,Weekend/Demand Surge,Adequate inventory maintained,Moderate Increase,None,No Monsoon relevance,None,9% avg weekend uplift,0,0,Seasonal factor: No Monsoon relevance
September,2024,SKU0017,Coconut Oil 1L,Grocery,Oil,663,22.1,92157.0,-15.0,Regular consumer demand,Normal Trading,Low stock impact - 74 units missed opportunity,Moderate Decline,None,No Monsoon relevance,None,5% avg weekend uplift,0,74,Seasonal factor: No Monsoon relevance
September,2024,SKU0278,LED Lantern Rechargeable,Electronics,Lighting,318,10.6,133242.0,-3.6,Regular consumer demand,Normal Trading,Adequate inventory maintained,Stable,None,No Monsoon relevance,None,6% avg weekend uplift,0,0,Seasonal factor: No Monsoon relevance
September,2024,SKU0179,Banana Leaf Pack 10pcs,Grocery,Religious,502,16.7,39658.0,-1.6,Regular consumer demand,Normal Trading,Adequate inventory maintained,Stable,None,No Monsoon relevance,None,5% avg weekend uplift,0,0,Seasonal factor: No Monsoon relevance
September,2024,SKU0083,Filter Coffee Powder 500g,Beverages,Coffee,1023,34.1,234267.0,13.7,Regular consumer demand,Normal Trading,Adequate inventory maintained,Stable,None,No Monsoon relevance,None,12% avg weekend uplift,0,0,Seasonal factor: No Monsoon relevance
September,2024,SKU0237,Hair Dryer 1200W,Electronics,Electronics,207,6.9,248193.0,15.0,Regular consumer demand,Normal Trading,Adequate inventory maintained,Stable,None,No Monsoon relevance,None,2% avg weekend uplift,0,0,Seasonal factor: No Monsoon relevance; Niche product - irregular demand pattern
September,2024,SKU0256,Vermicelli Kheer Mix 200g,Grocery,Mixes,471,15.7,33912.0,4.7,Regular consumer demand,Normal Trading,Adequate inventory maintained,Stable,None,No Monsoon relevance,None,5% avg weekend uplift,0,0,Seasonal factor: No Monsoon relevance
September,2024,SKU0197,Baby Soap 100g,Personal Care,Baby Care,571,19.0,45109.0,5.7,Regular consumer demand,Normal Trading,Low stock impact - 26 units missed opportunity,Stable,None,No Monsoon relevance,None,6% avg weekend uplift,0,26,Seasonal factor: No Monsoon relevance
September,2024,SKU0262,Protein Shake 400g,Beverages,Health Drinks,238,7.9,99722.0,13.3,Regular consumer demand,Normal Trading,Adequate inventory maintained,Stable,None,No Monsoon relevance,None,4% avg weekend uplift,0,0,Seasonal factor: No Monsoon relevance; Niche product - irregular demand pattern
September,2024,SKU0092,Rose Milk 200ml,Beverages,Beverages,188,6.3,6016.0,4.4,Regular consumer demand,Normal Trading,Stockout for 4 days - lost 20 units,Stable,None,No Monsoon relevance,None,4% avg weekend uplift,4,20,Seasonal factor: No Monsoon relevance; Inventory issue: Stockout for 4 days - lost 20 units; Niche product - irregular demand pattern
September,2024,SKU0199,Hand Wash 750ml,Personal Care,Hygiene,681,22.7,115089.0,19.5,Regular consumer demand,Normal Trading,Adequate inventory maintained,Stable,None,No Monsoon relevance,None,6% avg weekend uplift,0,0,Seasonal factor: No Monsoon relevance
September,2024,SKU0131,Frozen Fries 420g,Frozen Foods,Frozen Foods,655,21.8,91045.0,4.0,Regular consumer demand,Normal Trading,Adequate inventory maintained,Stable,None,No Monsoon relevance,None,15% avg weekend uplift,0,0,Seasonal factor: No Monsoon relevance
September,2024,SKU0057,Pasta Sauce 300g,Grocery,Condiments,89,3.0,7921.0,-1.1,Regular consumer demand,Normal Trading,Adequate inventory maintained,Stable,None,No Monsoon relevance,None,1% avg weekend uplift,0,0,Seasonal factor: No Monsoon relevance; Niche product - irregular demand pattern
September,2024,SKU0099,Cold Coffee 180ml,Beverages,Beverages,647,21.6,27174.0,19.8,Regular consumer demand,Normal Trading,Adequate inventory maintained,Stable,None,No Monsoon relevance,None,12% avg weekend uplift,0,0,Seasonal factor: No Monsoon relevance
September,2024,SKU0051,Organic Brown Rice 5kg,Grocery,Rice,84,2.8,38556.0,-6.7,Regular consumer demand,Normal Trading,Stockout for 3 days - lost 4 units,Stable,None,No Monsoon relevance,None,1% avg weekend uplift,3,4,Seasonal factor: No Monsoon relevance; Inventory issue: Stockout for 3 days - lost 4 units; Niche product - irregular demand pattern
September,2024,SKU0191,Deodorant Spray 150ml,Personal Care,Deodorants,463,15.4,106027.0,-9.2,Regular consumer demand,Normal Trading,Low stock impact - 35 units missed opportunity,Stable,None,No Monsoon relevance,None,6% avg weekend uplift,0,35,Seasonal factor: No Monsoon relevance
September,2024,SKU0254,Pista Cookies 400g,Snacks,Biscuits,431,14.4,98699.0,30.6,Regular consumer demand,Weekend/Demand Surge,Adequate inventory maintained,Moderate Increase,None,No Monsoon relevance,None,18% avg weekend uplift,0,0,Seasonal factor: No Monsoon relevance
September,2024,SKU0205,Printer Paper 500 sheets,Stationery,Stationery,139,4.6,37391.0,15.8,Regular consumer demand,Normal Trading,Adequate inventory maintained,Stable,None,No Monsoon relevance,None,1% avg weekend uplift,0,0,Seasonal factor: No Monsoon relevance
September,2024,SKU0074,Greek Yogurt 400g,Dairy,Dairy,238,7.9,28322.0,13.3,Regular consumer demand,Normal Trading,Adequate inventory maintained,Stable,None,No Monsoon relevance,None,2% avg weekend uplift,0,0,Seasonal factor: No Monsoon relevance; Niche product - irregular demand pattern
September,2024,SKU0232,Disposable Plates & Cups 50pcs,Household,Party Supplies,509,17.0,116561.0,13.1,Regular consumer demand,Normal Trading,Adequate inventory maintained,Stable,None,No Monsoon relevance,None,3% avg weekend uplift,0,0,Seasonal factor: No Monsoon relevance
September,2024,SKU0168,Fabric Conditioner 860ml,Household,Laundry,134,4.5,21306.0,11.7,Regular consumer demand,Normal Trading,Adequate inventory maintained,Stable,None,No Monsoon relevance,None,1% avg weekend uplift,0,0,Seasonal factor: No Monsoon relevance; Niche product - irregular demand pattern
September,2024,SKU0009,Rava / Sooji 1kg,Grocery,Flour,438,14.6,22776.0,-8.8,Regular consumer demand,Normal Trading,Adequate inventory maintained,Stable,None,No Monsoon relevance,None,5% avg weekend uplift,0,0,Seasonal factor: No Monsoon relevance
September,2024,SKU0046,Nutella Spread 350g,Grocery,Spreads,98,3.3,26362.0,8.9,Regular consumer demand,Normal Trading,Adequate inventory maintained,Stable,None,No Monsoon relevance,None,1% avg weekend uplift,0,0,Seasonal factor: No Monsoon relevance; Niche product - irregular demand pattern
September,2024,SKU0221,Bedsheet Queen Size,Lifestyle,Bedding,534,17.8,426666.0,18.7,Regular consumer demand,Normal Trading,Adequate inventory maintained,Stable,None,No Monsoon relevance,None,7% avg weekend uplift,0,0,Seasonal factor: No Monsoon relevance
September,2024,SKU0300,Diwali Gift Hamper,Grocery,Gift Sets,556,18.5,666644.0,3.0,Regular consumer demand,Normal Trading,Adequate inventory maintained,Stable,None,No Monsoon relevance,None,5% avg weekend uplift,0,0,Seasonal factor: No Monsoon relevance
September,2024,SKU0114,Nachos 150g,Snacks,Chips,252,8.4,22428.0,5.0,Regular consumer demand,Normal Trading,Adequate inventory maintained,Stable,None,No Monsoon relevance,None,5% avg weekend uplift,0,0,Seasonal factor: No Monsoon relevance; Niche product - irregular demand pattern
September,2024,SKU0027,Sambar Powder 500g,Grocery,Spices,592,19.7,52688.0,-1.3,Regular consumer demand,Normal Trading,Adequate inventory maintained,Stable,None,No Monsoon relevance,None,5% avg weekend uplift,0,0,Seasonal factor: No Monsoon relevance
September,2024,SKU0236,Trimmer Rechargeable,Electronics,Electronics,188,6.3,150212.0,-10.5,Regular consumer demand,Normal Trading,Adequate inventory maintained,Moderate Decline,None,No Monsoon relevance,None,2% avg weekend uplift,0,0,Seasonal factor: No Monsoon relevance; Niche product - irregular demand pattern
September,2024,SKU0089,Soda Bottles 750ml,Beverages,Beverages,601,20.0,19232.0,25.2,Regular consumer demand,Weekend/Demand Surge,Adequate inventory maintained,Moderate Increase,None,No Monsoon relevance,None,12% avg weekend uplift,0,0,Seasonal factor: No Monsoon relevance
September,2024,SKU0145,Apple 1kg,Fruits & Vegetables,Fruits,730,24.3,123370.0,10.6,Regular consumer demand,Normal Trading,Low stock impact - 64 units missed opportunity,Stable,None,No Monsoon relevance,None,9% avg weekend uplift,0,64,Seasonal factor: No Monsoon relevance
September,2024,SKU0202,Ball Pen Pack 10pcs,Stationery,Stationery,506,16.9,31372.0,-6.3,Regular consumer demand,Normal Trading,Low stock impact - 31 units missed opportunity,Stable,None,No Monsoon relevance,None,3% avg weekend uplift,0,31,Seasonal factor: No Monsoon relevance
September,2024,SKU0250,Coconut Cookies 200g,Snacks,Biscuits,556,18.5,40032.0,15.8,Regular consumer demand,Normal Trading,Adequate inventory maintained,Stable,None,No Monsoon relevance,None,18% avg weekend uplift,0,0,Seasonal factor: No Monsoon relevance
September,2024,SKU0172,Mosquito Refill 45ml,Household,Pest Control,633,21.1,87987.0,11.1,Regular consumer demand,Normal Trading,Adequate inventory maintained,Stable,None,No Monsoon relevance,None,3% avg weekend uplift,0,0,Seasonal factor: No Monsoon relevance
September,2024,SKU0034,Raisins 250g,Grocery,Nuts,346,11.5,58474.0,4.8,Regular consumer demand,Normal Trading,Adequate inventory maintained,Stable,None,No Monsoon relevance,None,5% avg weekend uplift,0,0,Seasonal factor: No Monsoon relevance
September,2024,SKU0148,Mango 1kg,Fruits & Vegetables,Fruits,498,16.6,69222.0,-2.4,Regular consumer demand,Normal Trading,Low stock impact - 29 units missed opportunity,Stable,None,No Monsoon relevance,None,9% avg weekend uplift,0,29,Seasonal factor: No Monsoon relevance
September,2024,SKU0157,Carrot 1kg,Fruits & Vegetables,Vegetables,827,27.6,43004.0,2.1,Regular consumer demand,Normal Trading,Adequate inventory maintained,Stable,None,No Monsoon relevance,None,9% avg weekend uplift,0,0,Seasonal factor: No Monsoon relevance
September,2024,SKU0107,Biscuit Pack 300g,Snacks,Biscuits,573,19.1,41256.0,19.4,Regular consumer demand,Normal Trading,Adequate inventory maintained,Stable,None,No Monsoon relevance,None,18% avg weekend uplift,0,0,Seasonal factor: No Monsoon relevance
September,2024,SKU0184,Shampoo Bottle 340ml,Personal Care,Hair Care,598,19.9,160862.0,-0.3,Regular consumer demand,Normal Trading,Low stock impact - 16 units missed opportunity,Stable,None,No Monsoon relevance,None,6% avg weekend uplift,0,16,Seasonal factor: No Monsoon relevance
September,2024,SKU0196,Baby Lotion 200ml,Personal Care,Baby Care,918,30.6,210222.0,9.3,Regular consumer demand,Normal Trading,Low stock impact - 27 units missed opportunity,Stable,None,No Monsoon relevance,None,6% avg weekend uplift,0,27,Seasonal factor: No Monsoon relevance
September,2024,SKU0200,Hand Sanitizer 500ml,Personal Care,Hygiene,628,20.9,99852.0,10.2,Regular consumer demand,Normal Trading,Low stock impact - 22 units missed opportunity,Stable,None,No Monsoon relevance,None,6% avg weekend uplift,0,22,Seasonal factor: No Monsoon relevance
September,2024,SKU0208,Extension Box 4 socket,Electronics,Electrical,244,8.1,111996.0,16.2,Regular consumer demand,Normal Trading,Adequate inventory maintained,Stable,None,No Monsoon relevance,None,2% avg weekend uplift,0,0,Seasonal factor: No Monsoon relevance; Niche product - irregular demand pattern
September,2024,SKU0214,Rice Cooker 1.8L,Electronics,Appliances,136,4.5,285464.0,-9.3,Regular consumer demand,Normal Trading,Low stock impact - 14 units missed opportunity,Stable,None,No Monsoon relevance,None,2% avg weekend uplift,0,14,Seasonal factor: No Monsoon relevance; Niche product - irregular demand pattern
September,2024,SKU0289,Pooja Oil 500ml,Grocery,Religious,622,20.7,105118.0,15.2,Regular consumer demand,Normal Trading,Adequate inventory maintained,Stable,None,No Monsoon relevance,None,5% avg weekend uplift,0,0,Seasonal factor: No Monsoon relevance
September,2024,SKU0295,Kids Festive Wear Medium,Lifestyle,Clothing,328,10.9,458872.0,9.3,Regular consumer demand,Normal Trading,Adequate inventory maintained,Stable,None,No Monsoon relevance,None,7% avg weekend uplift,0,0,Seasonal factor: No Monsoon relevance
September,2024,SKU0075,Imported Cheese 200g,Dairy,Dairy,175,5.8,40075.0,-2.8,Regular consumer demand,Normal Trading,Adequate inventory maintained,Stable,None,No Monsoon relevance,None,2% avg weekend uplift,0,0,Seasonal factor: No Monsoon relevance; Niche product - irregular demand pattern
September,2024,SKU0235,Smart Watch Standard,Electronics,Electronics,201,6.7,462099.0,11.7,Regular consumer demand,Normal Trading,Adequate inventory maintained,Stable,None,No Monsoon relevance,None,2% avg weekend uplift,0,0,Seasonal factor: No Monsoon relevance; Niche product - irregular demand pattern
September,2024,SKU0072,Condensed Milk 400g,Dairy,Dairy,412,13.7,57268.0,5.6,Regular consumer demand,Normal Trading,Adequate inventory maintained,Stable,None,No Monsoon relevance,None,7% avg weekend uplift,0,0,Seasonal factor: No Monsoon relevance
September,2024,SKU0117,Energy Bar 6pcs,Snacks,Health Bars,135,4.5,36315.0,-10.0,Regular consumer demand,Normal Trading,Low stock impact - 6 units missed opportunity,Moderate Decline,None,No Monsoon relevance,None,5% avg weekend uplift,0,6,Seasonal factor: No Monsoon relevance; Niche product - irregular demand pattern
September,2024,SKU0067,Cheese Slices 200g,Dairy,Dairy,710,23.7,84490.0,7.6,Regular consumer demand,Normal Trading,Adequate inventory maintained,Stable,None,No Monsoon relevance,None,7% avg weekend uplift,0,0,Seasonal factor: No Monsoon relevance
September,2024,SKU0091,Mango Juice 1L,Beverages,Juices,513,17.1,45657.0,6.9,Regular consumer demand,Normal Trading,Adequate inventory maintained,Stable,None,No Monsoon relevance,None,12% avg weekend uplift,0,0,Seasonal factor: No Monsoon relevance
September,2024,SKU0227,Dhoti Set XL,Lifestyle,Clothing,636,21.2,508164.0,17.8,Regular consumer demand,Normal Trading,Adequate inventory maintained,Stable,None,No Monsoon relevance,None,7% avg weekend uplift,0,0,Seasonal factor: No Monsoon relevance
September,2024,SKU0279,Mobile Power Bank 10000mAh,Electronics,Electronics,119,4.0,166481.0,-0.8,Regular consumer demand,Normal Trading,Adequate inventory maintained,Stable,None,No Monsoon relevance,None,2% avg weekend uplift,0,0,Seasonal factor: No Monsoon relevance; Niche product - irregular demand pattern
September,2024,SKU0056,Pasta 500g,Grocery,Pasta,889,29.6,70231.0,9.8,Regular consumer demand,Normal Trading,Adequate inventory maintained,Stable,None,No Monsoon relevance,None,5% avg weekend uplift,0,0,Seasonal factor: No Monsoon relevance
September,2024,SKU0177,Steel Tiffin Box 3-tier,Household,Kitchenware,77,2.6,35343.0,-14.4,Regular consumer demand,Normal Trading,Low stock impact - 6 units missed opportunity,Moderate Decline,None,No Monsoon relevance,None,1% avg weekend uplift,0,6,Seasonal factor: No Monsoon relevance; Niche product - irregular demand pattern
September,2024,SKU0216,Emergency Lamp Rechargeable,Electronics,Lighting,284,9.5,226916.0,18.3,Regular consumer demand,Normal Trading,Adequate inventory maintained,Stable,None,No Monsoon relevance,None,6% avg weekend uplift,0,0,Seasonal factor: No Monsoon relevance
September,2024,SKU0024,Turmeric Powder 200g,Grocery,Spices,601,20.0,37262.0,0.2,Regular consumer demand,Normal Trading,Adequate inventory maintained,Stable,None,No Monsoon relevance,None,5% avg weekend uplift,0,0,Seasonal factor: No Monsoon relevance
September,2024,SKU0162,Decorative Lights 20m,Household,Decorations,473,15.8,217107.0,-7.3,Regular consumer demand,Normal Trading,Adequate inventory maintained,Stable,None,No Monsoon relevance,None,3% avg weekend uplift,0,0,Seasonal factor: No Monsoon relevance
September,2024,SKU0163,Rangoli Powder 500g,Household,Decorations,270,9.0,16740.0,12.5,Regular consumer demand,Normal Trading,Adequate inventory maintained,Stable,None,No Monsoon relevance,None,3% avg weekend uplift,0,0,Seasonal factor: No Monsoon relevance
September,2024,SKU0064,Curd Cup 400g,Dairy,Dairy,918,30.6,38556.0,17.7,Regular consumer demand,Normal Trading,Adequate inventory maintained,Stable,None,No Monsoon relevance,None,7% avg weekend uplift,0,0,Seasonal factor: No Monsoon relevance
September,2024,SKU0126,Croissants 6pcs,Bakery,Bakery,203,6.8,28217.0,-3.3,Regular consumer demand,Normal Trading,Adequate inventory maintained,Stable,None,No Monsoon relevance,None,3% avg weekend uplift,0,0,Seasonal factor: No Monsoon relevance; Niche product - irregular demand pattern
September,2024,SKU0134,Frozen Sweet Corn 500g,Frozen Foods,Frozen Foods,721,24.0,71379.0,4.5,Regular consumer demand,Normal Trading,Adequate inventory maintained,Stable,None,No Monsoon relevance,None,15% avg weekend uplift,0,0,Seasonal factor: No Monsoon relevance
September,2024,SKU0141,Green Chilli 250g,Fruits & Vegetables,Vegetables,1075,35.8,34400.0,-0.5,Regular consumer demand,Normal Trading,Adequate inventory maintained,Stable,None,No Monsoon relevance,None,9% avg weekend uplift,0,0,Seasonal factor: No Monsoon relevance
September,2024,SKU0025,Chilli Powder 500g,Grocery,Spices,971,32.4,76709.0,7.9,Regular consumer demand,Normal Trading,Adequate inventory maintained,Stable,None,No Monsoon relevance,None,5% avg weekend uplift,0,0,Seasonal factor: No Monsoon relevance
September,2024,SKU0297,Temple Coconut Pack 5pcs,Fruits & Vegetables,Fruits,675,22.5,114075.0,25.0,Regular consumer demand,Weekend/Demand Surge,Adequate inventory maintained,Moderate Increase,None,No Monsoon relevance,None,9% avg weekend uplift,0,0,Seasonal factor: No Monsoon relevance
September,2024,SKU0018,Ghee 500ml,Grocery,Ghee,829,27.6,223001.0,15.1,Regular consumer demand,Normal Trading,Adequate inventory maintained,Stable,None,No Monsoon relevance,None,5% avg weekend uplift,0,0,Seasonal factor: No Monsoon relevance
September,2024,SKU0174,Pressure Cooker 5L,Household,Cookware,199,6.6,238601.0,10.6,Regular consumer demand,Normal Trading,Adequate inventory maintained,Stable,None,No Monsoon relevance,None,1% avg weekend uplift,0,0,Seasonal factor: No Monsoon relevance; Niche product - irregular demand pattern
September,2024,SKU0175,Non-Stick Pan 28cm,Household,Cookware,186,6.2,148614.0,3.3,Regular consumer demand,Normal Trading,Low stock impact - 10 units missed opportunity,Stable,None,No Monsoon relevance,None,1% avg weekend uplift,0,10,Seasonal factor: No Monsoon relevance; Niche product - irregular demand pattern
September,2024,SKU0212,Electric Kettle 1.5L,Electronics,Appliances,96,3.2,115104.0,6.7,Regular consumer demand,Normal Trading,Low stock impact - 5 units missed opportunity,Stable,None,No Monsoon relevance,None,2% avg weekend uplift,0,5,Seasonal factor: No Monsoon relevance; Niche product - irregular demand pattern
September,2024,SKU0270,Beard Oil 50ml,Personal Care,Grooming,241,8.0,64829.0,0.4,Regular consumer demand,Normal Trading,Adequate inventory maintained,Stable,None,No Monsoon relevance,None,2% avg weekend uplift,0,0,Seasonal factor: No Monsoon relevance; Niche product - irregular demand pattern
September,2024,SKU0033,Pistachios 250g,Grocery,Nuts,323,10.8,135337.0,7.7,Regular consumer demand,Normal Trading,Adequate inventory maintained,Stable,None,No Monsoon relevance,None,5% avg weekend uplift,0,0,Seasonal factor: No Monsoon relevance
September,2024,SKU0048,Chicken Masala 100g,Grocery,Spices,582,19.4,22698.0,2.1,Regular consumer demand,Normal Trading,Adequate inventory maintained,Stable,None,No Monsoon relevance,None,5% avg weekend uplift,0,0,Seasonal factor: No Monsoon relevance
September,2024,SKU0049,Semiya Payasam Mix 200g,Grocery,Mixes,612,20.4,37944.0,20.0,Regular consumer demand,Normal Trading,Adequate inventory maintained,Stable,None,No Monsoon relevance,None,5% avg weekend uplift,0,0,Seasonal factor: No Monsoon relevance
September,2024,SKU0231,Turmeric Plant Bundle,Fruits & Vegetables,Plants,398,13.3,31442.0,2.1,Regular consumer demand,Normal Trading,Low stock impact - 44 units missed opportunity,Stable,None,No Monsoon relevance,None,9% avg weekend uplift,0,44,Seasonal factor: No Monsoon relevance
September,2024,SKU0154,Grapes 500g,Fruits & Vegetables,Fruits,497,16.6,59143.0,10.4,Regular consumer demand,Normal Trading,Adequate inventory maintained,Stable,None,No Monsoon relevance,None,9% avg weekend uplift,0,0,Seasonal factor: No Monsoon relevance
September,2024,SKU0085,Health Drink 500g,Beverages,Health Drinks,913,30.4,145167.0,12.7,Regular consumer demand,Normal Trading,Adequate inventory maintained,Stable,None,No Monsoon relevance,None,12% avg weekend uplift,0,0,Seasonal factor: No Monsoon relevance
September,2024,SKU0100,Electrolyte Drink 500ml,Beverages,Beverages,330,11.0,26070.0,0.0,Regular consumer demand,Normal Trading,Adequate inventory maintained,Stable,None,No Monsoon relevance,None,12% avg weekend uplift,0,0,Seasonal factor: No Monsoon relevance
September,2024,SKU0255,Saffron 1g,Grocery,Spices,220,7.3,175780.0,-8.3,Regular consumer demand,Normal Trading,Low stock impact - 10 units missed opportunity,Stable,None,No Monsoon relevance,None,1% avg weekend uplift,0,10,Seasonal factor: No Monsoon relevance; Niche product - irregular demand pattern
September,2024,SKU0073,Fresh Cream 250ml,Dairy,Dairy,509,17.0,40211.0,13.1,Regular consumer demand,Normal Trading,Low stock impact - 39 units missed opportunity,Stable,None,No Monsoon relevance,None,7% avg weekend uplift,0,39,Seasonal factor: No Monsoon relevance
September,2024,SKU0012,Moong Dal 1kg,Grocery,Pulses,882,29.4,149058.0,-2.0,Regular consumer demand,Normal Trading,Low stock impact - 59 units missed opportunity,Stable,None,No Monsoon relevance,None,5% avg weekend uplift,0,59,Seasonal factor: No Monsoon relevance
September,2024,SKU0186,Toothpaste 200g,Personal Care,Oral Care,700,23.3,62300.0,6.1,Regular consumer demand,Normal Trading,Adequate inventory maintained,Stable,None,No Monsoon relevance,None,6% avg weekend uplift,0,0,Seasonal factor: No Monsoon relevance
September,2024,SKU0068,Buttermilk 200ml,Dairy,Beverages,1364,45.5,31372.0,10.9,Regular consumer demand,Normal Trading,Adequate inventory maintained,Stable,None,No Monsoon relevance,None,7% avg weekend uplift,0,0,Seasonal factor: No Monsoon relevance
September,2024,SKU0271,Wall Clock Standard,Household,Home Decor,98,3.3,32242.0,8.9,Regular consumer demand,Normal Trading,Adequate inventory maintained,Stable,None,No Monsoon relevance,None,1% avg weekend uplift,0,0,Seasonal factor: No Monsoon relevance
September,2024,SKU0282,Hand Blender Standard,Electronics,Appliances,89,3.0,124511.0,-1.1,Regular consumer demand,Normal Trading,Adequate inventory maintained,Stable,None,No Monsoon relevance,None,2% avg weekend uplift,0,0,Seasonal factor: No Monsoon relevance; Niche product - irregular demand pattern
September,2024,SKU0071,Ice Cream Cone Pack 6pcs,Dairy,Frozen,302,10.1,35938.0,-8.5,Regular consumer demand,Normal Trading,Adequate inventory maintained,Stable,None,No Monsoon relevance,None,7% avg weekend uplift,0,0,Seasonal factor: No Monsoon relevance
September,2024,SKU0188,Toothbrush 2pcs,Personal Care,Oral Care,727,24.2,101053.0,21.2,Regular consumer demand,Weekend/Demand Surge,Adequate inventory maintained,Moderate Increase,None,No Monsoon relevance,None,6% avg weekend uplift,0,0,Seasonal factor: No Monsoon relevance
September,2024,SKU0266,Toilet Cleaner 1L,Household,Cleaning,799,26.6,135031.0,-4.9,Regular consumer demand,Normal Trading,Adequate inventory maintained,Stable,None,No Monsoon relevance,None,3% avg weekend uplift,0,0,Seasonal factor: No Monsoon relevance
September,2024,SKU0125,Rusks 300g,Bakery,Bakery,582,19.4,36084.0,14.1,Regular consumer demand,Normal Trading,Low stock impact - 50 units missed opportunity,Stable,None,No Monsoon relevance,None,10% avg weekend uplift,0,50,Seasonal factor: No Monsoon relevance
September,2024,SKU0032,Almonds 500g,Grocery,Nuts,251,8.4,125249.0,4.6,Regular consumer demand,Normal Trading,Low stock impact - 11 units missed opportunity,Stable,None,No Monsoon relevance,None,5% avg weekend uplift,0,11,Seasonal factor: No Monsoon relevance
September,2024,SKU0053,Chia Seeds 250g,Grocery,Seeds,77,2.6,17633.0,-14.4,Regular consumer demand,Normal Trading,Adequate inventory maintained,Moderate Decline,None,No Monsoon relevance,None,1% avg weekend uplift,0,0,Seasonal factor: No Monsoon relevance; Niche product - irregular demand pattern
September,2024,SKU0087,Soft Drink Cola 2L,Beverages,Soft Drinks,455,15.2,35945.0,26.4,Regular consumer demand,Weekend/Demand Surge,Adequate inventory maintained,Moderate Increase,None,No Monsoon relevance,None,12% avg weekend uplift,0,0,Seasonal factor: No Monsoon relevance
September,2024,SKU0088,Soft Drink Orange 2L,Beverages,Soft Drinks,289,9.6,22831.0,-3.7,Regular consumer demand,Normal Trading,Adequate inventory maintained,Stable,None,No Monsoon relevance,None,12% avg weekend uplift,0,0,Seasonal factor: No Monsoon relevance
September,2024,SKU0102,Magic Masala Chips 75g,Snacks,Chips,813,27.1,26016.0,12.9,Regular consumer demand,Normal Trading,Stockout for 5 days - lost 108 units,Stable,None,No Monsoon relevance,None,18% avg weekend uplift,5,108,Seasonal factor: No Monsoon relevance; Inventory issue: Stockout for 5 days - lost 108 units
September,2024,SKU0133,Frozen Peas 500g,Frozen Foods,Frozen Foods,460,15.3,40940.0,2.2,Regular consumer demand,Normal Trading,Low stock impact - 10 units missed opportunity,Stable,None,No Monsoon relevance,None,15% avg weekend uplift,0,10,Seasonal factor: No Monsoon relevance
September,2024,SKU0170,Aluminum Foil 9m,Household,Kitchen,730,24.3,64970.0,10.6,Regular consumer demand,Normal Trading,Adequate inventory maintained,Stable,None,No Monsoon relevance,None,3% avg weekend uplift,0,0,Seasonal factor: No Monsoon relevance
September,2024,SKU0204,School Bag Medium,Stationery,Bags,224,7.5,178976.0,-6.7,Regular consumer demand,Normal Trading,Adequate inventory maintained,Stable,None,No Monsoon relevance,None,3% avg weekend uplift,0,0,Seasonal factor: No Monsoon relevance
September,2024,SKU0209,Mobile Charger 18W,Electronics,Electronics,208,6.9,128752.0,-13.3,Regular consumer demand,Normal Trading,Adequate inventory maintained,Moderate Decline,None,No Monsoon relevance,None,2% avg weekend uplift,0,0,Seasonal factor: No Monsoon relevance; Niche product - irregular demand pattern
September,2024,SKU0288,Prayer Oil Lamp Brass,Household,Religious,359,12.0,150421.0,-7.9,Regular consumer demand,Normal Trading,Low stock impact - 22 units missed opportunity,Stable,None,No Monsoon relevance,None,3% avg weekend uplift,0,22,Seasonal factor: No Monsoon relevance
September,2024,SKU0146,Pomegranate 1kg,Fruits & Vegetables,Fruits,596,19.9,160324.0,10.4,Regular consumer demand,Normal Trading,Adequate inventory maintained,Stable,None,No Monsoon relevance,None,9% avg weekend uplift,0,0,Seasonal factor: No Monsoon relevance
September,2024,SKU0104,Mixture Snacks 500g,Snacks,Traditional Snacks,483,16.1,81627.0,-5.3,Regular consumer demand,Normal Trading,Low stock impact - 36 units missed opportunity,Stable,None,No Monsoon relevance,None,18% avg weekend uplift,0,36,Seasonal factor: No Monsoon relevance
September,2024,SKU0137,Frozen Momos 500g,Frozen Foods,Frozen Foods,101,3.4,20099.0,12.2,Regular consumer demand,Normal Trading,Adequate inventory maintained,Stable,None,No Monsoon relevance,None,5% avg weekend uplift,0,0,Seasonal factor: No Monsoon relevance; Niche product - irregular demand pattern
September,2024,SKU0004,Raw Rice 25kg,Grocery,Rice,655,21.8,981845.0,-5.1,Regular consumer demand,Normal Trading,Adequate inventory maintained,Stable,None,No Monsoon relevance,None,5% avg weekend uplift,0,0,Seasonal factor: No Monsoon relevance
September,2024,SKU0129,Garlic Bread 200g,Bakery,Bakery,137,4.6,9864.0,-8.7,Regular consumer demand,Normal Trading,Adequate inventory maintained,Stable,None,No Monsoon relevance,None,3% avg weekend uplift,0,0,Seasonal factor: No Monsoon relevance; Niche product - irregular demand pattern
September,2024,SKU0142,Ginger 250g,Fruits & Vegetables,Vegetables,520,17.3,32240.0,8.3,Regular consumer demand,Normal Trading,Low stock impact - 30 units missed opportunity,Stable,None,No Monsoon relevance,None,9% avg weekend uplift,0,30,Seasonal factor: No Monsoon relevance
September,2024,SKU0006,Wheat Flour Atta 5kg,Grocery,Atta,909,30.3,262701.0,1.0,Regular consumer demand,Normal Trading,Adequate inventory maintained,Stable,None,No Monsoon relevance,None,5% avg weekend uplift,0,0,Seasonal factor: No Monsoon relevance
September,2024,SKU0122,Pizza Base 200g,Bakery,Bakery,238,7.9,14756.0,13.3,Regular consumer demand,Normal Trading,Adequate inventory maintained,Stable,None,No Monsoon relevance,None,3% avg weekend uplift,0,0,Seasonal factor: No Monsoon relevance; Niche product - irregular demand pattern
September,2024,SKU0109,Chocolate Gift Box 500g,Snacks,Chocolates,471,15.7,216189.0,12.1,Regular consumer demand,Normal Trading,Stockout for 4 days - lost 42 units,Stable,None,No Monsoon relevance,None,18% avg weekend uplift,4,42,Seasonal factor: No Monsoon relevance; Inventory issue: Stockout for 4 days - lost 42 units
September,2024,SKU0215,Induction Stove 1800W,Electronics,Appliances,138,4.6,427662.0,15.0,Regular consumer demand,Normal Trading,Adequate inventory maintained,Stable,None,No Monsoon relevance,None,2% avg weekend uplift,0,0,Seasonal factor: No Monsoon relevance; Niche product - irregular demand pattern
September,2024,SKU0190,Talcum Powder 400g,Personal Care,Skin Care,590,19.7,52510.0,9.3,Regular consumer demand,Normal Trading,Stockout for 3 days - lost 44 units,Stable,None,No Monsoon relevance,None,6% avg weekend uplift,3,44,Seasonal factor: No Monsoon relevance; Inventory issue: Stockout for 3 days - lost 44 units
September,2024,SKU0223,Blanket Double,Lifestyle,Bedding,581,19.4,696619.0,7.6,Regular consumer demand,Normal Trading,Adequate inventory maintained,Stable,None,No Monsoon relevance,None,7% avg weekend uplift,0,0,Seasonal factor: No Monsoon relevance
September,2024,SKU0180,Kumkum Powder 50g,Household,Religious,538,17.9,22596.0,-5.6,Regular consumer demand,Normal Trading,Adequate inventory maintained,Stable,None,No Monsoon relevance,None,3% avg weekend uplift,0,0,Seasonal factor: No Monsoon relevance
September,2024,SKU0247,Cheese Popcorn 100g,Snacks,Snacks,192,6.4,11904.0,-8.6,Regular consumer demand,Normal Trading,Adequate inventory maintained,Stable,None,No Monsoon relevance,None,5% avg weekend uplift,0,0,Seasonal factor: No Monsoon relevance; Niche product - irregular demand pattern
September,2024,SKU0001,Ponni Rice 25kg,Grocery,Rice,940,31.3,1503060.0,4.4,Regular consumer demand,Normal Trading,Adequate inventory maintained,Stable,None,No Monsoon relevance,None,5% avg weekend uplift,0,0,Seasonal factor: No Monsoon relevance
September,2024,SKU0241,Coconut Biscuits 200g,Snacks,Biscuits,1051,35.0,54652.0,16.8,Regular consumer demand,Normal Trading,Adequate inventory maintained,Stable,None,No Monsoon relevance,None,18% avg weekend uplift,0,0,Seasonal factor: No Monsoon relevance
September,2024,SKU0248,Fruit Jam 500g,Grocery,Spreads,431,14.4,59909.0,-10.2,Regular consumer demand,Normal Trading,Adequate inventory maintained,Moderate Decline,None,No Monsoon relevance,None,5% avg weekend uplift,0,0,Seasonal factor: No Monsoon relevance
September,2024,SKU0252,Fruit Cake 300g,Bakery,Bakery,335,11.2,56615.0,24.1,Regular consumer demand,Weekend/Demand Surge,Adequate inventory maintained,Moderate Increase,None,No Monsoon relevance,None,10% avg weekend uplift,0,0,Seasonal factor: No Monsoon relevance
September,2024,SKU0159,Agarbathi 100 sticks,Household,Religious,759,25.3,59961.0,10.0,Regular consumer demand,Normal Trading,Adequate inventory maintained,Stable,None,No Monsoon relevance,None,3% avg weekend uplift,0,0,Seasonal factor: No Monsoon relevance
September,2024,SKU0005,Basmati Rice 5kg,Grocery,Rice,490,16.3,406210.0,-3.9,Regular consumer demand,Normal Trading,Adequate inventory maintained,Stable,None,No Monsoon relevance,None,5% avg weekend uplift,0,0,Seasonal factor: No Monsoon relevance
September,2024,SKU0217,Smart LED Strip Lights 5m,Electronics,Lighting,431,14.4,516769.0,10.5,Regular consumer demand,Normal Trading,Adequate inventory maintained,Stable,None,No Monsoon relevance,None,6% avg weekend uplift,0,0,Seasonal factor: No Monsoon relevance
September,2024,SKU0076,Flavored Milk 200ml,Dairy,Beverages,1082,36.1,24886.0,20.2,Regular consumer demand,Weekend/Demand Surge,Adequate inventory maintained,Moderate Increase,None,No Monsoon relevance,None,7% avg weekend uplift,0,0,Seasonal factor: No Monsoon relevance
September,2024,SKU0101,Lays Chips 50g,Snacks,Chips,899,30.0,17081.0,7.0,Regular consumer demand,Normal Trading,Low stock impact - 39 units missed opportunity,Stable,None,No Monsoon relevance,None,18% avg weekend uplift,0,39,Seasonal factor: No Monsoon relevance
September,2024,SKU0098,Lemon Juice 600ml,Beverages,Juices,349,11.6,21638.0,5.8,Regular consumer demand,Normal Trading,Stockout for 2 days - lost 19 units,Stable,None,No Monsoon relevance,None,12% avg weekend uplift,2,19,Seasonal factor: No Monsoon relevance; Inventory issue: Stockout for 2 days - lost 19 units
September,2024,SKU0015,Sunflower Oil 1L,Grocery,Oil,501,16.7,59619.0,-12.1,Regular consumer demand,Normal Trading,Low stock impact - 53 units missed opportunity,Moderate Decline,None,No Monsoon relevance,None,5% avg weekend uplift,0,53,Seasonal factor: No Monsoon relevance
September,2024,SKU0113,Kids Chocolate Pack,Snacks,Chocolates,331,11.0,122139.0,10.3,Regular consumer demand,Normal Trading,Adequate inventory maintained,Stable,None,No Monsoon relevance,None,18% avg weekend uplift,0,0,Seasonal factor: No Monsoon relevance
September,2024,SKU0152,Jasmine Flowers 100g,Fruits & Vegetables,Flowers,513,17.1,31806.0,6.9,Regular consumer demand,Normal Trading,Adequate inventory maintained,Stable,None,No Monsoon relevance,None,9% avg weekend uplift,0,0,Seasonal factor: No Monsoon relevance
September,2024,SKU0043,Oats 1kg,Grocery,Breakfast,493,16.4,88247.0,2.7,Regular consumer demand,Normal Trading,Adequate inventory maintained,Stable,None,No Monsoon relevance,None,5% avg weekend uplift,0,0,Seasonal factor: No Monsoon relevance
September,2024,SKU0219,Raincoat XL,Lifestyle,Rainwear,783,26.1,328077.0,137.3,Monsoon demand - Raincoat,Seasonal - Monsoon,Adequate inventory maintained,Strong Increase,None,Monsoon demand - Raincoat,None,7% avg weekend uplift,0,0,Seasonal factor: Monsoon demand - Raincoat; Significant demand spike - review forecast
September,2024,SKU0003,Idly Rice 10kg,Grocery,Rice,647,21.6,775753.0,7.8,Regular consumer demand,Normal Trading,Adequate inventory maintained,Stable,None,No Monsoon relevance,None,5% avg weekend uplift,0,0,Seasonal factor: No Monsoon relevance
September,2024,SKU0222,Pillow Cover Pair,Lifestyle,Bedding,524,17.5,119996.0,16.4,Regular consumer demand,Normal Trading,Adequate inventory maintained,Stable,None,No Monsoon relevance,None,7% avg weekend uplift,0,0,Seasonal factor: No Monsoon relevance
September,2024,SKU0144,Banana 1 dozen,Fruits & Vegetables,Fruits,1275,42.5,53550.0,11.8,Regular consumer demand,Normal Trading,Stockout for 2 days - lost 58 units,Stable,None,No Monsoon relevance,None,9% avg weekend uplift,2,58,Seasonal factor: No Monsoon relevance; Inventory issue: Stockout for 2 days - lost 58 units
September,2024,SKU0249,Choco Spread 350g,Grocery,Spreads,107,3.6,28783.0,-10.8,Regular consumer demand,Normal Trading,Adequate inventory maintained,Moderate Decline,None,No Monsoon relevance,None,1% avg weekend uplift,0,0,Seasonal factor: No Monsoon relevance; Niche product - irregular demand pattern
September,2024,SKU0055,Instant Noodles 12 Pack,Grocery,Instant Foods,727,24.2,101053.0,-13.5,Regular consumer demand,Normal Trading,Stockout for 4 days - lost 81 units,Moderate Decline,None,No Monsoon relevance,None,5% avg weekend uplift,4,81,Seasonal factor: No Monsoon relevance; Inventory issue: Stockout for 4 days - lost 81 units
September,2024,SKU0010,Toor Dal 1kg,Grocery,Pulses,504,16.8,90216.0,-11.6,Regular consumer demand,Normal Trading,Low stock impact - 29 units missed opportunity,Moderate Decline,None,No Monsoon relevance,None,5% avg weekend uplift,0,29,Seasonal factor: No Monsoon relevance
September,2024,SKU0066,Paneer 200g,Dairy,Dairy,951,31.7,75129.0,-0.9,Regular consumer demand,Normal Trading,Adequate inventory maintained,Stable,None,No Monsoon relevance,None,7% avg weekend uplift,0,0,Seasonal factor: No Monsoon relevance
September,2024,SKU0045,Peanut Butter 1kg,Grocery,Spreads,184,6.1,67896.0,2.2,Regular consumer demand,Normal Trading,Adequate inventory maintained,Stable,None,No Monsoon relevance,None,1% avg weekend uplift,0,0,Seasonal factor: No Monsoon relevance; Niche product - irregular demand pattern
September,2024,SKU0171,Tissue Paper 200 pulls,Household,Household,543,18.1,33666.0,13.1,Regular consumer demand,Normal Trading,Adequate inventory maintained,Stable,None,No Monsoon relevance,None,3% avg weekend uplift,0,0,Seasonal factor: No Monsoon relevance
September,2024,SKU0169,Garbage Bags 30pcs,Household,Household,797,26.6,94843.0,2.2,Regular consumer demand,Normal Trading,Adequate inventory maintained,Stable,None,No Monsoon relevance,None,3% avg weekend uplift,0,0,Seasonal factor: No Monsoon relevance
September,2024,SKU0189,Face Wash 100ml,Personal Care,Skin Care,743,24.8,103277.0,12.6,Regular consumer demand,Normal Trading,Adequate inventory maintained,Stable,None,No Monsoon relevance,None,6% avg weekend uplift,0,0,Seasonal factor: No Monsoon relevance
September,2024,SKU0277,Candle Pack 20pcs,Household,Religious,680,22.7,53720.0,13.3,Regular consumer demand,Normal Trading,Adequate inventory maintained,Stable,None,No Monsoon relevance,None,3% avg weekend uplift,0,0,Seasonal factor: No Monsoon relevance
September,2024,SKU0039,Ready Pongal Mix 500g,Grocery,Mixes,624,20.8,49296.0,15.6,Regular consumer demand,Normal Trading,Adequate inventory maintained,Stable,None,No Monsoon relevance,None,5% avg weekend uplift,0,0,Seasonal factor: No Monsoon relevance
September,2024,SKU0041,Papad 200g,Grocery,Snacks,646,21.5,27132.0,-6.4,Regular consumer demand,Normal Trading,Adequate inventory maintained,Stable,None,No Monsoon relevance,None,5% avg weekend uplift,0,0,Seasonal factor: No Monsoon relevance
September,2024,SKU0194,Sanitary Pads XL Pack,Personal Care,Feminine Care,544,18.1,75616.0,0.7,Regular consumer demand,Normal Trading,Adequate inventory maintained,Stable,None,No Monsoon relevance,None,6% avg weekend uplift,0,0,Seasonal factor: No Monsoon relevance
September,2024,SKU0201,Notebook A4 200 pages,Stationery,Stationery,29,1.0,2291.0,-3.3,Regular consumer demand,Normal Trading,Low stock impact - 3 units missed opportunity,Stable,None,No Monsoon relevance,None,1% avg weekend uplift,0,3,Seasonal factor: No Monsoon relevance
September,2024,SKU0280,Bluetooth Earbuds TWS,Electronics,Electronics,183,6.1,420717.0,1.7,Regular consumer demand,Normal Trading,Adequate inventory maintained,Stable,None,No Monsoon relevance,None,2% avg weekend uplift,0,0,Seasonal factor: No Monsoon relevance; Niche product - irregular demand pattern
September,2024,SKU0030,Cardamom 50g,Grocery,Spices,501,16.7,134769.0,19.3,Regular consumer demand,Normal Trading,Adequate inventory maintained,Stable,None,No Monsoon relevance,None,5% avg weekend uplift,0,0,Seasonal factor: No Monsoon relevance
September,2024,SKU0038,Millet Mix 1kg,Grocery,Grains,190,6.3,26410.0,-9.5,Regular consumer demand,Normal Trading,Adequate inventory maintained,Stable,None,No Monsoon relevance,None,1% avg weekend uplift,0,0,Seasonal factor: No Monsoon relevance; Niche product - irregular demand pattern
September,2024,SKU0220,Travel Bag Medium,Lifestyle,Luggage,152,5.1,212648.0,1.3,Regular consumer demand,Normal Trading,Adequate inventory maintained,Stable,None,No Monsoon relevance,None,2% avg weekend uplift,0,0,Seasonal factor: No Monsoon relevance; Niche product - irregular demand pattern
September,2024,SKU0140,Potato 1kg,Fruits & Vegetables,Vegetables,1311,43.7,30153.0,12.1,Regular consumer demand,Normal Trading,Low stock impact - 138 units missed opportunity,Stable,None,No Monsoon relevance,None,9% avg weekend uplift,0,138,Seasonal factor: No Monsoon relevance
September,2024,SKU0251,Herbal Tea 100g,Beverages,Tea,208,6.9,47632.0,15.6,Monsoon demand - Tea,Seasonal - Monsoon,Adequate inventory maintained,Stable,None,Monsoon demand - Tea,None,4% avg weekend uplift,0,0,Seasonal factor: Monsoon demand - Tea; Niche product - irregular demand pattern
September,2024,SKU0257,Sweet Corn Soup 50g,Grocery,Instant Foods,862,28.7,36204.0,105.2,Monsoon demand - Soup,Seasonal - Monsoon,Adequate inventory maintained,Strong Increase,None,Monsoon demand - Soup,None,5% avg weekend uplift,0,0,Seasonal factor: Monsoon demand - Soup; Significant demand spike - review forecast
September,2024,SKU0065,Butter 100g,Dairy,Dairy,980,32.7,87220.0,16.7,Regular consumer demand,Normal Trading,Low stock impact - 44 units missed opportunity,Stable,None,No Monsoon relevance,None,7% avg weekend uplift,0,44,Seasonal factor: No Monsoon relevance
September,2024,SKU0285,Steel Plates Set 6pcs,Household,Kitchenware,80,2.7,49520.0,-11.1,Regular consumer demand,Normal Trading,Low stock impact - 6 units missed opportunity,Moderate Decline,None,No Monsoon relevance,None,1% avg weekend uplift,0,6,Seasonal factor: No Monsoon relevance; Niche product - irregular demand pattern
September,2024,SKU0155,Pineapple Per Piece,Fruits & Vegetables,Fruits,673,22.4,48456.0,12.2,Regular consumer demand,Normal Trading,Adequate inventory maintained,Stable,None,No Monsoon relevance,None,9% avg weekend uplift,0,0,Seasonal factor: No Monsoon relevance
September,2024,SKU0292,Fruit Basket Combo,Fruits & Vegetables,Fruits,624,20.8,261456.0,9.5,Regular consumer demand,Normal Trading,Adequate inventory maintained,Stable,None,No Monsoon relevance,None,9% avg weekend uplift,0,0,Seasonal factor: No Monsoon relevance
September,2024,SKU0265,Laundry Liquid 1L,Household,Laundry,777,25.9,177933.0,17.7,Regular consumer demand,Normal Trading,Adequate inventory maintained,Stable,None,No Monsoon relevance,None,3% avg weekend uplift,0,0,Seasonal factor: No Monsoon relevance
September,2024,SKU0173,Room Freshener 240ml,Household,Air Freshener,170,5.7,27030.0,13.3,Regular consumer demand,Normal Trading,Adequate inventory maintained,Stable,None,No Monsoon relevance,None,1% avg weekend uplift,0,0,Seasonal factor: No Monsoon relevance; Niche product - irregular demand pattern
September,2024,SKU0151,Betel Leaves 1 Pack,Fruits & Vegetables,Leaves,600,20.0,25200.0,0.0,Regular consumer demand,Normal Trading,Adequate inventory maintained,Stable,None,No Monsoon relevance,None,9% avg weekend uplift,0,0,Seasonal factor: No Monsoon relevance
September,2024,SKU0063,Fresh Milk 500ml,Dairy,Milk,1368,45.6,35568.0,6.0,Regular consumer demand,Normal Trading,Adequate inventory maintained,Stable,None,No Monsoon relevance,None,7% avg weekend uplift,0,0,Seasonal factor: No Monsoon relevance
September,2024,SKU0240,Herbal Shampoo 400ml,Personal Care,Hair Care,576,19.2,131904.0,1.1,Regular consumer demand,Normal Trading,Low stock impact - 20 units missed opportunity,Stable,None,No Monsoon relevance,None,6% avg weekend uplift,0,20,Seasonal factor: No Monsoon relevance
September,2024,SKU0224,Towels Bath Size,Lifestyle,Bedding,936,31.2,307944.0,7.6,Regular consumer demand,Normal Trading,Adequate inventory maintained,Stable,None,No Monsoon relevance,None,7% avg weekend uplift,0,0,Seasonal factor: No Monsoon relevance
September,2024,SKU0082,Tea Powder 1kg,Beverages,Tea,861,28.7,240219.0,43.5,Monsoon demand - Tea,Seasonal - Monsoon,Adequate inventory maintained,Moderate Increase,None,Monsoon demand - Tea,None,12% avg weekend uplift,0,0,Seasonal factor: Monsoon demand - Tea
September,2024,SKU0158,Beetroot 1kg,Fruits & Vegetables,Vegetables,461,15.4,19362.0,2.4,Regular consumer demand,Normal Trading,Adequate inventory maintained,Stable,None,No Monsoon relevance,None,9% avg weekend uplift,0,0,Seasonal factor: No Monsoon relevance
September,2024,SKU0296,Puja Flowers Combo,Fruits & Vegetables,Flowers,365,12.2,98185.0,21.7,Regular consumer demand,Weekend/Demand Surge,Adequate inventory maintained,Moderate Increase,None,No Monsoon relevance,None,9% avg weekend uplift,0,0,Seasonal factor: No Monsoon relevance
September,2024,SKU0165,Floor Cleaner 1L,Household,Cleaning,737,24.6,124553.0,-12.3,Regular consumer demand,Normal Trading,Adequate inventory maintained,Moderate Decline,None,No Monsoon relevance,None,3% avg weekend uplift,0,0,Seasonal factor: No Monsoon relevance
September,2024,SKU0118,Protein Chips 100g,Snacks,Health Snacks,170,5.7,23630.0,-5.6,Regular consumer demand,Normal Trading,Adequate inventory maintained,Stable,None,No Monsoon relevance,None,5% avg weekend uplift,0,0,Seasonal factor: No Monsoon relevance; Niche product - irregular demand pattern
September,2024,SKU0136,Frozen Pizza 300g,Frozen Foods,Frozen Foods,123,4.1,20787.0,2.5,Regular consumer demand,Normal Trading,Adequate inventory maintained,Stable,None,No Monsoon relevance,None,5% avg weekend uplift,0,0,Seasonal factor: No Monsoon relevance; Niche product - irregular demand pattern
September,2024,SKU0283,Pressure Pan 3L,Household,Cookware,84,2.8,67116.0,-6.7,Regular consumer demand,Normal Trading,Adequate inventory maintained,Stable,None,No Monsoon relevance,None,1% avg weekend uplift,0,0,Seasonal factor: No Monsoon relevance; Niche product - irregular demand pattern
September,2024,SKU0058,Tomato Ketchup 1kg,Grocery,Condiments,865,28.8,120235.0,10.9,Regular consumer demand,Normal Trading,Adequate inventory maintained,Stable,None,No Monsoon relevance,None,5% avg weekend uplift,0,0,Seasonal factor: No Monsoon relevance
September,2024,SKU0267,Face Cream 200ml,Personal Care,Skin Care,588,19.6,134652.0,15.3,Regular consumer demand,Normal Trading,Adequate inventory maintained,Stable,None,No Monsoon relevance,None,6% avg weekend uplift,0,0,Seasonal factor: No Monsoon relevance
September,2024,SKU0061,Fresh Milk 1L,Dairy,Milk,1180,39.3,61360.0,3.5,Regular consumer demand,Normal Trading,Adequate inventory maintained,Stable,None,No Monsoon relevance,None,7% avg weekend uplift,0,0,Seasonal factor: No Monsoon relevance
September,2024,SKU0080,Chocolate Milk 180ml,Dairy,Beverages,790,26.3,33180.0,-6.0,Regular consumer demand,Normal Trading,Adequate inventory maintained,Stable,None,No Monsoon relevance,None,7% avg weekend uplift,0,0,Seasonal factor: No Monsoon relevance
September,2024,SKU0207,LED Bulb 9W,Electronics,Lighting,1037,34.6,144143.0,15.2,Regular consumer demand,Normal Trading,Adequate inventory maintained,Stable,None,No Monsoon relevance,None,6% avg weekend uplift,0,0,Seasonal factor: No Monsoon relevance
September,2024,SKU0195,Baby Diapers 42pcs,Personal Care,Baby Care,781,26.0,624019.0,18.3,Regular consumer demand,Normal Trading,Adequate inventory maintained,Stable,None,No Monsoon relevance,None,6% avg weekend uplift,0,0,Seasonal factor: No Monsoon relevance
October,2024,SKU0264,Air Freshener Spray 300ml,Household,Air Freshener,177,5.7,28143.0,-4.8,Regular consumer demand,Normal Trading,Adequate inventory maintained,Stable,None,No Winter relevance,None,1% avg weekend uplift,0,0,Seasonal factor: No Winter relevance; Niche product - irregular demand pattern
October,2024,SKU0176,Water Bottle 1L,Household,Kitchenware,479,15.5,109691.0,3.0,Regular consumer demand,Normal Trading,Low stock impact - 48 units missed opportunity,Stable,None,No Winter relevance,None,3% avg weekend uplift,0,48,Seasonal factor: No Winter relevance
October,2024,SKU0060,Black Channa 1kg,Grocery,Pulses,572,18.5,56628.0,8.5,Regular consumer demand,Normal Trading,Adequate inventory maintained,Stable,None,No Winter relevance,None,4% avg weekend uplift,0,0,Seasonal factor: No Winter relevance
October,2024,SKU0094,Energy Drink 250ml,Beverages,Beverages,147,4.7,20433.0,18.5,Regular consumer demand,Normal Trading,Adequate inventory maintained,Stable,None,No Winter relevance,None,3% avg weekend uplift,0,0,Seasonal factor: No Winter relevance; Niche product - irregular demand pattern
October,2024,SKU0097,Green Tea 100g,Beverages,Tea,175,5.6,29575.0,-5.9,Regular consumer demand,Normal Trading,Low stock impact - 13 units missed opportunity,Stable,None,No Winter relevance,None,3% avg weekend uplift,0,13,Seasonal factor: No Winter relevance; Niche product - irregular demand pattern
October,2024,SKU0062,Fresh Milk 1L,Dairy,Milk,913,29.5,46563.0,-1.8,Regular consumer demand,Normal Trading,Adequate inventory maintained,Stable,None,No Winter relevance,None,7% avg weekend uplift,0,0,Seasonal factor: No Winter relevance
October,2024,SKU0138,Tomato 1kg,Fruits & Vegetables,Vegetables,1035,33.4,43470.0,19.2,Regular consumer demand,Normal Trading,Adequate inventory maintained,Stable,None,No Winter relevance,None,9% avg weekend uplift,0,0,Seasonal factor: No Winter relevance
October,2024,SKU0139,Onion 1kg,Fruits & Vegetables,Vegetables,1303,42.0,41696.0,10.6,Regular consumer demand,Normal Trading,Adequate inventory maintained,Stable,None,No Winter relevance,None,9% avg weekend uplift,0,0,Seasonal factor: No Winter relevance
October,2024,SKU0294,Men's Kurta Set XL,Lifestyle,Clothing,910,29.4,1910090.0,109.7,Diwali demand surge - Festival,Festival - Diwali,Adequate inventory maintained,Strong Increase,Diwali,No Winter relevance,None,7% avg weekend uplift,0,0,Festival demand: Diwali; Seasonal factor: No Winter relevance; Significant demand spike - review forecast
October,2024,SKU0123,Muffins 2pcs,Bakery,Bakery,238,7.7,18802.0,9.7,Regular consumer demand,Normal Trading,Adequate inventory maintained,Stable,None,No Winter relevance,None,3% avg weekend uplift,0,0,Seasonal factor: No Winter relevance; Niche product - irregular demand pattern
October,2024,SKU0178,Pooja Plate Set,Household,Religious,1054,34.0,283526.0,100.0,"Diwali demand surge - Pooja, Religious, Festival",Festival - Diwali,Stockout for 5 days - lost 158 units,Strong Increase,Diwali,No Winter relevance,None,3% avg weekend uplift,5,158,Festival demand: Diwali; Seasonal factor: No Winter relevance; Inventory issue: Stockout for 5 days - lost 158 units; Significant demand spike - review forecast
October,2024,SKU0206,Gift Wrap Paper 5 sheets,Stationery,Gift Wrap,499,16.1,30938.0,101.2,"Diwali demand surge - Gift, Festival",Festival - Diwali,Adequate inventory maintained,Strong Increase,Diwali,No Winter relevance,None,3% avg weekend uplift,0,0,Festival demand: Diwali; Seasonal factor: No Winter relevance; Significant demand spike - review forecast
October,2024,SKU0021,Sugar 1kg,Grocery,Sweeteners,531,17.1,22302.0,-4.8,Regular consumer demand,Normal Trading,Adequate inventory maintained,Stable,None,No Winter relevance,None,4% avg weekend uplift,0,0,Seasonal factor: No Winter relevance
October,2024,SKU0132,Frozen Nuggets 500g,Frozen Foods,Frozen Foods,206,6.6,47174.0,10.8,Regular consumer demand,Normal Trading,Adequate inventory maintained,Stable,None,No Winter relevance,None,4% avg weekend uplift,0,0,Seasonal factor: No Winter relevance; Niche product - irregular demand pattern
October,2024,SKU0268,Lip Balm 10g,Personal Care,Lip Care,499,16.1,39421.0,-5.3,Regular consumer demand,Normal Trading,Low stock impact - 33 units missed opportunity,Stable,None,No Winter relevance,None,6% avg weekend uplift,0,33,Seasonal factor: No Winter relevance
October,2024,SKU0086,Health Drink 1kg,Beverages,Health Drinks,738,23.8,242802.0,-0.8,Regular consumer demand,Normal Trading,Adequate inventory maintained,Stable,None,No Winter relevance,None,12% avg weekend uplift,0,0,Seasonal factor: No Winter relevance
October,2024,SKU0130,Frozen Parotta 400g,Frozen Foods,Frozen Foods,971,31.3,60202.0,25.3,Regular consumer demand,Weekend/Demand Surge,Adequate inventory maintained,Moderate Increase,None,No Winter relevance,None,15% avg weekend uplift,0,0,Seasonal factor: No Winter relevance
October,2024,SKU0081,Tea Powder 1kg,Beverages,Tea,832,26.8,223808.0,3.2,Regular consumer demand,Normal Trading,Low stock impact - 75 units missed opportunity,Stable,None,No Winter relevance,None,12% avg weekend uplift,0,75,Seasonal factor: No Winter relevance
October,2024,SKU0084,Instant Coffee 200g,Beverages,Coffee,486,15.7,82134.0,-2.0,Regular consumer demand,Normal Trading,Adequate inventory maintained,Stable,None,No Winter relevance,None,12% avg weekend uplift,0,0,Seasonal factor: No Winter relevance
October,2024,SKU0246,Frozen Chapati 20pcs,Frozen Foods,Frozen Foods,1047,33.8,145533.0,16.5,Regular consumer demand,Normal Trading,Low stock impact - 34 units missed opportunity,Stable,None,No Winter relevance,None,15% avg weekend uplift,0,34,Seasonal factor: No Winter relevance
October,2024,SKU0291,Christmas Chocolates 24pcs,Snacks,Chocolates,264,8.5,369336.0,6.5,Regular consumer demand,Normal Trading,Adequate inventory maintained,Stable,None,No Winter relevance,None,17% avg weekend uplift,0,0,Seasonal factor: No Winter relevance
October,2024,SKU0026,Coriander Powder 200g,Grocery,Spices,487,15.7,25324.0,-7.6,Regular consumer demand,Normal Trading,Low stock impact - 40 units missed opportunity,Stable,None,No Winter relevance,None,4% avg weekend uplift,0,40,Seasonal factor: No Winter relevance
October,2024,SKU0036,Vermicelli 500g,Grocery,Pasta,537,17.3,38664.0,-3.8,Regular consumer demand,Normal Trading,Stockout for 2 days - lost 24 units,Stable,None,No Winter relevance,None,4% avg weekend uplift,2,24,Seasonal factor: No Winter relevance; Inventory issue: Stockout for 2 days - lost 24 units
October,2024,SKU0077,Lassi 200ml,Dairy,Beverages,496,16.0,15872.0,6.7,Regular consumer demand,Normal Trading,Adequate inventory maintained,Stable,None,No Winter relevance,None,7% avg weekend uplift,0,0,Seasonal factor: No Winter relevance
October,2024,SKU0150,Sugarcane Per Stick,Fruits & Vegetables,Fruits,537,17.3,12351.0,1.9,Regular consumer demand,Normal Trading,Adequate inventory maintained,Stable,None,No Winter relevance,None,9% avg weekend uplift,0,0,Seasonal factor: No Winter relevance
October,2024,SKU0210,Earphones Wired,Electronics,Electronics,244,7.9,102236.0,-1.6,Regular consumer demand,Normal Trading,Adequate inventory maintained,Stable,None,No Winter relevance,None,2% avg weekend uplift,0,0,Seasonal factor: No Winter relevance; Niche product - irregular demand pattern
October,2024,SKU0119,Bread Loaf 400g,Bakery,Bakery,1249,40.3,52458.0,25.9,Regular consumer demand,Weekend/Demand Surge,Adequate inventory maintained,Moderate Increase,None,No Winter relevance,None,10% avg weekend uplift,0,0,Seasonal factor: No Winter relevance
October,2024,SKU0161,Diya Lamps 10pcs,Household,Religious,1226,39.5,170414.0,108.1,"Diwali demand surge - Religious, Diya",Festival - Diwali,Adequate inventory maintained,Strong Increase,Diwali,No Winter relevance,None,3% avg weekend uplift,0,0,Festival demand: Diwali; Seasonal factor: No Winter relevance; Significant demand spike - review forecast
October,2024,SKU0261,Cheese Balls 150g,Snacks,Snacks,99,3.2,11781.0,6.5,Regular consumer demand,Normal Trading,Adequate inventory maintained,Stable,None,No Winter relevance,None,5% avg weekend uplift,0,0,Seasonal factor: No Winter relevance; Niche product - irregular demand pattern
October,2024,SKU0193,Shaving Razor 2pcs,Personal Care,Grooming,730,23.5,123370.0,7.0,Regular consumer demand,Normal Trading,Adequate inventory maintained,Stable,None,No Winter relevance,None,6% avg weekend uplift,0,0,Seasonal factor: No Winter relevance
October,2024,SKU0011,Urad Dal 1kg,Grocery,Pulses,837,27.0,158193.0,0.0,Regular consumer demand,Normal Trading,Adequate inventory maintained,Stable,None,No Winter relevance,None,4% avg weekend uplift,0,0,Seasonal factor: No Winter relevance
October,2024,SKU0052,Quinoa 500g,Grocery,Grains,263,8.5,70747.0,6.0,Regular consumer demand,Normal Trading,Adequate inventory maintained,Stable,None,No Winter relevance,None,1% avg weekend uplift,0,0,Seasonal factor: No Winter relevance; Niche product - irregular demand pattern
October,2024,SKU0020,Jaggery 1kg,Grocery,Sweeteners,983,31.7,77657.0,17.4,Regular consumer demand,Normal Trading,Adequate inventory maintained,Stable,None,No Winter relevance,None,4% avg weekend uplift,0,0,Seasonal factor: No Winter relevance
October,2024,SKU0149,Coconut Per Piece,Fruits & Vegetables,Fruits,435,14.0,13920.0,7.9,Regular consumer demand,Normal Trading,Adequate inventory maintained,Stable,None,No Winter relevance,None,9% avg weekend uplift,0,0,Seasonal factor: No Winter relevance
October,2024,SKU0253,Dry Fruit Mix 1kg,Grocery,Nuts,765,24.7,611235.0,174.2,Diwali demand surge - Dry Fruit; Winter demand - Dry Fruit,Festival - Diwali,Adequate inventory maintained,Strong Increase,Diwali,Winter demand - Dry Fruit,None,4% avg weekend uplift,0,0,Festival demand: Diwali; Seasonal factor: Winter demand - Dry Fruit; Significant demand spike - review forecast
October,2024,SKU0031,Cashew Nuts 500g,Grocery,Nuts,644,20.8,256956.0,88.9,Diwali demand surge - Cashew,Festival - Diwali,Adequate inventory maintained,Strong Increase,Diwali,No Winter relevance,None,4% avg weekend uplift,0,0,Festival demand: Diwali; Seasonal factor: No Winter relevance; Significant demand spike - review forecast
October,2024,SKU0213,Mixer Grinder 750W,Electronics,Appliances,195,6.3,526305.0,-10.1,Regular consumer demand,Normal Trading,Adequate inventory maintained,Moderate Decline,None,No Winter relevance,None,2% avg weekend uplift,0,0,Seasonal factor: No Winter relevance; Niche product - irregular demand pattern
October,2024,SKU0245,Instant Upma Mix 500g,Grocery,Mixes,663,21.4,59007.0,-10.9,Regular consumer demand,Normal Trading,Adequate inventory maintained,Moderate Decline,None,No Winter relevance,None,4% avg weekend uplift,0,0,Seasonal factor: No Winter relevance
October,2024,SKU0181,Bath Soap 150g,Personal Care,Bath Soaps,776,25.0,32592.0,19.2,Regular consumer demand,Normal Trading,Adequate inventory maintained,Stable,None,No Winter relevance,None,6% avg weekend uplift,0,0,Seasonal factor: No Winter relevance
October,2024,SKU0143,Garlic 250g,Fruits & Vegetables,Vegetables,713,23.0,37076.0,21.1,Regular consumer demand,Weekend/Demand Surge,Adequate inventory maintained,Moderate Increase,None,No Winter relevance,None,9% avg weekend uplift,0,0,Seasonal factor: No Winter relevance
October,2024,SKU0044,Cornflakes 500g,Grocery,Breakfast,660,21.3,104940.0,12.1,Regular consumer demand,Normal Trading,Adequate inventory maintained,Stable,None,No Winter relevance,None,4% avg weekend uplift,0,0,Seasonal factor: No Winter relevance
October,2024,SKU0290,Decorative Candles 6pcs,Household,Decorations,696,22.5,96744.0,87.1,Diwali demand surge - Decorative,Festival - Diwali,Adequate inventory maintained,Strong Increase,Diwali,No Winter relevance,None,3% avg weekend uplift,0,0,Festival demand: Diwali; Seasonal factor: No Winter relevance; Significant demand spike - review forecast
October,2024,SKU0234,Bluetooth Speaker Portable,Electronics,Electronics,124,4.0,173476.0,0.0,Regular consumer demand,Normal Trading,Adequate inventory maintained,Stable,None,No Winter relevance,None,2% avg weekend uplift,0,0,Seasonal factor: No Winter relevance; Niche product - irregular demand pattern
October,2024,SKU0230,Pongal Pot Set,Household,Religious,495,16.0,227205.0,77.4,Diwali demand surge - Religious,Festival - Diwali,Stockout for 4 days - lost 61 units,Strong Increase,Diwali,No Winter relevance,None,3% avg weekend uplift,4,61,Festival demand: Diwali; Seasonal factor: No Winter relevance; Inventory issue: Stockout for 4 days - lost 61 units; Significant demand spike - review forecast
October,2024,SKU0115,Salted Peanuts 200g,Snacks,Nuts,750,24.2,59250.0,0.8,Regular consumer demand,Normal Trading,Low stock impact - 50 units missed opportunity,Stable,None,No Winter relevance,None,17% avg weekend uplift,0,50,Seasonal factor: No Winter relevance
October,2024,SKU0090,Mineral Water 1L,Beverages,Beverages,778,25.1,14782.0,19.5,Regular consumer demand,Normal Trading,Adequate inventory maintained,Stable,None,No Winter relevance,None,12% avg weekend uplift,0,0,Seasonal factor: No Winter relevance
October,2024,SKU0108,Chocolate Cookies 200g,Snacks,Biscuits,1170,37.7,92430.0,30.1,Regular consumer demand,Weekend/Demand Surge,Adequate inventory maintained,Moderate Increase,None,No Winter relevance,None,17% avg weekend uplift,0,0,Seasonal factor: No Winter relevance
October,2024,SKU0229,Santa Cap Free Size,Lifestyle,Clothing,371,12.0,51569.0,-0.3,Regular consumer demand,Normal Trading,Adequate inventory maintained,Stable,None,No Winter relevance,None,7% avg weekend uplift,0,0,Seasonal factor: No Winter relevance
October,2024,SKU0225,Plastic Chairs Single,Lifestyle,Furniture,249,8.0,154131.0,0.4,Regular consumer demand,Normal Trading,Adequate inventory maintained,Stable,None,No Winter relevance,None,2% avg weekend uplift,0,0,Seasonal factor: No Winter relevance; Niche product - irregular demand pattern
October,2024,SKU0259,Fresh Lime Soda 250ml,Beverages,Beverages,319,10.3,13398.0,2.9,Regular consumer demand,Normal Trading,Low stock impact - 24 units missed opportunity,Stable,None,No Winter relevance,None,12% avg weekend uplift,0,24,Seasonal factor: No Winter relevance
October,2024,SKU0059,Green Gram 1kg,Grocery,Pulses,729,23.5,64881.0,2.2,Regular consumer demand,Normal Trading,Adequate inventory maintained,Stable,None,No Winter relevance,None,4% avg weekend uplift,0,0,Seasonal factor: No Winter relevance
October,2024,SKU0293,Silk Saree Combo Festival Pack,Lifestyle,Clothing,892,28.8,3299508.0,121.3,Diwali demand surge - Festival,Festival - Diwali,Adequate inventory maintained,Strong Increase,Diwali,No Winter relevance,None,7% avg weekend uplift,0,0,Festival demand: Diwali; Seasonal factor: No Winter relevance; Significant demand spike - review forecast
October,2024,SKU0124,Birthday Cake 1kg,Bakery,Bakery,235,7.6,107865.0,-5.2,Regular consumer demand,Normal Trading,Adequate inventory maintained,Stable,None,No Winter relevance,None,3% avg weekend uplift,0,0,Seasonal factor: No Winter relevance; Niche product - irregular demand pattern
October,2024,SKU0260,Sports Drink 250ml,Beverages,Beverages,639,20.6,33228.0,3.1,Regular consumer demand,Normal Trading,Adequate inventory maintained,Stable,None,No Winter relevance,None,12% avg weekend uplift,0,0,Seasonal factor: No Winter relevance
October,2024,SKU0103,Murukku 250g,Snacks,Traditional Snacks,640,20.6,76160.0,21.4,Regular consumer demand,Weekend/Demand Surge,Adequate inventory maintained,Moderate Increase,None,No Winter relevance,None,17% avg weekend uplift,0,0,Seasonal factor: No Winter relevance
October,2024,SKU0166,Detergent Powder 2kg,Household,Laundry,721,23.3,165109.0,5.7,Regular consumer demand,Normal Trading,Adequate inventory maintained,Stable,None,No Winter relevance,None,3% avg weekend uplift,0,0,Seasonal factor: No Winter relevance
October,2024,SKU0164,Dishwash Liquid 750ml,Household,Cleaning,862,27.8,119818.0,-7.3,Regular consumer demand,Normal Trading,Adequate inventory maintained,Stable,None,No Winter relevance,None,3% avg weekend uplift,0,0,Seasonal factor: No Winter relevance
October,2024,SKU0167,Detergent Powder 2kg,Household,Laundry,740,23.9,199060.0,13.7,Regular consumer demand,Normal Trading,Adequate inventory maintained,Stable,None,No Winter relevance,None,3% avg weekend uplift,0,0,Seasonal factor: No Winter relevance
October,2024,SKU0105,Banana Chips 250g,Snacks,Chips,751,24.2,66839.0,21.1,Regular consumer demand,Weekend/Demand Surge,Low stock impact - 21 units missed opportunity,Moderate Increase,None,No Winter relevance,None,17% avg weekend uplift,0,21,Seasonal factor: No Winter relevance
October,2024,SKU0035,Dates Premium 500g,Grocery,Nuts,424,13.7,114056.0,-14.5,Regular consumer demand,Normal Trading,Low stock impact - 44 units missed opportunity,Moderate Decline,None,No Winter relevance,None,4% avg weekend uplift,0,44,Seasonal factor: No Winter relevance
October,2024,SKU0042,Pickle Jar 500g,Grocery,Condiments,933,30.1,111027.0,0.3,Regular consumer demand,Normal Trading,Adequate inventory maintained,Stable,None,No Winter relevance,None,4% avg weekend uplift,0,0,Seasonal factor: No Winter relevance
October,2024,SKU0095,Badam Milk 180ml,Beverages,Beverages,249,8.0,10458.0,-10.8,Regular consumer demand,Normal Trading,Low stock impact - 16 units missed opportunity,Moderate Decline,None,No Winter relevance,None,12% avg weekend uplift,0,16,Seasonal factor: No Winter relevance
October,2024,SKU0203,Pencil Box 10pcs,Stationery,Stationery,59,1.9,8201.0,-4.8,Regular consumer demand,Normal Trading,Adequate inventory maintained,Stable,None,No Winter relevance,None,1% avg weekend uplift,0,0,Seasonal factor: No Winter relevance
October,2024,SKU0111,Halwa Pack 500g,Snacks,Traditional Sweets,315,10.2,84735.0,-7.6,Regular consumer demand,Normal Trading,Stockout for 5 days - lost 41 units,Stable,None,No Winter relevance,None,17% avg weekend uplift,5,41,Seasonal factor: No Winter relevance; Inventory issue: Stockout for 5 days - lost 41 units
October,2024,SKU0156,Cucumber 1kg,Fruits & Vegetables,Vegetables,1407,45.4,45024.0,13.5,Regular consumer demand,Normal Trading,Adequate inventory maintained,Stable,None,No Winter relevance,None,9% avg weekend uplift,0,0,Seasonal factor: No Winter relevance
October,2024,SKU0023,Rock Salt 500g,Grocery,Salt,604,19.5,19328.0,-2.6,Regular consumer demand,Normal Trading,Adequate inventory maintained,Stable,None,No Winter relevance,None,4% avg weekend uplift,0,0,Seasonal factor: No Winter relevance
October,2024,SKU0002,Ponni Rice 10kg,Grocery,Rice,623,20.1,809277.0,-4.3,Regular consumer demand,Normal Trading,Adequate inventory maintained,Stable,None,No Winter relevance,None,4% avg weekend uplift,0,0,Seasonal factor: No Winter relevance
October,2024,SKU0187,Toothpaste 150g,Personal Care,Oral Care,673,21.7,48456.0,20.6,Regular consumer demand,Weekend/Demand Surge,Adequate inventory maintained,Moderate Increase,None,No Winter relevance,None,6% avg weekend uplift,0,0,Seasonal factor: No Winter relevance
October,2024,SKU0275,Kitchen Towels 2 Rolls,Household,Kitchenware,665,21.5,79135.0,7.3,Regular consumer demand,Normal Trading,Adequate inventory maintained,Stable,None,No Winter relevance,None,3% avg weekend uplift,0,0,Seasonal factor: No Winter relevance
October,2024,SKU0192,Perfume Gift Set,Personal Care,Fragrances,1196,38.6,955604.0,126.9,Diwali demand surge - Gift,Festival - Diwali,Adequate inventory maintained,Strong Increase,Diwali,No Winter relevance,None,6% avg weekend uplift,0,0,Festival demand: Diwali; Seasonal factor: No Winter relevance; Significant demand spike - review forecast
October,2024,SKU0008,Maida Flour 1kg,Grocery,Flour,806,26.0,33852.0,0.0,Regular consumer demand,Normal Trading,Adequate inventory maintained,Stable,None,No Winter relevance,None,4% avg weekend uplift,0,0,Seasonal factor: No Winter relevance
October,2024,SKU0239,Vitamin Supplements 30 tabs,Personal Care,Health,453,14.6,149037.0,-2.6,Regular consumer demand,Normal Trading,Adequate inventory maintained,Stable,None,No Winter relevance,None,6% avg weekend uplift,0,0,Seasonal factor: No Winter relevance
October,2024,SKU0160,Camphor 100g,Household,Religious,550,17.7,48950.0,77.4,"Diwali demand surge - Religious, Festival",Festival - Diwali,Low stock impact - 37 units missed opportunity,Strong Increase,Diwali,No Winter relevance,None,3% avg weekend uplift,0,37,Festival demand: Diwali; Seasonal factor: No Winter relevance; Significant demand spike - review forecast
October,2024,SKU0298,Pongal Sugar Pack 2kg,Grocery,Sweeteners,479,15.5,80951.0,-9.1,Regular consumer demand,Normal Trading,Adequate inventory maintained,Stable,None,No Winter relevance,None,4% avg weekend uplift,0,0,Seasonal factor: No Winter relevance
October,2024,SKU0054,Honey 500g,Grocery,Sweeteners,741,23.9,117819.0,19.5,Regular consumer demand,Normal Trading,Adequate inventory maintained,Stable,None,No Winter relevance,None,4% avg weekend uplift,0,0,Seasonal factor: No Winter relevance
October,2024,SKU0263,Frozen Veg Burger Patty 400g,Frozen Foods,Frozen Foods,119,3.8,23681.0,-4.0,Regular consumer demand,Normal Trading,Stockout for 3 days - lost 9 units,Stable,None,No Winter relevance,None,4% avg weekend uplift,3,9,Seasonal factor: No Winter relevance; Inventory issue: Stockout for 3 days - lost 9 units; Niche product - irregular demand pattern
October,2024,SKU0019,Ghee 1L,Grocery,Ghee,1871,60.4,971049.0,174.3,Diwali demand surge - Ghee; Winter demand - Ghee,Festival - Diwali,Low stock impact - 172 units missed opportunity,Strong Increase,Diwali,Winter demand - Ghee,None,4% avg weekend uplift,0,172,Festival demand: Diwali; Seasonal factor: Winter demand - Ghee; Significant demand spike - review forecast
October,2024,SKU0070,Ice Cream Family Pack 1L,Dairy,Frozen,623,20.1,105287.0,11.6,Regular consumer demand,Normal Trading,Adequate inventory maintained,Stable,None,No Winter relevance,None,7% avg weekend uplift,0,0,Seasonal factor: No Winter relevance
October,2024,SKU0147,Watermelon Per Piece,Fruits & Vegetables,Fruits,682,22.0,42284.0,22.2,Regular consumer demand,Weekend/Demand Surge,Adequate inventory maintained,Moderate Increase,None,No Winter relevance,None,9% avg weekend uplift,0,0,Seasonal factor: No Winter relevance
October,2024,SKU0286,Dry Fruit Gift Hamper Combo,Grocery,Gift Sets,723,23.3,866877.0,159.1,"Diwali demand surge - Dry Fruit, Gift; Winter demand - Dry Fruit",Festival - Diwali,Stockout for 5 days - lost 116 units,Strong Increase,Diwali,Winter demand - Dry Fruit,None,4% avg weekend uplift,5,116,Festival demand: Diwali; Seasonal factor: Winter demand - Dry Fruit; Inventory issue: Stockout for 5 days - lost 116 units; Significant demand spike - review forecast
October,2024,SKU0047,Biryani Masala 100g,Grocery,Spices,422,13.6,17724.0,4.7,Regular consumer demand,Normal Trading,Adequate inventory maintained,Stable,None,No Winter relevance,None,4% avg weekend uplift,0,0,Seasonal factor: No Winter relevance
October,2024,SKU0182,Bath Soap 125g,Personal Care,Bath Soaps,626,20.2,38812.0,18.8,Regular consumer demand,Normal Trading,Adequate inventory maintained,Stable,None,No Winter relevance,None,6% avg weekend uplift,0,0,Seasonal factor: No Winter relevance
October,2024,SKU0183,Shampoo Sachet 6ml,Personal Care,Hair Care,859,27.7,4295.0,2.6,Regular consumer demand,Normal Trading,Adequate inventory maintained,Stable,None,No Winter relevance,None,6% avg weekend uplift,0,0,Seasonal factor: No Winter relevance
October,2024,SKU0069,Flavored Yogurt 90g,Dairy,Dairy,90,2.9,3780.0,-3.2,Regular consumer demand,Normal Trading,Stockout for 2 days - lost 4 units,Stable,None,No Winter relevance,None,2% avg weekend uplift,2,4,Seasonal factor: No Winter relevance; Inventory issue: Stockout for 2 days - lost 4 units; Niche product - irregular demand pattern
October,2024,SKU0007,Wheat Flour Atta 5kg,Grocery,Atta,735,23.7,219765.0,-8.8,Regular consumer demand,Normal Trading,Adequate inventory maintained,Stable,None,No Winter relevance,None,4% avg weekend uplift,0,0,Seasonal factor: No Winter relevance
October,2024,SKU0276,Match Box 10pcs,Household,Household,790,25.5,18170.0,-12.1,Regular consumer demand,Normal Trading,Adequate inventory maintained,Moderate Decline,None,No Winter relevance,None,3% avg weekend uplift,0,0,Seasonal factor: No Winter relevance
October,2024,SKU0096,Fruit Syrup 750ml,Beverages,Syrups,293,9.5,46587.0,-5.5,Regular consumer demand,Normal Trading,Stockout for 5 days - lost 39 units,Stable,None,No Winter relevance,None,12% avg weekend uplift,5,39,Seasonal factor: No Winter relevance; Inventory issue: Stockout for 5 days - lost 39 units
October,2024,SKU0079,Probiotic Drink 5pcs,Dairy,Beverages,237,7.6,28203.0,9.2,Regular consumer demand,Normal Trading,Adequate inventory maintained,Stable,None,No Winter relevance,None,2% avg weekend uplift,0,0,Seasonal factor: No Winter relevance; Niche product - irregular demand pattern
October,2024,SKU0078,Dairy Whitener 400g,Dairy,Dairy,1077,34.7,149703.0,19.8,Regular consumer demand,Normal Trading,Adequate inventory maintained,Stable,None,No Winter relevance,None,7% avg weekend uplift,0,0,Seasonal factor: No Winter relevance
October,2024,SKU0116,Namkeen Mix 400g,Snacks,Traditional Snacks,597,19.3,82983.0,13.3,Regular consumer demand,Normal Trading,Adequate inventory maintained,Stable,None,No Winter relevance,None,17% avg weekend uplift,0,0,Seasonal factor: No Winter relevance
October,2024,SKU0281,Mosquito Bat Rechargeable,Household,Pest Control,601,19.4,197729.0,2.0,Regular consumer demand,Normal Trading,Low stock impact - 15 units missed opportunity,Stable,None,No Winter relevance,None,3% avg weekend uplift,0,15,Seasonal factor: No Winter relevance
October,2024,SKU0226,Saree Gift Pack Silk Blend,Lifestyle,Clothing,1044,33.7,2817756.0,124.5,Diwali demand surge - Gift,Festival - Diwali,Adequate inventory maintained,Strong Increase,Diwali,No Winter relevance,None,7% avg weekend uplift,0,0,Festival demand: Diwali; Seasonal factor: No Winter relevance; Significant demand spike - review forecast
October,2024,SKU0238,Face Mask Pack 3pcs,Personal Care,Beauty,110,3.5,25190.0,-11.3,Regular consumer demand,Normal Trading,Low stock impact - 3 units missed opportunity,Moderate Decline,None,No Winter relevance,None,2% avg weekend uplift,0,3,Seasonal factor: No Winter relevance; Niche product - irregular demand pattern
October,2024,SKU0299,Ramadan Combo Kit,Grocery,Gift Sets,1454,46.9,1161746.0,134.5,Diwali demand surge - Gift,Festival - Diwali,Adequate inventory maintained,Strong Increase,Diwali,No Winter relevance,None,4% avg weekend uplift,0,0,Festival demand: Diwali; Seasonal factor: No Winter relevance; Significant demand spike - review forecast
October,2024,SKU0050,Sugar Candy 250g,Grocery,Sweeteners,1114,35.9,80208.0,89.1,Diwali demand surge - Festival,Festival - Diwali,Adequate inventory maintained,Strong Increase,Diwali,No Winter relevance,None,4% avg weekend uplift,0,0,Festival demand: Diwali; Seasonal factor: No Winter relevance; Significant demand spike - review forecast
October,2024,SKU0128,Donuts 2pcs,Bakery,Bakery,147,4.7,17493.0,-5.2,Regular consumer demand,Normal Trading,Stockout for 2 days - lost 8 units,Stable,None,No Winter relevance,None,3% avg weekend uplift,2,8,Seasonal factor: No Winter relevance; Inventory issue: Stockout for 2 days - lost 8 units; Niche product - irregular demand pattern
October,2024,SKU0272,Lunch Box Medium,Household,Kitchenware,451,14.5,121319.0,-9.1,Regular consumer demand,Normal Trading,Adequate inventory maintained,Stable,None,No Winter relevance,None,3% avg weekend uplift,0,0,Seasonal factor: No Winter relevance
October,2024,SKU0244,Green Peas Masala 200g,Grocery,Mixes,129,4.2,10191.0,4.0,Regular consumer demand,Normal Trading,Adequate inventory maintained,Stable,None,No Winter relevance,None,1% avg weekend uplift,0,0,Seasonal factor: No Winter relevance; Niche product - irregular demand pattern
October,2024,SKU0014,Groundnut Oil 1L,Grocery,Oil,1261,40.7,162669.0,103.4,Diwali demand surge - Oil,Festival - Diwali,Adequate inventory maintained,Strong Increase,Diwali,No Winter relevance,None,4% avg weekend uplift,0,0,Festival demand: Diwali; Seasonal factor: No Winter relevance; Significant demand spike - review forecast
October,2024,SKU0106,Popcorn 100g,Snacks,Chips,556,17.9,23352.0,5.5,Regular consumer demand,Normal Trading,Adequate inventory maintained,Stable,None,No Winter relevance,None,17% avg weekend uplift,0,0,Seasonal factor: No Winter relevance
October,2024,SKU0013,Chana Dal 1kg,Grocery,Pulses,616,19.9,97944.0,4.6,Regular consumer demand,Normal Trading,Stockout for 2 days - lost 27 units,Stable,None,No Winter relevance,None,4% avg weekend uplift,2,27,Seasonal factor: No Winter relevance; Inventory issue: Stockout for 2 days - lost 27 units
October,2024,SKU0029,Pepper Powder 100g,Grocery,Spices,659,21.3,78421.0,-3.4,Regular consumer demand,Normal Trading,Adequate inventory maintained,Stable,None,No Winter relevance,None,4% avg weekend uplift,0,0,Seasonal factor: No Winter relevance
October,2024,SKU0218,Umbrella Large,Lifestyle,Rainwear,311,10.0,102319.0,11.5,Regular consumer demand,Normal Trading,Adequate inventory maintained,Stable,None,No Winter relevance,None,7% avg weekend uplift,0,0,Seasonal factor: No Winter relevance
October,2024,SKU0287,Festival Sweet Combo 2kg,Snacks,Traditional Sweets,898,29.0,717502.0,189.7,"Diwali demand surge - Sweet, Festival; Winter demand - Sweet",Festival - Diwali,Stockout for 4 days - lost 95 units,Strong Increase,Diwali,Winter demand - Sweet,None,17% avg weekend uplift,4,95,Festival demand: Diwali; Seasonal factor: Winter demand - Sweet; Inventory issue: Stockout for 4 days - lost 95 units; Significant demand spike - review forecast
October,2024,SKU0037,Aval / Poha 1kg,Grocery,Breakfast,1031,33.3,63922.0,14.7,Regular consumer demand,Normal Trading,Adequate inventory maintained,Stable,None,No Winter relevance,None,4% avg weekend uplift,0,0,Seasonal factor: No Winter relevance
October,2024,SKU0127,Plum Cake 500g,Bakery,Bakery,542,17.5,145798.0,2.8,Regular consumer demand,Normal Trading,Adequate inventory maintained,Stable,None,No Winter relevance,None,10% avg weekend uplift,0,0,Seasonal factor: No Winter relevance
October,2024,SKU0198,Baby Powder 200g,Personal Care,Baby Care,735,23.7,102165.0,-5.2,Regular consumer demand,Normal Trading,Adequate inventory maintained,Stable,None,No Winter relevance,None,6% avg weekend uplift,0,0,Seasonal factor: No Winter relevance
October,2024,SKU0028,Rasam Powder 200g,Grocery,Spices,1009,32.5,72648.0,16.2,Regular consumer demand,Normal Trading,Adequate inventory maintained,Stable,None,No Winter relevance,None,4% avg weekend uplift,0,0,Seasonal factor: No Winter relevance
October,2024,SKU0121,Burger Buns 4pcs,Bakery,Bakery,498,16.1,15936.0,-5.5,Regular consumer demand,Normal Trading,Adequate inventory maintained,Stable,None,No Winter relevance,None,10% avg weekend uplift,0,0,Seasonal factor: No Winter relevance
October,2024,SKU0269,Hair Gel 100ml,Personal Care,Hair Care,184,5.9,25576.0,-15.2,Regular consumer demand,Normal Trading,Stockout for 5 days - lost 30 units,Moderate Decline,None,No Winter relevance,None,2% avg weekend uplift,5,30,Seasonal factor: No Winter relevance; Inventory issue: Stockout for 5 days - lost 30 units; Niche product - irregular demand pattern
October,2024,SKU0284,Coconut Scraper Manual,Household,Kitchenware,181,5.8,48689.0,-16.6,Regular consumer demand,Normal Trading,Stockout for 5 days - lost 29 units,Moderate Decline,None,No Winter relevance,None,1% avg weekend uplift,5,29,Seasonal factor: No Winter relevance; Inventory issue: Stockout for 5 days - lost 29 units; Niche product - irregular demand pattern
October,2024,SKU0135,Ice Cubes 1kg,Frozen Foods,Frozen Foods,343,11.1,14406.0,0.6,Regular consumer demand,Normal Trading,Adequate inventory maintained,Stable,None,No Winter relevance,None,15% avg weekend uplift,0,0,Seasonal factor: No Winter relevance
October,2024,SKU0243,Instant Soup 3 Pack,Grocery,Instant Foods,330,10.6,45870.0,6.5,Regular consumer demand,Normal Trading,Stockout for 3 days - lost 28 units,Stable,None,No Winter relevance,None,4% avg weekend uplift,3,28,Seasonal factor: No Winter relevance; Inventory issue: Stockout for 3 days - lost 28 units
October,2024,SKU0040,Tamarind 500g,Grocery,Spices,688,22.2,61232.0,16.8,Regular consumer demand,Normal Trading,Adequate inventory maintained,Stable,None,No Winter relevance,None,4% avg weekend uplift,0,0,Seasonal factor: No Winter relevance
October,2024,SKU0258,Instant Coffee Sachet 10pcs,Beverages,Coffee,530,17.1,32860.0,6.9,Regular consumer demand,Normal Trading,Stockout for 5 days - lost 90 units,Stable,None,No Winter relevance,None,12% avg weekend uplift,5,90,Seasonal factor: No Winter relevance; Inventory issue: Stockout for 5 days - lost 90 units
October,2024,SKU0242,Salt Biscuits 300g,Snacks,Biscuits,851,27.5,52762.0,19.4,Regular consumer demand,Normal Trading,Adequate inventory maintained,Stable,None,No Winter relevance,None,17% avg weekend uplift,0,0,Seasonal factor: No Winter relevance
October,2024,SKU0112,Sweet Box Assorted 1kg,Snacks,Traditional Sweets,1043,33.6,478737.0,205.9,Diwali demand surge - Sweet; Winter demand - Sweet,Festival - Diwali,Adequate inventory maintained,Strong Increase,Diwali,Winter demand - Sweet,None,17% avg weekend uplift,0,0,Festival demand: Diwali; Seasonal factor: Winter demand - Sweet; Significant demand spike - review forecast
October,2024,SKU0211,USB Cable 1m,Electronics,Electronics,169,5.5,38701.0,-9.1,Regular consumer demand,Normal Trading,Adequate inventory maintained,Stable,None,No Winter relevance,None,2% avg weekend uplift,0,0,Seasonal factor: No Winter relevance; Niche product - irregular demand pattern
October,2024,SKU0273,Vacuum Flask 1L,Household,Kitchenware,200,6.5,83800.0,7.5,Regular consumer demand,Normal Trading,Adequate inventory maintained,Stable,None,No Winter relevance,None,1% avg weekend uplift,0,0,Seasonal factor: No Winter relevance; Niche product - irregular demand pattern
October,2024,SKU0274,Plastic Storage Container Set,Household,Kitchenware,206,6.6,164594.0,10.8,Regular consumer demand,Normal Trading,Adequate inventory maintained,Stable,None,No Winter relevance,None,1% avg weekend uplift,0,0,Seasonal factor: No Winter relevance; Niche product - irregular demand pattern
October,2024,SKU0093,Tender Coconut Water 250ml,Beverages,Beverages,228,7.4,9576.0,-8.1,Regular consumer demand,Normal Trading,Adequate inventory maintained,Stable,None,No Winter relevance,None,3% avg weekend uplift,0,0,Seasonal factor: No Winter relevance; Niche product - irregular demand pattern
October,2024,SKU0120,Bread Loaf 400g,Bakery,Bakery,888,28.6,34632.0,6.1,Regular consumer demand,Normal Trading,Low stock impact - 20 units missed opportunity,Stable,None,No Winter relevance,None,10% avg weekend uplift,0,20,Seasonal factor: No Winter relevance
October,2024,SKU0228,Christmas Tree Decor Combo,Household,Decorations,356,11.5,284444.0,4.4,Regular consumer demand,Normal Trading,Adequate inventory maintained,Stable,None,No Winter relevance,None,3% avg weekend uplift,0,0,Seasonal factor: No Winter relevance
October,2024,SKU0233,Drinking Water Can 20L,Beverages,Beverages,1021,32.9,80659.0,26.7,Regular consumer demand,Weekend/Demand Surge,Adequate inventory maintained,Moderate Increase,None,No Winter relevance,None,12% avg weekend uplift,0,0,Seasonal factor: No Winter relevance
October,2024,SKU0185,Hair Oil 500ml,Personal Care,Hair Care,1223,39.5,169997.0,79.3,Diwali demand surge - Oil,Festival - Diwali,Adequate inventory maintained,Strong Increase,Diwali,No Winter relevance,None,6% avg weekend uplift,0,0,Festival demand: Diwali; Seasonal factor: No Winter relevance; Significant demand spike - review forecast
October,2024,SKU0016,Gingelly Oil 1L,Grocery,Oil,1112,35.9,199048.0,88.8,Diwali demand surge - Oil,Festival - Diwali,Low stock impact - 95 units missed opportunity,Strong Increase,Diwali,No Winter relevance,None,4% avg weekend uplift,0,95,Festival demand: Diwali; Seasonal factor: No Winter relevance; Significant demand spike - review forecast
October,2024,SKU0110,Dry Fruit Laddu Box 500g,Snacks,Traditional Sweets,1606,51.8,592614.0,245.4,Diwali demand surge - Dry Fruit; Winter demand - Dry Fruit,Festival - Diwali,Adequate inventory maintained,Strong Increase,Diwali,Winter demand - Dry Fruit,None,17% avg weekend uplift,0,0,Festival demand: Diwali; Seasonal factor: Winter demand - Dry Fruit; Significant demand spike - review forecast
October,2024,SKU0022,Salt 1kg,Grocery,Salt,851,27.5,22126.0,5.6,Regular consumer demand,Normal Trading,Adequate inventory maintained,Stable,None,No Winter relevance,None,4% avg weekend uplift,0,0,Seasonal factor: No Winter relevance
October,2024,SKU0153,Orange 1kg,Fruits & Vegetables,Fruits,1059,34.2,94251.0,13.9,Regular consumer demand,Normal Trading,Adequate inventory maintained,Stable,None,No Winter relevance,None,9% avg weekend uplift,0,0,Seasonal factor: No Winter relevance
October,2024,SKU0017,Coconut Oil 1L,Grocery,Oil,1274,41.1,177086.0,128.3,Diwali demand surge - Oil,Festival - Diwali,Adequate inventory maintained,Strong Increase,Diwali,No Winter relevance,None,4% avg weekend uplift,0,0,Festival demand: Diwali; Seasonal factor: No Winter relevance; Significant demand spike - review forecast
October,2024,SKU0278,LED Lantern Rechargeable,Electronics,Lighting,623,20.1,261037.0,5.8,Regular consumer demand,Normal Trading,Adequate inventory maintained,Stable,None,No Winter relevance,None,6% avg weekend uplift,0,0,Seasonal factor: No Winter relevance
October,2024,SKU0179,Banana Leaf Pack 10pcs,Grocery,Religious,1112,35.9,87848.0,99.3,Diwali demand surge - Religious,Festival - Diwali,Stockout for 3 days - lost 102 units,Strong Increase,Diwali,No Winter relevance,None,4% avg weekend uplift,3,102,Festival demand: Diwali; Seasonal factor: No Winter relevance; Inventory issue: Stockout for 3 days - lost 102 units; Significant demand spike - review forecast
October,2024,SKU0083,Filter Coffee Powder 500g,Beverages,Coffee,964,31.1,220756.0,15.2,Regular consumer demand,Normal Trading,Adequate inventory maintained,Stable,None,No Winter relevance,None,12% avg weekend uplift,0,0,Seasonal factor: No Winter relevance
October,2024,SKU0237,Hair Dryer 1200W,Electronics,Electronics,227,7.3,272173.0,4.6,Regular consumer demand,Normal Trading,Stockout for 5 days - lost 24 units,Stable,None,No Winter relevance,None,2% avg weekend uplift,5,24,Seasonal factor: No Winter relevance; Inventory issue: Stockout for 5 days - lost 24 units; Niche product - irregular demand pattern
October,2024,SKU0256,Vermicelli Kheer Mix 200g,Grocery,Mixes,612,19.7,44064.0,3.9,Regular consumer demand,Normal Trading,Adequate inventory maintained,Stable,None,No Winter relevance,None,4% avg weekend uplift,0,0,Seasonal factor: No Winter relevance
October,2024,SKU0197,Baby Soap 100g,Personal Care,Baby Care,561,18.1,44319.0,-13.8,Regular consumer demand,Normal Trading,Low stock impact - 31 units missed opportunity,Moderate Decline,None,No Winter relevance,None,6% avg weekend uplift,0,31,Seasonal factor: No Winter relevance
October,2024,SKU0262,Protein Shake 400g,Beverages,Health Drinks,138,4.5,57822.0,-11.0,Regular consumer demand,Normal Trading,Adequate inventory maintained,Moderate Decline,None,No Winter relevance,None,3% avg weekend uplift,0,0,Seasonal factor: No Winter relevance; Niche product - irregular demand pattern
October,2024,SKU0092,Rose Milk 200ml,Beverages,Beverages,162,5.2,5184.0,-12.9,Regular consumer demand,Normal Trading,Stockout for 3 days - lost 9 units,Moderate Decline,None,No Winter relevance,None,3% avg weekend uplift,3,9,Seasonal factor: No Winter relevance; Inventory issue: Stockout for 3 days - lost 9 units; Niche product - irregular demand pattern
October,2024,SKU0199,Hand Wash 750ml,Personal Care,Hygiene,948,30.6,160212.0,17.6,Regular consumer demand,Normal Trading,Adequate inventory maintained,Stable,None,No Winter relevance,None,6% avg weekend uplift,0,0,Seasonal factor: No Winter relevance
October,2024,SKU0131,Frozen Fries 420g,Frozen Foods,Frozen Foods,849,27.4,118011.0,-2.2,Regular consumer demand,Normal Trading,Adequate inventory maintained,Stable,None,No Winter relevance,None,15% avg weekend uplift,0,0,Seasonal factor: No Winter relevance
October,2024,SKU0057,Pasta Sauce 300g,Grocery,Condiments,101,3.3,8989.0,8.6,Regular consumer demand,Normal Trading,Adequate inventory maintained,Stable,None,No Winter relevance,None,1% avg weekend uplift,0,0,Seasonal factor: No Winter relevance; Niche product - irregular demand pattern
October,2024,SKU0099,Cold Coffee 180ml,Beverages,Beverages,625,20.2,26250.0,12.0,Regular consumer demand,Normal Trading,Adequate inventory maintained,Stable,None,No Winter relevance,None,12% avg weekend uplift,0,0,Seasonal factor: No Winter relevance
October,2024,SKU0051,Organic Brown Rice 5kg,Grocery,Rice,222,7.2,101898.0,2.3,Regular consumer demand,Normal Trading,Stockout for 5 days - lost 28 units,Stable,None,No Winter relevance,None,1% avg weekend uplift,5,28,Seasonal factor: No Winter relevance; Inventory issue: Stockout for 5 days - lost 28 units; Niche product - irregular demand pattern
October,2024,SKU0191,Deodorant Spray 150ml,Personal Care,Deodorants,694,22.4,158926.0,-6.7,Regular consumer demand,Normal Trading,Adequate inventory maintained,Stable,None,No Winter relevance,None,6% avg weekend uplift,0,0,Seasonal factor: No Winter relevance
October,2024,SKU0254,Pista Cookies 400g,Snacks,Biscuits,1273,41.1,291517.0,105.3,"Diwali demand surge - Pista, Festival",Festival - Diwali,Low stock impact - 141 units missed opportunity,Strong Increase,Diwali,No Winter relevance,None,17% avg weekend uplift,0,141,Festival demand: Diwali; Seasonal factor: No Winter relevance; Significant demand spike - review forecast
October,2024,SKU0205,Printer Paper 500 sheets,Stationery,Stationery,28,0.9,7532.0,-9.7,Regular consumer demand,Normal Trading,Adequate inventory maintained,Stable,None,No Winter relevance,None,1% avg weekend uplift,0,0,Seasonal factor: No Winter relevance
October,2024,SKU0074,Greek Yogurt 400g,Dairy,Dairy,235,7.6,27965.0,-5.2,Regular consumer demand,Normal Trading,Adequate inventory maintained,Stable,None,No Winter relevance,None,2% avg weekend uplift,0,0,Seasonal factor: No Winter relevance; Niche product - irregular demand pattern
October,2024,SKU0232,Disposable Plates & Cups 50pcs,Household,Party Supplies,602,19.4,137858.0,94.2,Diwali demand surge - Festival,Festival - Diwali,Adequate inventory maintained,Strong Increase,Diwali,No Winter relevance,None,3% avg weekend uplift,0,0,Festival demand: Diwali; Seasonal factor: No Winter relevance; Significant demand spike - review forecast
October,2024,SKU0168,Fabric Conditioner 860ml,Household,Laundry,280,9.0,44520.0,12.9,Regular consumer demand,Normal Trading,Adequate inventory maintained,Stable,None,No Winter relevance,None,1% avg weekend uplift,0,0,Seasonal factor: No Winter relevance; Niche product - irregular demand pattern
October,2024,SKU0009,Rava / Sooji 1kg,Grocery,Flour,803,25.9,41756.0,7.9,Regular consumer demand,Normal Trading,Adequate inventory maintained,Stable,None,No Winter relevance,None,4% avg weekend uplift,0,0,Seasonal factor: No Winter relevance
October,2024,SKU0046,Nutella Spread 350g,Grocery,Spreads,198,6.4,53262.0,-8.8,Regular consumer demand,Normal Trading,Stockout for 5 days - lost 30 units,Stable,None,No Winter relevance,None,1% avg weekend uplift,5,30,Seasonal factor: No Winter relevance; Inventory issue: Stockout for 5 days - lost 30 units; Niche product - irregular demand pattern
October,2024,SKU0221,Bedsheet Queen Size,Lifestyle,Bedding,704,22.7,562496.0,8.1,Regular consumer demand,Normal Trading,Adequate inventory maintained,Stable,None,No Winter relevance,None,7% avg weekend uplift,0,0,Seasonal factor: No Winter relevance
October,2024,SKU0300,Diwali Gift Hamper,Grocery,Gift Sets,1066,34.4,1278134.0,114.9,Diwali demand surge - Gift,Festival - Diwali,Adequate inventory maintained,Strong Increase,Diwali,No Winter relevance,None,4% avg weekend uplift,0,0,Festival demand: Diwali; Seasonal factor: No Winter relevance; Significant demand spike - review forecast
October,2024,SKU0114,Nachos 150g,Snacks,Chips,237,7.6,21093.0,9.2,Regular consumer demand,Normal Trading,Adequate inventory maintained,Stable,None,No Winter relevance,None,5% avg weekend uplift,0,0,Seasonal factor: No Winter relevance; Niche product - irregular demand pattern
October,2024,SKU0027,Sambar Powder 500g,Grocery,Spices,639,20.6,56871.0,-1.8,Regular consumer demand,Normal Trading,Low stock impact - 67 units missed opportunity,Stable,None,No Winter relevance,None,4% avg weekend uplift,0,67,Seasonal factor: No Winter relevance
October,2024,SKU0236,Trimmer Rechargeable,Electronics,Electronics,128,4.1,102272.0,-17.4,Regular consumer demand,Normal Trading,Low stock impact - 10 units missed opportunity,Moderate Decline,None,No Winter relevance,None,2% avg weekend uplift,0,10,Seasonal factor: No Winter relevance; Niche product - irregular demand pattern
October,2024,SKU0089,Soda Bottles 750ml,Beverages,Beverages,1004,32.4,32128.0,20.0,Regular consumer demand,Normal Trading,Adequate inventory maintained,Stable,None,No Winter relevance,None,12% avg weekend uplift,0,0,Seasonal factor: No Winter relevance
October,2024,SKU0145,Apple 1kg,Fruits & Vegetables,Fruits,1087,35.1,183703.0,20.9,Regular consumer demand,Weekend/Demand Surge,Adequate inventory maintained,Moderate Increase,None,No Winter relevance,None,9% avg weekend uplift,0,0,Seasonal factor: No Winter relevance
October,2024,SKU0202,Ball Pen Pack 10pcs,Stationery,Stationery,799,25.8,49538.0,-11.1,Regular consumer demand,Normal Trading,Adequate inventory maintained,Moderate Decline,None,No Winter relevance,None,3% avg weekend uplift,0,0,Seasonal factor: No Winter relevance
October,2024,SKU0250,Coconut Cookies 200g,Snacks,Biscuits,528,17.0,38016.0,0.2,Regular consumer demand,Normal Trading,Adequate inventory maintained,Stable,None,No Winter relevance,None,17% avg weekend uplift,0,0,Seasonal factor: No Winter relevance
October,2024,SKU0172,Mosquito Refill 45ml,Household,Pest Control,557,18.0,77423.0,-0.2,Regular consumer demand,Normal Trading,Adequate inventory maintained,Stable,None,No Winter relevance,None,3% avg weekend uplift,0,0,Seasonal factor: No Winter relevance
October,2024,SKU0034,Raisins 250g,Grocery,Nuts,277,8.9,46813.0,11.7,Regular consumer demand,Normal Trading,Adequate inventory maintained,Stable,None,No Winter relevance,None,4% avg weekend uplift,0,0,Seasonal factor: No Winter relevance
October,2024,SKU0148,Mango 1kg,Fruits & Vegetables,Fruits,268,8.6,37252.0,-3.9,Regular consumer demand,Normal Trading,Adequate inventory maintained,Stable,None,No Winter relevance,None,9% avg weekend uplift,0,0,Seasonal factor: No Winter relevance
October,2024,SKU0157,Carrot 1kg,Fruits & Vegetables,Vegetables,612,19.7,31824.0,9.7,Regular consumer demand,Normal Trading,Adequate inventory maintained,Stable,None,No Winter relevance,None,9% avg weekend uplift,0,0,Seasonal factor: No Winter relevance
October,2024,SKU0107,Biscuit Pack 300g,Snacks,Biscuits,745,24.0,53640.0,0.1,Regular consumer demand,Normal Trading,Adequate inventory maintained,Stable,None,No Winter relevance,None,17% avg weekend uplift,0,0,Seasonal factor: No Winter relevance
October,2024,SKU0184,Shampoo Bottle 340ml,Personal Care,Hair Care,861,27.8,231609.0,6.8,Regular consumer demand,Normal Trading,Low stock impact - 88 units missed opportunity,Stable,None,No Winter relevance,None,6% avg weekend uplift,0,88,Seasonal factor: No Winter relevance
October,2024,SKU0196,Baby Lotion 200ml,Personal Care,Baby Care,1008,32.5,230832.0,20.4,Regular consumer demand,Weekend/Demand Surge,Adequate inventory maintained,Moderate Increase,None,No Winter relevance,None,6% avg weekend uplift,0,0,Seasonal factor: No Winter relevance
October,2024,SKU0200,Hand Sanitizer 500ml,Personal Care,Hygiene,547,17.6,86973.0,10.3,Regular consumer demand,Normal Trading,Adequate inventory maintained,Stable,None,No Winter relevance,None,6% avg weekend uplift,0,0,Seasonal factor: No Winter relevance
October,2024,SKU0208,Extension Box 4 socket,Electronics,Electrical,249,8.0,114291.0,0.4,Regular consumer demand,Normal Trading,Adequate inventory maintained,Stable,None,No Winter relevance,None,2% avg weekend uplift,0,0,Seasonal factor: No Winter relevance; Niche product - irregular demand pattern
October,2024,SKU0214,Rice Cooker 1.8L,Electronics,Appliances,197,6.4,413503.0,5.9,Regular consumer demand,Normal Trading,Adequate inventory maintained,Stable,None,No Winter relevance,None,2% avg weekend uplift,0,0,Seasonal factor: No Winter relevance; Niche product - irregular demand pattern
October,2024,SKU0289,Pooja Oil 500ml,Grocery,Religious,1189,38.4,200941.0,113.1,"Diwali demand surge - Oil, Pooja, Religious",Festival - Diwali,Adequate inventory maintained,Strong Increase,Diwali,No Winter relevance,None,4% avg weekend uplift,0,0,Festival demand: Diwali; Seasonal factor: No Winter relevance; Significant demand spike - review forecast
October,2024,SKU0295,Kids Festive Wear Medium,Lifestyle,Clothing,758,24.5,1060442.0,74.7,Diwali demand surge - Festival,Festival - Diwali,Stockout for 2 days - lost 40 units,Strong Increase,Diwali,No Winter relevance,None,7% avg weekend uplift,2,40,Festival demand: Diwali; Seasonal factor: No Winter relevance; Inventory issue: Stockout for 2 days - lost 40 units; Significant demand spike - review forecast
October,2024,SKU0075,Imported Cheese 200g,Dairy,Dairy,256,8.3,58624.0,3.2,Regular consumer demand,Normal Trading,Adequate inventory maintained,Stable,None,No Winter relevance,None,2% avg weekend uplift,0,0,Seasonal factor: No Winter relevance; Niche product - irregular demand pattern
October,2024,SKU0235,Smart Watch Standard,Electronics,Electronics,271,8.7,623029.0,9.3,Regular consumer demand,Normal Trading,Adequate inventory maintained,Stable,None,No Winter relevance,None,2% avg weekend uplift,0,0,Seasonal factor: No Winter relevance; Niche product - irregular demand pattern
October,2024,SKU0072,Condensed Milk 400g,Dairy,Dairy,452,14.6,62828.0,12.2,Regular consumer demand,Normal Trading,Adequate inventory maintained,Stable,None,No Winter relevance,None,7% avg weekend uplift,0,0,Seasonal factor: No Winter relevance
October,2024,SKU0117,Energy Bar 6pcs,Snacks,Health Bars,110,3.5,29590.0,-11.3,Regular consumer demand,Normal Trading,Adequate inventory maintained,Moderate Decline,None,No Winter relevance,None,5% avg weekend uplift,0,0,Seasonal factor: No Winter relevance; Niche product - irregular demand pattern
October,2024,SKU0067,Cheese Slices 200g,Dairy,Dairy,649,20.9,77231.0,23.1,Regular consumer demand,Weekend/Demand Surge,Adequate inventory maintained,Moderate Increase,None,No Winter relevance,None,7% avg weekend uplift,0,0,Seasonal factor: No Winter relevance
October,2024,SKU0091,Mango Juice 1L,Beverages,Juices,537,17.3,47793.0,-3.8,Regular consumer demand,Normal Trading,Low stock impact - 44 units missed opportunity,Stable,None,No Winter relevance,None,12% avg weekend uplift,0,44,Seasonal factor: No Winter relevance
October,2024,SKU0227,Dhoti Set XL,Lifestyle,Clothing,456,14.7,364344.0,13.2,Regular consumer demand,Normal Trading,Adequate inventory maintained,Stable,None,No Winter relevance,None,7% avg weekend uplift,0,0,Seasonal factor: No Winter relevance
October,2024,SKU0279,Mobile Power Bank 10000mAh,Electronics,Electronics,121,3.9,169279.0,-2.4,Regular consumer demand,Normal Trading,Adequate inventory maintained,Stable,None,No Winter relevance,None,2% avg weekend uplift,0,0,Seasonal factor: No Winter relevance; Niche product - irregular demand pattern
October,2024,SKU0056,Pasta 500g,Grocery,Pasta,625,20.2,49375.0,6.1,Regular consumer demand,Normal Trading,Adequate inventory maintained,Stable,None,No Winter relevance,None,4% avg weekend uplift,0,0,Seasonal factor: No Winter relevance
October,2024,SKU0177,Steel Tiffin Box 3-tier,Household,Kitchenware,140,4.5,64260.0,-9.7,Regular consumer demand,Normal Trading,Adequate inventory maintained,Stable,None,No Winter relevance,None,1% avg weekend uplift,0,0,Seasonal factor: No Winter relevance; Niche product - irregular demand pattern
October,2024,SKU0216,Emergency Lamp Rechargeable,Electronics,Lighting,881,28.4,703919.0,89.5,Diwali demand surge - Lamp,Festival - Diwali,Low stock impact - 25 units missed opportunity,Strong Increase,Diwali,No Winter relevance,None,6% avg weekend uplift,0,25,Festival demand: Diwali; Seasonal factor: No Winter relevance; Significant demand spike - review forecast
October,2024,SKU0024,Turmeric Powder 200g,Grocery,Spices,796,25.7,49352.0,11.6,Regular consumer demand,Normal Trading,Low stock impact - 46 units missed opportunity,Stable,None,No Winter relevance,None,4% avg weekend uplift,0,46,Seasonal factor: No Winter relevance
October,2024,SKU0162,Decorative Lights 20m,Household,Decorations,970,31.3,445230.0,108.6,Diwali demand surge - Decorative,Festival - Diwali,Adequate inventory maintained,Strong Increase,Diwali,No Winter relevance,None,3% avg weekend uplift,0,0,Festival demand: Diwali; Seasonal factor: No Winter relevance; Significant demand spike - review forecast
October,2024,SKU0163,Rangoli Powder 500g,Household,Decorations,536,17.3,33232.0,15.3,Regular consumer demand,Normal Trading,Adequate inventory maintained,Stable,None,No Winter relevance,None,3% avg weekend uplift,0,0,Seasonal factor: No Winter relevance
October,2024,SKU0064,Curd Cup 400g,Dairy,Dairy,1153,37.2,48426.0,9.4,Regular consumer demand,Normal Trading,Adequate inventory maintained,Stable,None,No Winter relevance,None,7% avg weekend uplift,0,0,Seasonal factor: No Winter relevance
October,2024,SKU0126,Croissants 6pcs,Bakery,Bakery,179,5.8,24881.0,-3.8,Regular consumer demand,Normal Trading,Adequate inventory maintained,Stable,None,No Winter relevance,None,3% avg weekend uplift,0,0,Seasonal factor: No Winter relevance; Niche product - irregular demand pattern
October,2024,SKU0134,Frozen Sweet Corn 500g,Frozen Foods,Frozen Foods,2277,73.5,225423.0,162.3,Diwali demand surge - Sweet; Winter demand - Sweet,Festival - Diwali,Adequate inventory maintained,Strong Increase,Diwali,Winter demand - Sweet,None,15% avg weekend uplift,0,0,Festival demand: Diwali; Seasonal factor: Winter demand - Sweet; Significant demand spike - review forecast
October,2024,SKU0141,Green Chilli 250g,Fruits & Vegetables,Vegetables,1072,34.6,34304.0,11.6,Regular consumer demand,Normal Trading,Adequate inventory maintained,Stable,None,No Winter relevance,None,9% avg weekend uplift,0,0,Seasonal factor: No Winter relevance
October,2024,SKU0025,Chilli Powder 500g,Grocery,Spices,509,16.4,40211.0,-8.8,Regular consumer demand,Normal Trading,Adequate inventory maintained,Stable,None,No Winter relevance,None,4% avg weekend uplift,0,0,Seasonal factor: No Winter relevance
October,2024,SKU0297,Temple Coconut Pack 5pcs,Fruits & Vegetables,Fruits,542,17.5,91598.0,118.5,Diwali demand surge - Festival,Festival - Diwali,Adequate inventory maintained,Strong Increase,Diwali,No Winter relevance,None,9% avg weekend uplift,0,0,Festival demand: Diwali; Seasonal factor: No Winter relevance; Significant demand spike - review forecast
October,2024,SKU0018,Ghee 500ml,Grocery,Ghee,1239,40.0,333291.0,135.1,Diwali demand surge - Ghee; Winter demand - Ghee,Festival - Diwali,Low stock impact - 50 units missed opportunity,Strong Increase,Diwali,Winter demand - Ghee,None,4% avg weekend uplift,0,50,Festival demand: Diwali; Seasonal factor: Winter demand - Ghee; Significant demand spike - review forecast
October,2024,SKU0174,Pressure Cooker 5L,Household,Cookware,249,8.0,298551.0,0.4,Regular consumer demand,Normal Trading,Adequate inventory maintained,Stable,None,No Winter relevance,None,1% avg weekend uplift,0,0,Seasonal factor: No Winter relevance; Niche product - irregular demand pattern
October,2024,SKU0175,Non-Stick Pan 28cm,Household,Cookware,269,8.7,214931.0,8.5,Regular consumer demand,Normal Trading,Adequate inventory maintained,Stable,None,No Winter relevance,None,1% avg weekend uplift,0,0,Seasonal factor: No Winter relevance; Niche product - irregular demand pattern
October,2024,SKU0212,Electric Kettle 1.5L,Electronics,Appliances,156,5.0,187044.0,0.6,Regular consumer demand,Normal Trading,Adequate inventory maintained,Stable,None,No Winter relevance,None,2% avg weekend uplift,0,0,Seasonal factor: No Winter relevance; Niche product - irregular demand pattern
October,2024,SKU0270,Beard Oil 50ml,Personal Care,Grooming,218,7.0,58642.0,75.8,Diwali demand surge - Oil,Festival - Diwali,Stockout for 5 days - lost 21 units,Strong Increase,Diwali,No Winter relevance,None,2% avg weekend uplift,5,21,Festival demand: Diwali; Seasonal factor: No Winter relevance; Inventory issue: Stockout for 5 days - lost 21 units; Significant demand spike - review forecast; Niche product - irregular demand pattern
October,2024,SKU0033,Pistachios 250g,Grocery,Nuts,325,10.5,136175.0,16.5,Regular consumer demand,Normal Trading,Adequate inventory maintained,Stable,None,No Winter relevance,None,4% avg weekend uplift,0,0,Seasonal factor: No Winter relevance
October,2024,SKU0048,Chicken Masala 100g,Grocery,Spices,436,14.1,17004.0,17.2,Regular consumer demand,Normal Trading,Adequate inventory maintained,Stable,None,No Winter relevance,None,4% avg weekend uplift,0,0,Seasonal factor: No Winter relevance
October,2024,SKU0049,Semiya Payasam Mix 200g,Grocery,Mixes,631,20.4,39122.0,19.7,Regular consumer demand,Normal Trading,Adequate inventory maintained,Stable,None,No Winter relevance,None,4% avg weekend uplift,0,0,Seasonal factor: No Winter relevance
October,2024,SKU0231,Turmeric Plant Bundle,Fruits & Vegetables,Plants,484,15.6,38236.0,4.1,Regular consumer demand,Normal Trading,Adequate inventory maintained,Stable,None,No Winter relevance,None,9% avg weekend uplift,0,0,Seasonal factor: No Winter relevance
October,2024,SKU0154,Grapes 500g,Fruits & Vegetables,Fruits,745,24.0,88655.0,20.2,Regular consumer demand,Weekend/Demand Surge,Adequate inventory maintained,Moderate Increase,None,No Winter relevance,None,9% avg weekend uplift,0,0,Seasonal factor: No Winter relevance
October,2024,SKU0085,Health Drink 500g,Beverages,Health Drinks,870,28.1,138330.0,16.9,Regular consumer demand,Normal Trading,Adequate inventory maintained,Stable,None,No Winter relevance,None,12% avg weekend uplift,0,0,Seasonal factor: No Winter relevance
October,2024,SKU0100,Electrolyte Drink 500ml,Beverages,Beverages,598,19.3,47242.0,-3.5,Regular consumer demand,Normal Trading,Low stock impact - 38 units missed opportunity,Stable,None,No Winter relevance,None,12% avg weekend uplift,0,38,Seasonal factor: No Winter relevance
October,2024,SKU0255,Saffron 1g,Grocery,Spices,185,6.0,147815.0,98.9,Diwali demand surge - Festival,Festival - Diwali,Adequate inventory maintained,Strong Increase,Diwali,No Winter relevance,None,1% avg weekend uplift,0,0,Festival demand: Diwali; Seasonal factor: No Winter relevance; Significant demand spike - review forecast; Niche product - irregular demand pattern
October,2024,SKU0073,Fresh Cream 250ml,Dairy,Dairy,285,9.2,22515.0,14.9,Regular consumer demand,Normal Trading,Adequate inventory maintained,Stable,None,No Winter relevance,None,7% avg weekend uplift,0,0,Seasonal factor: No Winter relevance
October,2024,SKU0012,Moong Dal 1kg,Grocery,Pulses,548,17.7,92612.0,10.5,Regular consumer demand,Normal Trading,Adequate inventory maintained,Stable,None,No Winter relevance,None,4% avg weekend uplift,0,0,Seasonal factor: No Winter relevance
October,2024,SKU0186,Toothpaste 200g,Personal Care,Oral Care,517,16.7,46013.0,4.2,Regular consumer demand,Normal Trading,Adequate inventory maintained,Stable,None,No Winter relevance,None,6% avg weekend uplift,0,0,Seasonal factor: No Winter relevance
October,2024,SKU0068,Buttermilk 200ml,Dairy,Beverages,1157,37.3,26611.0,16.6,Regular consumer demand,Normal Trading,Adequate inventory maintained,Stable,None,No Winter relevance,None,7% avg weekend uplift,0,0,Seasonal factor: No Winter relevance
October,2024,SKU0271,Wall Clock Standard,Household,Home Decor,99,3.2,32571.0,6.5,Regular consumer demand,Normal Trading,Adequate inventory maintained,Stable,None,No Winter relevance,None,1% avg weekend uplift,0,0,Seasonal factor: No Winter relevance
October,2024,SKU0282,Hand Blender Standard,Electronics,Appliances,98,3.2,137102.0,5.4,Regular consumer demand,Normal Trading,Low stock impact - 9 units missed opportunity,Stable,None,No Winter relevance,None,2% avg weekend uplift,0,9,Seasonal factor: No Winter relevance; Niche product - irregular demand pattern
October,2024,SKU0071,Ice Cream Cone Pack 6pcs,Dairy,Frozen,649,20.9,77231.0,4.7,Regular consumer demand,Normal Trading,Adequate inventory maintained,Stable,None,No Winter relevance,None,7% avg weekend uplift,0,0,Seasonal factor: No Winter relevance
October,2024,SKU0188,Toothbrush 2pcs,Personal Care,Oral Care,565,18.2,78535.0,-4.1,Regular consumer demand,Normal Trading,Adequate inventory maintained,Stable,None,No Winter relevance,None,6% avg weekend uplift,0,0,Seasonal factor: No Winter relevance
October,2024,SKU0266,Toilet Cleaner 1L,Household,Cleaning,801,25.8,135369.0,3.4,Regular consumer demand,Normal Trading,Adequate inventory maintained,Stable,None,No Winter relevance,None,3% avg weekend uplift,0,0,Seasonal factor: No Winter relevance
October,2024,SKU0125,Rusks 300g,Bakery,Bakery,743,24.0,46066.0,19.8,Regular consumer demand,Normal Trading,Adequate inventory maintained,Stable,None,No Winter relevance,None,10% avg weekend uplift,0,0,Seasonal factor: No Winter relevance
October,2024,SKU0032,Almonds 500g,Grocery,Nuts,549,17.7,273951.0,-6.8,Regular consumer demand,Normal Trading,Adequate inventory maintained,Stable,None,No Winter relevance,None,4% avg weekend uplift,0,0,Seasonal factor: No Winter relevance
October,2024,SKU0053,Chia Seeds 250g,Grocery,Seeds,281,9.1,64349.0,13.3,Regular consumer demand,Normal Trading,Adequate inventory maintained,Stable,None,No Winter relevance,None,1% avg weekend uplift,0,0,Seasonal factor: No Winter relevance; Niche product - irregular demand pattern
October,2024,SKU0087,Soft Drink Cola 2L,Beverages,Soft Drinks,582,18.8,45978.0,-1.2,Regular consumer demand,Normal Trading,Adequate inventory maintained,Stable,None,No Winter relevance,None,12% avg weekend uplift,0,0,Seasonal factor: No Winter relevance
October,2024,SKU0088,Soft Drink Orange 2L,Beverages,Soft Drinks,477,15.4,37683.0,2.6,Regular consumer demand,Normal Trading,Stockout for 4 days - lost 44 units,Stable,None,No Winter relevance,None,12% avg weekend uplift,4,44,Seasonal factor: No Winter relevance; Inventory issue: Stockout for 4 days - lost 44 units
October,2024,SKU0102,Magic Masala Chips 75g,Snacks,Chips,479,15.5,15328.0,-3.4,Regular consumer demand,Normal Trading,Low stock impact - 26 units missed opportunity,Stable,None,No Winter relevance,None,17% avg weekend uplift,0,26,Seasonal factor: No Winter relevance
October,2024,SKU0133,Frozen Peas 500g,Frozen Foods,Frozen Foods,789,25.5,70221.0,1.8,Regular consumer demand,Normal Trading,Adequate inventory maintained,Stable,None,No Winter relevance,None,15% avg weekend uplift,0,0,Seasonal factor: No Winter relevance
October,2024,SKU0170,Aluminum Foil 9m,Household,Kitchen,578,18.6,51442.0,-6.8,Regular consumer demand,Normal Trading,Adequate inventory maintained,Stable,None,No Winter relevance,None,3% avg weekend uplift,0,0,Seasonal factor: No Winter relevance
October,2024,SKU0204,School Bag Medium,Stationery,Bags,290,9.4,231710.0,-6.5,Regular consumer demand,Normal Trading,Adequate inventory maintained,Stable,None,No Winter relevance,None,3% avg weekend uplift,0,0,Seasonal factor: No Winter relevance
October,2024,SKU0209,Mobile Charger 18W,Electronics,Electronics,199,6.4,123181.0,7.0,Regular consumer demand,Normal Trading,Adequate inventory maintained,Stable,None,No Winter relevance,None,2% avg weekend uplift,0,0,Seasonal factor: No Winter relevance; Niche product - irregular demand pattern
October,2024,SKU0288,Prayer Oil Lamp Brass,Household,Religious,567,18.3,237573.0,82.9,"Diwali demand surge - Lamp, Oil, Prayer",Festival - Diwali,Low stock impact - 63 units missed opportunity,Strong Increase,Diwali,No Winter relevance,None,3% avg weekend uplift,0,63,Festival demand: Diwali; Seasonal factor: No Winter relevance; Significant demand spike - review forecast
October,2024,SKU0146,Pomegranate 1kg,Fruits & Vegetables,Fruits,418,13.5,112442.0,3.7,Regular consumer demand,Normal Trading,Adequate inventory maintained,Stable,None,No Winter relevance,None,9% avg weekend uplift,0,0,Seasonal factor: No Winter relevance
October,2024,SKU0104,Mixture Snacks 500g,Snacks,Traditional Snacks,331,10.7,55939.0,18.6,Regular consumer demand,Normal Trading,Adequate inventory maintained,Stable,None,No Winter relevance,None,17% avg weekend uplift,0,0,Seasonal factor: No Winter relevance
October,2024,SKU0137,Frozen Momos 500g,Frozen Foods,Frozen Foods,145,4.7,28855.0,-6.5,Regular consumer demand,Normal Trading,Adequate inventory maintained,Stable,None,No Winter relevance,None,4% avg weekend uplift,0,0,Seasonal factor: No Winter relevance; Niche product - irregular demand pattern
October,2024,SKU0004,Raw Rice 25kg,Grocery,Rice,728,23.5,1091272.0,2.1,Regular consumer demand,Normal Trading,Low stock impact - 72 units missed opportunity,Stable,None,No Winter relevance,None,4% avg weekend uplift,0,72,Seasonal factor: No Winter relevance
October,2024,SKU0129,Garlic Bread 200g,Bakery,Bakery,118,3.8,8496.0,-4.8,Regular consumer demand,Normal Trading,Adequate inventory maintained,Stable,None,No Winter relevance,None,3% avg weekend uplift,0,0,Seasonal factor: No Winter relevance; Niche product - irregular demand pattern
October,2024,SKU0142,Ginger 250g,Fruits & Vegetables,Vegetables,744,24.0,46128.0,20.0,Regular consumer demand,Normal Trading,Adequate inventory maintained,Stable,None,No Winter relevance,None,9% avg weekend uplift,0,0,Seasonal factor: No Winter relevance
October,2024,SKU0006,Wheat Flour Atta 5kg,Grocery,Atta,817,26.4,236113.0,5.4,Regular consumer demand,Normal Trading,Low stock impact - 67 units missed opportunity,Stable,None,No Winter relevance,None,4% avg weekend uplift,0,67,Seasonal factor: No Winter relevance
October,2024,SKU0122,Pizza Base 200g,Bakery,Bakery,193,6.2,11966.0,3.8,Regular consumer demand,Normal Trading,Adequate inventory maintained,Stable,None,No Winter relevance,None,3% avg weekend uplift,0,0,Seasonal factor: No Winter relevance; Niche product - irregular demand pattern
October,2024,SKU0109,Chocolate Gift Box 500g,Snacks,Chocolates,753,24.3,345627.0,102.4,Diwali demand surge - Gift,Festival - Diwali,Adequate inventory maintained,Strong Increase,Diwali,No Winter relevance,None,17% avg weekend uplift,0,0,Festival demand: Diwali; Seasonal factor: No Winter relevance; Significant demand spike - review forecast
October,2024,SKU0215,Induction Stove 1800W,Electronics,Appliances,94,3.0,291306.0,1.1,Regular consumer demand,Normal Trading,Low stock impact - 3 units missed opportunity,Stable,None,No Winter relevance,None,2% avg weekend uplift,0,3,Seasonal factor: No Winter relevance; Niche product - irregular demand pattern
October,2024,SKU0190,Talcum Powder 400g,Personal Care,Skin Care,682,22.0,60698.0,4.8,Regular consumer demand,Normal Trading,Adequate inventory maintained,Stable,None,No Winter relevance,None,6% avg weekend uplift,0,0,Seasonal factor: No Winter relevance
October,2024,SKU0223,Blanket Double,Lifestyle,Bedding,778,25.1,932822.0,79.3,Winter demand - Blanket,Seasonal - Winter,Stockout for 5 days - lost 104 units,Strong Increase,None,Winter demand - Blanket,None,7% avg weekend uplift,5,104,Seasonal factor: Winter demand - Blanket; Inventory issue: Stockout for 5 days - lost 104 units; Significant demand spike - review forecast
October,2024,SKU0180,Kumkum Powder 50g,Household,Religious,603,19.5,25326.0,76.8,"Diwali demand surge - Religious, Kumkum, Festival",Festival - Diwali,Adequate inventory maintained,Strong Increase,Diwali,No Winter relevance,None,3% avg weekend uplift,0,0,Festival demand: Diwali; Seasonal factor: No Winter relevance; Significant demand spike - review forecast
October,2024,SKU0247,Cheese Popcorn 100g,Snacks,Snacks,207,6.7,12834.0,-4.6,Regular consumer demand,Normal Trading,Adequate inventory maintained,Stable,None,No Winter relevance,None,5% avg weekend uplift,0,0,Seasonal factor: No Winter relevance; Niche product - irregular demand pattern
October,2024,SKU0001,Ponni Rice 25kg,Grocery,Rice,741,23.9,1184859.0,3.9,Regular consumer demand,Normal Trading,Adequate inventory maintained,Stable,None,No Winter relevance,None,4% avg weekend uplift,0,0,Seasonal factor: No Winter relevance
October,2024,SKU0241,Coconut Biscuits 200g,Snacks,Biscuits,590,19.0,30680.0,26.9,Regular consumer demand,Weekend/Demand Surge,Adequate inventory maintained,Moderate Increase,None,No Winter relevance,None,17% avg weekend uplift,0,0,Seasonal factor: No Winter relevance
October,2024,SKU0248,Fruit Jam 500g,Grocery,Spreads,839,27.1,116621.0,-9.8,Regular consumer demand,Normal Trading,Adequate inventory maintained,Stable,None,No Winter relevance,None,4% avg weekend uplift,0,0,Seasonal factor: No Winter relevance
October,2024,SKU0252,Fruit Cake 300g,Bakery,Bakery,411,13.3,69459.0,20.5,Regular consumer demand,Weekend/Demand Surge,Adequate inventory maintained,Moderate Increase,None,No Winter relevance,None,10% avg weekend uplift,0,0,Seasonal factor: No Winter relevance
October,2024,SKU0159,Agarbathi 100 sticks,Household,Religious,1158,37.4,91482.0,69.8,"Diwali demand surge - Religious, Festival",Festival - Diwali,Stockout for 3 days - lost 113 units,Strong Increase,Diwali,No Winter relevance,None,3% avg weekend uplift,3,113,Festival demand: Diwali; Seasonal factor: No Winter relevance; Inventory issue: Stockout for 3 days - lost 113 units; Significant demand spike - review forecast
October,2024,SKU0005,Basmati Rice 5kg,Grocery,Rice,888,28.6,736152.0,-1.2,Regular consumer demand,Normal Trading,Adequate inventory maintained,Stable,None,No Winter relevance,None,4% avg weekend uplift,0,0,Seasonal factor: No Winter relevance
October,2024,SKU0217,Smart LED Strip Lights 5m,Electronics,Lighting,335,10.8,401665.0,8.1,Regular consumer demand,Normal Trading,Adequate inventory maintained,Stable,None,No Winter relevance,None,6% avg weekend uplift,0,0,Seasonal factor: No Winter relevance
October,2024,SKU0076,Flavored Milk 200ml,Dairy,Beverages,1041,33.6,23943.0,11.9,Regular consumer demand,Normal Trading,Low stock impact - 73 units missed opportunity,Stable,None,No Winter relevance,None,7% avg weekend uplift,0,73,Seasonal factor: No Winter relevance
October,2024,SKU0101,Lays Chips 50g,Snacks,Chips,900,29.0,17100.0,3.7,Regular consumer demand,Normal Trading,Adequate inventory maintained,Stable,None,No Winter relevance,None,17% avg weekend uplift,0,0,Seasonal factor: No Winter relevance
October,2024,SKU0098,Lemon Juice 600ml,Beverages,Juices,746,24.1,46252.0,20.3,Regular consumer demand,Weekend/Demand Surge,Adequate inventory maintained,Moderate Increase,None,No Winter relevance,None,12% avg weekend uplift,0,0,Seasonal factor: No Winter relevance
October,2024,SKU0015,Sunflower Oil 1L,Grocery,Oil,1640,52.9,195160.0,95.9,Diwali demand surge - Oil,Festival - Diwali,Adequate inventory maintained,Strong Increase,Diwali,No Winter relevance,None,4% avg weekend uplift,0,0,Festival demand: Diwali; Seasonal factor: No Winter relevance; Significant demand spike - review forecast
October,2024,SKU0113,Kids Chocolate Pack,Snacks,Chocolates,562,18.1,207378.0,13.3,Regular consumer demand,Normal Trading,Adequate inventory maintained,Stable,None,No Winter relevance,None,17% avg weekend uplift,0,0,Seasonal factor: No Winter relevance
October,2024,SKU0152,Jasmine Flowers 100g,Fruits & Vegetables,Flowers,1192,38.5,73904.0,140.3,Diwali demand surge - Festival,Festival - Diwali,Adequate inventory maintained,Strong Increase,Diwali,No Winter relevance,None,9% avg weekend uplift,0,0,Festival demand: Diwali; Seasonal factor: No Winter relevance; Significant demand spike - review forecast
October,2024,SKU0043,Oats 1kg,Grocery,Breakfast,760,24.5,136040.0,-1.9,Regular consumer demand,Normal Trading,Adequate inventory maintained,Stable,None,No Winter relevance,None,4% avg weekend uplift,0,0,Seasonal factor: No Winter relevance
October,2024,SKU0219,Raincoat XL,Lifestyle,Rainwear,679,21.9,284501.0,21.7,Regular consumer demand,Weekend/Demand Surge,Adequate inventory maintained,Moderate Increase,None,No Winter relevance,None,7% avg weekend uplift,0,0,Seasonal factor: No Winter relevance
October,2024,SKU0003,Idly Rice 10kg,Grocery,Rice,523,16.9,627077.0,-0.8,Regular consumer demand,Normal Trading,Adequate inventory maintained,Stable,None,No Winter relevance,None,4% avg weekend uplift,0,0,Seasonal factor: No Winter relevance
October,2024,SKU0222,Pillow Cover Pair,Lifestyle,Bedding,674,21.7,154346.0,14.4,Regular consumer demand,Normal Trading,Adequate inventory maintained,Stable,None,No Winter relevance,None,7% avg weekend uplift,0,0,Seasonal factor: No Winter relevance
October,2024,SKU0144,Banana 1 dozen,Fruits & Vegetables,Fruits,1158,37.4,48636.0,6.7,Regular consumer demand,Normal Trading,Adequate inventory maintained,Stable,None,No Winter relevance,None,9% avg weekend uplift,0,0,Seasonal factor: No Winter relevance
October,2024,SKU0249,Choco Spread 350g,Grocery,Spreads,208,6.7,55952.0,11.8,Regular consumer demand,Normal Trading,Adequate inventory maintained,Stable,None,No Winter relevance,None,1% avg weekend uplift,0,0,Seasonal factor: No Winter relevance; Niche product - irregular demand pattern
October,2024,SKU0055,Instant Noodles 12 Pack,Grocery,Instant Foods,1040,33.5,144560.0,19.8,Regular consumer demand,Normal Trading,Adequate inventory maintained,Stable,None,No Winter relevance,None,4% avg weekend uplift,0,0,Seasonal factor: No Winter relevance
October,2024,SKU0010,Toor Dal 1kg,Grocery,Pulses,711,22.9,127269.0,4.3,Regular consumer demand,Normal Trading,Adequate inventory maintained,Stable,None,No Winter relevance,None,4% avg weekend uplift,0,0,Seasonal factor: No Winter relevance
October,2024,SKU0066,Paneer 200g,Dairy,Dairy,1191,38.4,94089.0,-8.5,Regular consumer demand,Normal Trading,Adequate inventory maintained,Stable,None,No Winter relevance,None,7% avg weekend uplift,0,0,Seasonal factor: No Winter relevance
October,2024,SKU0045,Peanut Butter 1kg,Grocery,Spreads,140,4.5,51660.0,-9.7,Regular consumer demand,Normal Trading,Adequate inventory maintained,Stable,None,No Winter relevance,None,1% avg weekend uplift,0,0,Seasonal factor: No Winter relevance; Niche product - irregular demand pattern
October,2024,SKU0171,Tissue Paper 200 pulls,Household,Household,798,25.7,49476.0,-11.2,Regular consumer demand,Normal Trading,Adequate inventory maintained,Moderate Decline,None,No Winter relevance,None,3% avg weekend uplift,0,0,Seasonal factor: No Winter relevance
October,2024,SKU0169,Garbage Bags 30pcs,Household,Household,495,16.0,58905.0,-0.2,Regular consumer demand,Normal Trading,Adequate inventory maintained,Stable,None,No Winter relevance,None,3% avg weekend uplift,0,0,Seasonal factor: No Winter relevance
October,2024,SKU0189,Face Wash 100ml,Personal Care,Skin Care,657,21.2,91323.0,11.5,Regular consumer demand,Normal Trading,Adequate inventory maintained,Stable,None,No Winter relevance,None,6% avg weekend uplift,0,0,Seasonal factor: No Winter relevance
October,2024,SKU0277,Candle Pack 20pcs,Household,Religious,924,29.8,72996.0,86.3,"Diwali demand surge - Candle, Religious",Festival - Diwali,Stockout for 5 days - lost 103 units,Strong Increase,Diwali,No Winter relevance,None,3% avg weekend uplift,5,103,Festival demand: Diwali; Seasonal factor: No Winter relevance; Inventory issue: Stockout for 5 days - lost 103 units; Significant demand spike - review forecast
October,2024,SKU0039,Ready Pongal Mix 500g,Grocery,Mixes,482,15.5,38078.0,11.1,Regular consumer demand,Normal Trading,Adequate inventory maintained,Stable,None,No Winter relevance,None,4% avg weekend uplift,0,0,Seasonal factor: No Winter relevance
October,2024,SKU0041,Papad 200g,Grocery,Snacks,887,28.6,37254.0,19.2,Regular consumer demand,Normal Trading,Adequate inventory maintained,Stable,None,No Winter relevance,None,4% avg weekend uplift,0,0,Seasonal factor: No Winter relevance
October,2024,SKU0194,Sanitary Pads XL Pack,Personal Care,Feminine Care,679,21.9,94381.0,-4.8,Regular consumer demand,Normal Trading,Adequate inventory maintained,Stable,None,No Winter relevance,None,6% avg weekend uplift,0,0,Seasonal factor: No Winter relevance
October,2024,SKU0201,Notebook A4 200 pages,Stationery,Stationery,62,2.0,4898.0,0.0,Regular consumer demand,Normal Trading,Adequate inventory maintained,Stable,None,No Winter relevance,None,1% avg weekend uplift,0,0,Seasonal factor: No Winter relevance
October,2024,SKU0280,Bluetooth Earbuds TWS,Electronics,Electronics,174,5.6,400026.0,-6.5,Regular consumer demand,Normal Trading,Adequate inventory maintained,Stable,None,No Winter relevance,None,2% avg weekend uplift,0,0,Seasonal factor: No Winter relevance; Niche product - irregular demand pattern
October,2024,SKU0030,Cardamom 50g,Grocery,Spices,360,11.6,96840.0,5.6,Regular consumer demand,Normal Trading,Adequate inventory maintained,Stable,None,No Winter relevance,None,4% avg weekend uplift,0,0,Seasonal factor: No Winter relevance
October,2024,SKU0038,Millet Mix 1kg,Grocery,Grains,124,4.0,17236.0,0.0,Regular consumer demand,Normal Trading,Adequate inventory maintained,Stable,None,No Winter relevance,None,1% avg weekend uplift,0,0,Seasonal factor: No Winter relevance; Niche product - irregular demand pattern
October,2024,SKU0220,Travel Bag Medium,Lifestyle,Luggage,97,3.1,135703.0,4.3,Regular consumer demand,Normal Trading,Low stock impact - 3 units missed opportunity,Stable,None,No Winter relevance,None,2% avg weekend uplift,0,3,Seasonal factor: No Winter relevance; Niche product - irregular demand pattern
October,2024,SKU0140,Potato 1kg,Fruits & Vegetables,Vegetables,1017,32.8,23391.0,21.5,Regular consumer demand,Weekend/Demand Surge,Adequate inventory maintained,Moderate Increase,None,No Winter relevance,None,9% avg weekend uplift,0,0,Seasonal factor: No Winter relevance
October,2024,SKU0251,Herbal Tea 100g,Beverages,Tea,91,2.9,20839.0,-2.2,Regular consumer demand,Normal Trading,Adequate inventory maintained,Stable,None,No Winter relevance,None,3% avg weekend uplift,0,0,Seasonal factor: No Winter relevance; Niche product - irregular demand pattern
October,2024,SKU0257,Sweet Corn Soup 50g,Grocery,Instant Foods,1270,41.0,53340.0,156.0,Diwali demand surge - Sweet; Winter demand - Sweet,Festival - Diwali,Adequate inventory maintained,Strong Increase,Diwali,Winter demand - Sweet,None,4% avg weekend uplift,0,0,Festival demand: Diwali; Seasonal factor: Winter demand - Sweet; Significant demand spike - review forecast
October,2024,SKU0065,Butter 100g,Dairy,Dairy,566,18.3,50374.0,7.4,Regular consumer demand,Normal Trading,Adequate inventory maintained,Stable,None,No Winter relevance,None,7% avg weekend uplift,0,0,Seasonal factor: No Winter relevance
October,2024,SKU0285,Steel Plates Set 6pcs,Household,Kitchenware,218,7.0,134942.0,0.5,Regular consumer demand,Normal Trading,Low stock impact - 13 units missed opportunity,Stable,None,No Winter relevance,None,1% avg weekend uplift,0,13,Seasonal factor: No Winter relevance; Niche product - irregular demand pattern
October,2024,SKU0155,Pineapple Per Piece,Fruits & Vegetables,Fruits,1085,35.0,78120.0,16.7,Regular consumer demand,Normal Trading,Adequate inventory maintained,Stable,None,No Winter relevance,None,9% avg weekend uplift,0,0,Seasonal factor: No Winter relevance
October,2024,SKU0292,Fruit Basket Combo,Fruits & Vegetables,Fruits,756,24.4,316764.0,74.2,Diwali demand surge - Festival,Festival - Diwali,Stockout for 5 days - lost 102 units,Strong Increase,Diwali,No Winter relevance,None,9% avg weekend uplift,5,102,Festival demand: Diwali; Seasonal factor: No Winter relevance; Inventory issue: Stockout for 5 days - lost 102 units; Significant demand spike - review forecast
October,2024,SKU0265,Laundry Liquid 1L,Household,Laundry,551,17.8,126179.0,4.6,Regular consumer demand,Normal Trading,Adequate inventory maintained,Stable,None,No Winter relevance,None,3% avg weekend uplift,0,0,Seasonal factor: No Winter relevance
October,2024,SKU0173,Room Freshener 240ml,Household,Air Freshener,264,8.5,41976.0,6.5,Regular consumer demand,Normal Trading,Adequate inventory maintained,Stable,None,No Winter relevance,None,1% avg weekend uplift,0,0,Seasonal factor: No Winter relevance; Niche product - irregular demand pattern
October,2024,SKU0151,Betel Leaves 1 Pack,Fruits & Vegetables,Leaves,422,13.6,17724.0,23.8,Regular consumer demand,Weekend/Demand Surge,Adequate inventory maintained,Moderate Increase,None,No Winter relevance,None,9% avg weekend uplift,0,0,Seasonal factor: No Winter relevance
October,2024,SKU0063,Fresh Milk 500ml,Dairy,Milk,973,31.4,25298.0,4.6,Regular consumer demand,Normal Trading,Adequate inventory maintained,Stable,None,No Winter relevance,None,7% avg weekend uplift,0,0,Seasonal factor: No Winter relevance
October,2024,SKU0240,Herbal Shampoo 400ml,Personal Care,Hair Care,801,25.8,183429.0,-7.7,Regular consumer demand,Normal Trading,Adequate inventory maintained,Stable,None,No Winter relevance,None,6% avg weekend uplift,0,0,Seasonal factor: No Winter relevance
October,2024,SKU0224,Towels Bath Size,Lifestyle,Bedding,777,25.1,255633.0,-3.6,Regular consumer demand,Normal Trading,Adequate inventory maintained,Stable,None,No Winter relevance,None,7% avg weekend uplift,0,0,Seasonal factor: No Winter relevance
October,2024,SKU0082,Tea Powder 1kg,Beverages,Tea,914,29.5,255006.0,9.2,Regular consumer demand,Normal Trading,Adequate inventory maintained,Stable,None,No Winter relevance,None,12% avg weekend uplift,0,0,Seasonal factor: No Winter relevance
October,2024,SKU0158,Beetroot 1kg,Fruits & Vegetables,Vegetables,743,24.0,31206.0,19.8,Regular consumer demand,Normal Trading,Adequate inventory maintained,Stable,None,No Winter relevance,None,9% avg weekend uplift,0,0,Seasonal factor: No Winter relevance
October,2024,SKU0296,Puja Flowers Combo,Fruits & Vegetables,Flowers,567,18.3,152523.0,82.9,Diwali demand surge - Festival,Festival - Diwali,Adequate inventory maintained,Strong Increase,Diwali,No Winter relevance,None,9% avg weekend uplift,0,0,Festival demand: Diwali; Seasonal factor: No Winter relevance; Significant demand spike - review forecast
October,2024,SKU0165,Floor Cleaner 1L,Household,Cleaning,531,17.1,89739.0,14.2,Regular consumer demand,Normal Trading,Adequate inventory maintained,Stable,None,No Winter relevance,None,3% avg weekend uplift,0,0,Seasonal factor: No Winter relevance
October,2024,SKU0118,Protein Chips 100g,Snacks,Health Snacks,300,9.7,41700.0,21.0,Regular consumer demand,Weekend/Demand Surge,Adequate inventory maintained,Moderate Increase,None,No Winter relevance,None,5% avg weekend uplift,0,0,Seasonal factor: No Winter relevance; Niche product - irregular demand pattern
October,2024,SKU0136,Frozen Pizza 300g,Frozen Foods,Frozen Foods,269,8.7,45461.0,8.5,Regular consumer demand,Normal Trading,Adequate inventory maintained,Stable,None,No Winter relevance,None,4% avg weekend uplift,0,0,Seasonal factor: No Winter relevance; Niche product - irregular demand pattern
October,2024,SKU0283,Pressure Pan 3L,Household,Cookware,81,2.6,64719.0,-12.9,Regular consumer demand,Normal Trading,Adequate inventory maintained,Moderate Decline,None,No Winter relevance,None,1% avg weekend uplift,0,0,Seasonal factor: No Winter relevance; Niche product - irregular demand pattern
October,2024,SKU0058,Tomato Ketchup 1kg,Grocery,Condiments,856,27.6,118984.0,6.2,Regular consumer demand,Normal Trading,Adequate inventory maintained,Stable,None,No Winter relevance,None,4% avg weekend uplift,0,0,Seasonal factor: No Winter relevance
October,2024,SKU0267,Face Cream 200ml,Personal Care,Skin Care,464,15.0,106256.0,-6.5,Regular consumer demand,Normal Trading,Adequate inventory maintained,Stable,None,No Winter relevance,None,6% avg weekend uplift,0,0,Seasonal factor: No Winter relevance
October,2024,SKU0061,Fresh Milk 1L,Dairy,Milk,824,26.6,42848.0,6.3,Regular consumer demand,Normal Trading,Stockout for 3 days - lost 57 units,Stable,None,No Winter relevance,None,7% avg weekend uplift,3,57,Seasonal factor: No Winter relevance; Inventory issue: Stockout for 3 days - lost 57 units
October,2024,SKU0080,Chocolate Milk 180ml,Dairy,Beverages,968,31.2,40656.0,15.7,Regular consumer demand,Normal Trading,Adequate inventory maintained,Stable,None,No Winter relevance,None,7% avg weekend uplift,0,0,Seasonal factor: No Winter relevance
October,2024,SKU0207,LED Bulb 9W,Electronics,Lighting,921,29.7,128019.0,14.3,Regular consumer demand,Normal Trading,Adequate inventory maintained,Stable,None,No Winter relevance,None,6% avg weekend uplift,0,0,Seasonal factor: No Winter relevance
October,2024,SKU0195,Baby Diapers 42pcs,Personal Care,Baby Care,713,23.0,569687.0,-4.2,Regular consumer demand,Normal Trading,Low stock impact - 45 units missed opportunity,Stable,None,No Winter relevance,None,6% avg weekend uplift,0,45,Seasonal factor: No Winter relevance
November,2024,SKU0264,Air Freshener Spray 300ml,Household,Air Freshener,112,3.7,17808.0,-6.7,Regular consumer demand,Normal Trading,Stockout for 4 days - lost 11 units,Stable,None,No Winter relevance,None,1% avg weekend uplift,4,11,Seasonal factor: No Winter relevance; Inventory issue: Stockout for 4 days - lost 11 units; Niche product - irregular demand pattern
November,2024,SKU0176,Water Bottle 1L,Household,Kitchenware,723,24.1,165567.0,9.5,Regular consumer demand,Normal Trading,Adequate inventory maintained,Stable,None,No Winter relevance,None,3% avg weekend uplift,0,0,Seasonal factor: No Winter relevance
November,2024,SKU0060,Black Channa 1kg,Grocery,Pulses,693,23.1,68607.0,-7.6,Regular consumer demand,Normal Trading,Adequate inventory maintained,Stable,None,No Winter relevance,None,5% avg weekend uplift,0,0,Seasonal factor: No Winter relevance
November,2024,SKU0094,Energy Drink 250ml,Beverages,Beverages,141,4.7,19599.0,-6.0,Regular consumer demand,Normal Trading,Adequate inventory maintained,Stable,None,No Winter relevance,None,4% avg weekend uplift,0,0,Seasonal factor: No Winter relevance; Niche product - irregular demand pattern
November,2024,SKU0097,Green Tea 100g,Beverages,Tea,96,3.2,16224.0,6.7,Regular consumer demand,Normal Trading,Adequate inventory maintained,Stable,None,No Winter relevance,None,4% avg weekend uplift,0,0,Seasonal factor: No Winter relevance; Niche product - irregular demand pattern
November,2024,SKU0062,Fresh Milk 1L,Dairy,Milk,1383,46.1,70533.0,4.8,Regular consumer demand,Normal Trading,Adequate inventory maintained,Stable,None,No Winter relevance,None,7% avg weekend uplift,0,0,Seasonal factor: No Winter relevance
November,2024,SKU0138,Tomato 1kg,Fruits & Vegetables,Vegetables,1010,33.7,42420.0,-6.5,Regular consumer demand,Normal Trading,Adequate inventory maintained,Stable,None,No Winter relevance,None,9% avg weekend uplift,0,0,Seasonal factor: No Winter relevance
November,2024,SKU0139,Onion 1kg,Fruits & Vegetables,Vegetables,889,29.6,28448.0,14.0,Regular consumer demand,Normal Trading,Adequate inventory maintained,Stable,None,No Winter relevance,None,9% avg weekend uplift,0,0,Seasonal factor: No Winter relevance
November,2024,SKU0294,Men's Kurta Set XL,Lifestyle,Clothing,351,11.7,736749.0,46.2,Diwali demand surge - Festival,Festival - Diwali,Adequate inventory maintained,Moderate Increase,Diwali,No Winter relevance,None,7% avg weekend uplift,0,0,Festival demand: Diwali; Seasonal factor: No Winter relevance
November,2024,SKU0123,Muffins 2pcs,Bakery,Bakery,107,3.6,8453.0,-10.8,Regular consumer demand,Normal Trading,Adequate inventory maintained,Moderate Decline,None,No Winter relevance,None,3% avg weekend uplift,0,0,Seasonal factor: No Winter relevance; Niche product - irregular demand pattern
November,2024,SKU0178,Pooja Plate Set,Household,Religious,501,16.7,134769.0,19.3,"Diwali demand surge - Pooja, Religious, Festival",Festival - Diwali,Adequate inventory maintained,Stable,Diwali,No Winter relevance,None,3% avg weekend uplift,0,0,Festival demand: Diwali; Seasonal factor: No Winter relevance
November,2024,SKU0206,Gift Wrap Paper 5 sheets,Stationery,Gift Wrap,495,16.5,30690.0,50.0,"Diwali demand surge - Gift, Festival",Festival - Diwali,Adequate inventory maintained,Moderate Increase,Diwali,No Winter relevance,None,3% avg weekend uplift,0,0,Festival demand: Diwali; Seasonal factor: No Winter relevance
November,2024,SKU0021,Sugar 1kg,Grocery,Sweeteners,834,27.8,35028.0,3.0,Regular consumer demand,Normal Trading,Adequate inventory maintained,Stable,None,No Winter relevance,None,5% avg weekend uplift,0,0,Seasonal factor: No Winter relevance
November,2024,SKU0132,Frozen Nuggets 500g,Frozen Foods,Frozen Foods,141,4.7,32289.0,17.5,Regular consumer demand,Normal Trading,Adequate inventory maintained,Stable,None,No Winter relevance,None,5% avg weekend uplift,0,0,Seasonal factor: No Winter relevance; Niche product - irregular demand pattern
November,2024,SKU0268,Lip Balm 10g,Personal Care,Lip Care,633,21.1,50007.0,0.5,Regular consumer demand,Normal Trading,Low stock impact - 28 units missed opportunity,Stable,None,No Winter relevance,None,6% avg weekend uplift,0,28,Seasonal factor: No Winter relevance
November,2024,SKU0086,Health Drink 1kg,Beverages,Health Drinks,458,15.3,150682.0,-4.6,Regular consumer demand,Normal Trading,Adequate inventory maintained,Stable,None,No Winter relevance,None,12% avg weekend uplift,0,0,Seasonal factor: No Winter relevance
November,2024,SKU0130,Frozen Parotta 400g,Frozen Foods,Frozen Foods,818,27.3,50716.0,9.1,Regular consumer demand,Normal Trading,Adequate inventory maintained,Stable,None,No Winter relevance,None,15% avg weekend uplift,0,0,Seasonal factor: No Winter relevance
November,2024,SKU0081,Tea Powder 1kg,Beverages,Tea,654,21.8,175926.0,-0.9,Regular consumer demand,Normal Trading,Adequate inventory maintained,Stable,None,No Winter relevance,None,12% avg weekend uplift,0,0,Seasonal factor: No Winter relevance
November,2024,SKU0084,Instant Coffee 200g,Beverages,Coffee,833,27.8,140777.0,26.2,Regular consumer demand,Weekend/Demand Surge,Adequate inventory maintained,Moderate Increase,None,No Winter relevance,None,12% avg weekend uplift,0,0,Seasonal factor: No Winter relevance
November,2024,SKU0246,Frozen Chapati 20pcs,Frozen Foods,Frozen Foods,829,27.6,115231.0,-1.3,Regular consumer demand,Normal Trading,Adequate inventory maintained,Stable,None,No Winter relevance,None,15% avg weekend uplift,0,0,Seasonal factor: No Winter relevance
November,2024,SKU0291,Christmas Chocolates 24pcs,Snacks,Chocolates,359,12.0,502241.0,8.8,Regular consumer demand,Normal Trading,Adequate inventory maintained,Stable,None,No Winter relevance,None,18% avg weekend uplift,0,0,Seasonal factor: No Winter relevance
November,2024,SKU0026,Coriander Powder 200g,Grocery,Spices,683,22.8,35516.0,-12.4,Regular consumer demand,Normal Trading,Low stock impact - 46 units missed opportunity,Moderate Decline,None,No Winter relevance,None,5% avg weekend uplift,0,46,Seasonal factor: No Winter relevance
November,2024,SKU0036,Vermicelli 500g,Grocery,Pasta,307,10.2,22104.0,-7.0,Regular consumer demand,Normal Trading,Adequate inventory maintained,Stable,None,No Winter relevance,None,5% avg weekend uplift,0,0,Seasonal factor: No Winter relevance
November,2024,SKU0077,Lassi 200ml,Dairy,Beverages,699,23.3,22368.0,16.5,Regular consumer demand,Normal Trading,Low stock impact - 29 units missed opportunity,Stable,None,No Winter relevance,None,7% avg weekend uplift,0,29,Seasonal factor: No Winter relevance
November,2024,SKU0150,Sugarcane Per Stick,Fruits & Vegetables,Fruits,577,19.2,13271.0,13.1,Regular consumer demand,Normal Trading,Adequate inventory maintained,Stable,None,No Winter relevance,None,9% avg weekend uplift,0,0,Seasonal factor: No Winter relevance
November,2024,SKU0210,Earphones Wired,Electronics,Electronics,245,8.2,102655.0,2.1,Regular consumer demand,Normal Trading,Adequate inventory maintained,Stable,None,No Winter relevance,None,2% avg weekend uplift,0,0,Seasonal factor: No Winter relevance; Niche product - irregular demand pattern
November,2024,SKU0119,Bread Loaf 400g,Bakery,Bakery,1232,41.1,51744.0,5.3,Regular consumer demand,Normal Trading,Adequate inventory maintained,Stable,None,No Winter relevance,None,10% avg weekend uplift,0,0,Seasonal factor: No Winter relevance
November,2024,SKU0161,Diya Lamps 10pcs,Household,Religious,451,15.0,62689.0,50.3,"Diwali demand surge - Religious, Diya",Festival - Diwali,Adequate inventory maintained,Strong Increase,Diwali,No Winter relevance,None,3% avg weekend uplift,0,0,Festival demand: Diwali; Seasonal factor: No Winter relevance; Significant demand spike - review forecast
November,2024,SKU0261,Cheese Balls 150g,Snacks,Snacks,134,4.5,15946.0,11.7,Regular consumer demand,Normal Trading,Adequate inventory maintained,Stable,None,No Winter relevance,None,5% avg weekend uplift,0,0,Seasonal factor: No Winter relevance; Niche product - irregular demand pattern
November,2024,SKU0193,Shaving Razor 2pcs,Personal Care,Grooming,602,20.1,101738.0,0.3,Regular consumer demand,Normal Trading,Adequate inventory maintained,Stable,None,No Winter relevance,None,6% avg weekend uplift,0,0,Seasonal factor: No Winter relevance
November,2024,SKU0011,Urad Dal 1kg,Grocery,Pulses,742,24.7,140238.0,17.8,Regular consumer demand,Normal Trading,Adequate inventory maintained,Stable,None,No Winter relevance,None,5% avg weekend uplift,0,0,Seasonal factor: No Winter relevance
November,2024,SKU0052,Quinoa 500g,Grocery,Grains,239,8.0,64291.0,13.8,Regular consumer demand,Normal Trading,Adequate inventory maintained,Stable,None,No Winter relevance,None,1% avg weekend uplift,0,0,Seasonal factor: No Winter relevance; Niche product - irregular demand pattern
November,2024,SKU0020,Jaggery 1kg,Grocery,Sweeteners,992,33.1,78368.0,18.1,Regular consumer demand,Normal Trading,Adequate inventory maintained,Stable,None,No Winter relevance,None,5% avg weekend uplift,0,0,Seasonal factor: No Winter relevance
November,2024,SKU0149,Coconut Per Piece,Fruits & Vegetables,Fruits,662,22.1,21184.0,10.3,Regular consumer demand,Normal Trading,Adequate inventory maintained,Stable,None,No Winter relevance,None,9% avg weekend uplift,0,0,Seasonal factor: No Winter relevance
November,2024,SKU0253,Dry Fruit Mix 1kg,Grocery,Nuts,731,24.4,584069.0,74.0,Diwali demand surge - Dry Fruit; Winter demand - Dry Fruit,Festival - Diwali,Adequate inventory maintained,Strong Increase,Diwali,Winter demand - Dry Fruit,None,5% avg weekend uplift,0,0,Festival demand: Diwali; Seasonal factor: Winter demand - Dry Fruit; Significant demand spike - review forecast
November,2024,SKU0031,Cashew Nuts 500g,Grocery,Nuts,389,13.0,155211.0,44.1,Diwali demand surge - Cashew,Festival - Diwali,Adequate inventory maintained,Moderate Increase,Diwali,No Winter relevance,None,5% avg weekend uplift,0,0,Festival demand: Diwali; Seasonal factor: No Winter relevance
November,2024,SKU0213,Mixer Grinder 750W,Electronics,Appliances,106,3.5,286094.0,-11.7,Regular consumer demand,Normal Trading,Adequate inventory maintained,Moderate Decline,None,No Winter relevance,None,2% avg weekend uplift,0,0,Seasonal factor: No Winter relevance; Niche product - irregular demand pattern
November,2024,SKU0245,Instant Upma Mix 500g,Grocery,Mixes,762,25.4,67818.0,-5.9,Regular consumer demand,Normal Trading,Adequate inventory maintained,Stable,None,No Winter relevance,None,5% avg weekend uplift,0,0,Seasonal factor: No Winter relevance
November,2024,SKU0181,Bath Soap 150g,Personal Care,Bath Soaps,682,22.7,28644.0,-1.2,Regular consumer demand,Normal Trading,Adequate inventory maintained,Stable,None,No Winter relevance,None,6% avg weekend uplift,0,0,Seasonal factor: No Winter relevance
November,2024,SKU0143,Garlic 250g,Fruits & Vegetables,Vegetables,635,21.2,33020.0,24.5,Regular consumer demand,Weekend/Demand Surge,Adequate inventory maintained,Moderate Increase,None,No Winter relevance,None,9% avg weekend uplift,0,0,Seasonal factor: No Winter relevance
November,2024,SKU0044,Cornflakes 500g,Grocery,Breakfast,831,27.7,132129.0,6.5,Regular consumer demand,Normal Trading,Adequate inventory maintained,Stable,None,No Winter relevance,None,5% avg weekend uplift,0,0,Seasonal factor: No Winter relevance
November,2024,SKU0290,Decorative Candles 6pcs,Household,Decorations,602,20.1,83678.0,25.4,Diwali demand surge - Decorative,Festival - Diwali,Stockout for 5 days - lost 88 units,Moderate Increase,Diwali,No Winter relevance,None,3% avg weekend uplift,5,88,Festival demand: Diwali; Seasonal factor: No Winter relevance; Inventory issue: Stockout for 5 days - lost 88 units
November,2024,SKU0234,Bluetooth Speaker Portable,Electronics,Electronics,310,10.3,433690.0,47.6,Electronics and lifestyle deals,Promotion - Black Friday Style,Adequate inventory maintained,Moderate Increase,None,No Winter relevance,Black Friday Style,2% avg weekend uplift,0,0,Seasonal factor: No Winter relevance; Promotion active: Black Friday Style; Niche product - irregular demand pattern
November,2024,SKU0230,Pongal Pot Set,Household,Religious,316,10.5,145044.0,31.7,Diwali demand surge - Religious,Festival - Diwali,Adequate inventory maintained,Moderate Increase,Diwali,No Winter relevance,None,3% avg weekend uplift,0,0,Festival demand: Diwali; Seasonal factor: No Winter relevance
November,2024,SKU0115,Salted Peanuts 200g,Snacks,Nuts,579,19.3,45741.0,1.6,Regular consumer demand,Normal Trading,Adequate inventory maintained,Stable,None,No Winter relevance,None,18% avg weekend uplift,0,0,Seasonal factor: No Winter relevance
November,2024,SKU0090,Mineral Water 1L,Beverages,Beverages,647,21.6,12293.0,19.8,Regular consumer demand,Normal Trading,Adequate inventory maintained,Stable,None,No Winter relevance,None,12% avg weekend uplift,0,0,Seasonal factor: No Winter relevance
November,2024,SKU0108,Chocolate Cookies 200g,Snacks,Biscuits,1022,34.1,80738.0,17.5,Regular consumer demand,Normal Trading,Adequate inventory maintained,Stable,None,No Winter relevance,None,18% avg weekend uplift,0,0,Seasonal factor: No Winter relevance
November,2024,SKU0229,Santa Cap Free Size,Lifestyle,Clothing,388,12.9,53932.0,-0.5,Regular consumer demand,Normal Trading,Adequate inventory maintained,Stable,None,No Winter relevance,None,7% avg weekend uplift,0,0,Seasonal factor: No Winter relevance
November,2024,SKU0225,Plastic Chairs Single,Lifestyle,Furniture,114,3.8,70566.0,-5.0,Regular consumer demand,Normal Trading,Adequate inventory maintained,Stable,None,No Winter relevance,None,2% avg weekend uplift,0,0,Seasonal factor: No Winter relevance; Niche product - irregular demand pattern
November,2024,SKU0259,Fresh Lime Soda 250ml,Beverages,Beverages,280,9.3,11760.0,16.7,Regular consumer demand,Normal Trading,Adequate inventory maintained,Stable,None,No Winter relevance,None,12% avg weekend uplift,0,0,Seasonal factor: No Winter relevance
November,2024,SKU0059,Green Gram 1kg,Grocery,Pulses,642,21.4,57138.0,7.0,Regular consumer demand,Normal Trading,Adequate inventory maintained,Stable,None,No Winter relevance,None,5% avg weekend uplift,0,0,Seasonal factor: No Winter relevance
November,2024,SKU0293,Silk Saree Combo Festival Pack,Lifestyle,Clothing,969,32.3,3584331.0,90.0,Diwali demand surge - Festival; Electronics and lifestyle deals,Festival - Diwali,Low stock impact - 102 units missed opportunity,Strong Increase,Diwali,No Winter relevance,Black Friday Style,7% avg weekend uplift,0,102,Festival demand: Diwali; Seasonal factor: No Winter relevance; Promotion active: Black Friday Style; Significant demand spike - review forecast
November,2024,SKU0124,Birthday Cake 1kg,Bakery,Bakery,222,7.4,101898.0,-7.5,Regular consumer demand,Normal Trading,Adequate inventory maintained,Stable,None,No Winter relevance,None,3% avg weekend uplift,0,0,Seasonal factor: No Winter relevance; Niche product - irregular demand pattern
November,2024,SKU0260,Sports Drink 250ml,Beverages,Beverages,622,20.7,32344.0,22.0,Regular consumer demand,Weekend/Demand Surge,Adequate inventory maintained,Moderate Increase,None,No Winter relevance,None,12% avg weekend uplift,0,0,Seasonal factor: No Winter relevance
November,2024,SKU0103,Murukku 250g,Snacks,Traditional Snacks,576,19.2,68544.0,6.7,Regular consumer demand,Normal Trading,Adequate inventory maintained,Stable,None,No Winter relevance,None,18% avg weekend uplift,0,0,Seasonal factor: No Winter relevance
November,2024,SKU0166,Detergent Powder 2kg,Household,Laundry,780,26.0,178620.0,-10.3,Regular consumer demand,Normal Trading,Adequate inventory maintained,Moderate Decline,None,No Winter relevance,None,3% avg weekend uplift,0,0,Seasonal factor: No Winter relevance
November,2024,SKU0164,Dishwash Liquid 750ml,Household,Cleaning,471,15.7,65469.0,-1.9,Regular consumer demand,Normal Trading,Adequate inventory maintained,Stable,None,No Winter relevance,None,3% avg weekend uplift,0,0,Seasonal factor: No Winter relevance
November,2024,SKU0167,Detergent Powder 2kg,Household,Laundry,404,13.5,108676.0,-10.2,Regular consumer demand,Normal Trading,Adequate inventory maintained,Moderate Decline,None,No Winter relevance,None,3% avg weekend uplift,0,0,Seasonal factor: No Winter relevance
November,2024,SKU0105,Banana Chips 250g,Snacks,Chips,855,28.5,76095.0,5.6,Regular consumer demand,Normal Trading,Adequate inventory maintained,Stable,None,No Winter relevance,None,18% avg weekend uplift,0,0,Seasonal factor: No Winter relevance
November,2024,SKU0035,Dates Premium 500g,Grocery,Nuts,417,13.9,112173.0,-13.1,Regular consumer demand,Normal Trading,Low stock impact - 13 units missed opportunity,Moderate Decline,None,No Winter relevance,None,5% avg weekend uplift,0,13,Seasonal factor: No Winter relevance
November,2024,SKU0042,Pickle Jar 500g,Grocery,Condiments,559,18.6,66521.0,-1.9,Regular consumer demand,Normal Trading,Low stock impact - 34 units missed opportunity,Stable,None,No Winter relevance,None,5% avg weekend uplift,0,34,Seasonal factor: No Winter relevance
November,2024,SKU0095,Badam Milk 180ml,Beverages,Beverages,585,19.5,24570.0,14.7,Regular consumer demand,Normal Trading,Adequate inventory maintained,Stable,None,No Winter relevance,None,12% avg weekend uplift,0,0,Seasonal factor: No Winter relevance
November,2024,SKU0203,Pencil Box 10pcs,Stationery,Stationery,100,3.3,13900.0,11.1,Regular consumer demand,Normal Trading,Adequate inventory maintained,Stable,None,No Winter relevance,None,1% avg weekend uplift,0,0,Seasonal factor: No Winter relevance
November,2024,SKU0111,Halwa Pack 500g,Snacks,Traditional Sweets,667,22.2,179423.0,11.2,Regular consumer demand,Normal Trading,Adequate inventory maintained,Stable,None,No Winter relevance,None,18% avg weekend uplift,0,0,Seasonal factor: No Winter relevance
November,2024,SKU0156,Cucumber 1kg,Fruits & Vegetables,Vegetables,1612,53.7,51584.0,19.4,Regular consumer demand,Normal Trading,Adequate inventory maintained,Stable,None,No Winter relevance,None,9% avg weekend uplift,0,0,Seasonal factor: No Winter relevance
November,2024,SKU0023,Rock Salt 500g,Grocery,Salt,666,22.2,21312.0,-14.6,Regular consumer demand,Normal Trading,Low stock impact - 44 units missed opportunity,Moderate Decline,None,No Winter relevance,None,5% avg weekend uplift,0,44,Seasonal factor: No Winter relevance
November,2024,SKU0002,Ponni Rice 10kg,Grocery,Rice,536,17.9,696264.0,-14.9,Regular consumer demand,Normal Trading,Stockout for 4 days - lost 53 units,Moderate Decline,None,No Winter relevance,None,5% avg weekend uplift,4,53,Seasonal factor: No Winter relevance; Inventory issue: Stockout for 4 days - lost 53 units
November,2024,SKU0187,Toothpaste 150g,Personal Care,Oral Care,733,24.4,52776.0,-9.5,Regular consumer demand,Normal Trading,Adequate inventory maintained,Stable,None,No Winter relevance,None,6% avg weekend uplift,0,0,Seasonal factor: No Winter relevance
November,2024,SKU0275,Kitchen Towels 2 Rolls,Household,Kitchenware,477,15.9,56763.0,-6.5,Regular consumer demand,Normal Trading,Stockout for 5 days - lost 60 units,Stable,None,No Winter relevance,None,3% avg weekend uplift,5,60,Seasonal factor: No Winter relevance; Inventory issue: Stockout for 5 days - lost 60 units
November,2024,SKU0192,Perfume Gift Set,Personal Care,Fragrances,338,11.3,270062.0,40.8,Diwali demand surge - Gift,Festival - Diwali,Adequate inventory maintained,Moderate Increase,Diwali,No Winter relevance,None,6% avg weekend uplift,0,0,Festival demand: Diwali; Seasonal factor: No Winter relevance
November,2024,SKU0008,Maida Flour 1kg,Grocery,Flour,828,27.6,34776.0,6.2,Regular consumer demand,Normal Trading,Low stock impact - 19 units missed opportunity,Stable,None,No Winter relevance,None,5% avg weekend uplift,0,19,Seasonal factor: No Winter relevance
November,2024,SKU0239,Vitamin Supplements 30 tabs,Personal Care,Health,890,29.7,292810.0,6.0,Regular consumer demand,Normal Trading,Low stock impact - 56 units missed opportunity,Stable,None,No Winter relevance,None,6% avg weekend uplift,0,56,Seasonal factor: No Winter relevance
November,2024,SKU0160,Camphor 100g,Household,Religious,635,21.2,56515.0,41.1,"Diwali demand surge - Religious, Festival",Festival - Diwali,Adequate inventory maintained,Moderate Increase,Diwali,No Winter relevance,None,3% avg weekend uplift,0,0,Festival demand: Diwali; Seasonal factor: No Winter relevance
November,2024,SKU0298,Pongal Sugar Pack 2kg,Grocery,Sweeteners,548,18.3,92612.0,-8.7,Regular consumer demand,Normal Trading,Adequate inventory maintained,Stable,None,No Winter relevance,None,5% avg weekend uplift,0,0,Seasonal factor: No Winter relevance
November,2024,SKU0054,Honey 500g,Grocery,Sweeteners,630,21.0,100170.0,10.5,Regular consumer demand,Normal Trading,Adequate inventory maintained,Stable,None,No Winter relevance,None,5% avg weekend uplift,0,0,Seasonal factor: No Winter relevance
November,2024,SKU0263,Frozen Veg Burger Patty 400g,Frozen Foods,Frozen Foods,237,7.9,47163.0,12.9,Regular consumer demand,Normal Trading,Adequate inventory maintained,Stable,None,No Winter relevance,None,5% avg weekend uplift,0,0,Seasonal factor: No Winter relevance; Niche product - irregular demand pattern
November,2024,SKU0019,Ghee 1L,Grocery,Ghee,868,28.9,450492.0,60.7,Diwali demand surge - Ghee; Winter demand - Ghee,Festival - Diwali,Adequate inventory maintained,Strong Increase,Diwali,Winter demand - Ghee,None,5% avg weekend uplift,0,0,Festival demand: Diwali; Seasonal factor: Winter demand - Ghee; Significant demand spike - review forecast
November,2024,SKU0070,Ice Cream Family Pack 1L,Dairy,Frozen,503,16.8,85007.0,11.8,Regular consumer demand,Normal Trading,Adequate inventory maintained,Stable,None,No Winter relevance,None,7% avg weekend uplift,0,0,Seasonal factor: No Winter relevance
November,2024,SKU0147,Watermelon Per Piece,Fruits & Vegetables,Fruits,588,19.6,36456.0,8.9,Regular consumer demand,Normal Trading,Adequate inventory maintained,Stable,None,No Winter relevance,None,9% avg weekend uplift,0,0,Seasonal factor: No Winter relevance
November,2024,SKU0286,Dry Fruit Gift Hamper Combo,Grocery,Gift Sets,1077,35.9,1291323.0,99.4,"Diwali demand surge - Dry Fruit, Gift; Winter demand - Dry Fruit",Festival - Diwali,Adequate inventory maintained,Strong Increase,Diwali,Winter demand - Dry Fruit,None,5% avg weekend uplift,0,0,Festival demand: Diwali; Seasonal factor: Winter demand - Dry Fruit; Significant demand spike - review forecast
November,2024,SKU0047,Biryani Masala 100g,Grocery,Spices,390,13.0,16380.0,-7.1,Regular consumer demand,Normal Trading,Low stock impact - 12 units missed opportunity,Stable,None,No Winter relevance,None,5% avg weekend uplift,0,12,Seasonal factor: No Winter relevance
November,2024,SKU0182,Bath Soap 125g,Personal Care,Bath Soaps,891,29.7,55242.0,18.8,Regular consumer demand,Normal Trading,Adequate inventory maintained,Stable,None,No Winter relevance,None,6% avg weekend uplift,0,0,Seasonal factor: No Winter relevance
November,2024,SKU0183,Shampoo Sachet 6ml,Personal Care,Hair Care,774,25.8,3870.0,12.2,Regular consumer demand,Normal Trading,Adequate inventory maintained,Stable,None,No Winter relevance,None,6% avg weekend uplift,0,0,Seasonal factor: No Winter relevance
November,2024,SKU0069,Flavored Yogurt 90g,Dairy,Dairy,148,4.9,6216.0,-1.3,Regular consumer demand,Normal Trading,Adequate inventory maintained,Stable,None,No Winter relevance,None,2% avg weekend uplift,0,0,Seasonal factor: No Winter relevance; Niche product - irregular demand pattern
November,2024,SKU0007,Wheat Flour Atta 5kg,Grocery,Atta,687,22.9,205413.0,14.5,Regular consumer demand,Normal Trading,Adequate inventory maintained,Stable,None,No Winter relevance,None,5% avg weekend uplift,0,0,Seasonal factor: No Winter relevance
November,2024,SKU0276,Match Box 10pcs,Household,Household,497,16.6,11431.0,3.5,Regular consumer demand,Normal Trading,Adequate inventory maintained,Stable,None,No Winter relevance,None,3% avg weekend uplift,0,0,Seasonal factor: No Winter relevance
November,2024,SKU0096,Fruit Syrup 750ml,Beverages,Syrups,675,22.5,107325.0,25.0,Regular consumer demand,Weekend/Demand Surge,Adequate inventory maintained,Moderate Increase,None,No Winter relevance,None,12% avg weekend uplift,0,0,Seasonal factor: No Winter relevance
November,2024,SKU0079,Probiotic Drink 5pcs,Dairy,Beverages,225,7.5,26775.0,7.1,Regular consumer demand,Normal Trading,Low stock impact - 17 units missed opportunity,Stable,None,No Winter relevance,None,2% avg weekend uplift,0,17,Seasonal factor: No Winter relevance; Niche product - irregular demand pattern
November,2024,SKU0078,Dairy Whitener 400g,Dairy,Dairy,506,16.9,70334.0,-6.3,Regular consumer demand,Normal Trading,Adequate inventory maintained,Stable,None,No Winter relevance,None,7% avg weekend uplift,0,0,Seasonal factor: No Winter relevance
November,2024,SKU0116,Namkeen Mix 400g,Snacks,Traditional Snacks,562,18.7,78118.0,10.2,Regular consumer demand,Normal Trading,Adequate inventory maintained,Stable,None,No Winter relevance,None,18% avg weekend uplift,0,0,Seasonal factor: No Winter relevance
November,2024,SKU0281,Mosquito Bat Rechargeable,Household,Pest Control,564,18.8,185556.0,-6.0,Regular consumer demand,Normal Trading,Adequate inventory maintained,Stable,None,No Winter relevance,None,3% avg weekend uplift,0,0,Seasonal factor: No Winter relevance
November,2024,SKU0226,Saree Gift Pack Silk Blend,Lifestyle,Clothing,801,26.7,2161899.0,105.4,Diwali demand surge - Gift; Electronics and lifestyle deals,Festival - Diwali,Low stock impact - 41 units missed opportunity,Strong Increase,Diwali,No Winter relevance,Black Friday Style,7% avg weekend uplift,0,41,Festival demand: Diwali; Seasonal factor: No Winter relevance; Promotion active: Black Friday Style; Significant demand spike - review forecast
November,2024,SKU0238,Face Mask Pack 3pcs,Personal Care,Beauty,129,4.3,29541.0,7.5,Regular consumer demand,Normal Trading,Low stock impact - 5 units missed opportunity,Stable,None,No Winter relevance,None,2% avg weekend uplift,0,5,Seasonal factor: No Winter relevance; Niche product - irregular demand pattern
November,2024,SKU0299,Ramadan Combo Kit,Grocery,Gift Sets,663,22.1,529737.0,47.3,Diwali demand surge - Gift,Festival - Diwali,Adequate inventory maintained,Moderate Increase,Diwali,No Winter relevance,None,5% avg weekend uplift,0,0,Festival demand: Diwali; Seasonal factor: No Winter relevance
November,2024,SKU0050,Sugar Candy 250g,Grocery,Sweeteners,397,13.2,28584.0,32.3,Diwali demand surge - Festival,Festival - Diwali,Adequate inventory maintained,Moderate Increase,Diwali,No Winter relevance,None,5% avg weekend uplift,0,0,Festival demand: Diwali; Seasonal factor: No Winter relevance
November,2024,SKU0128,Donuts 2pcs,Bakery,Bakery,164,5.5,19516.0,9.3,Regular consumer demand,Normal Trading,Adequate inventory maintained,Stable,None,No Winter relevance,None,3% avg weekend uplift,0,0,Seasonal factor: No Winter relevance; Niche product - irregular demand pattern
November,2024,SKU0272,Lunch Box Medium,Household,Kitchenware,604,20.1,162476.0,-4.1,Regular consumer demand,Normal Trading,Stockout for 2 days - lost 24 units,Stable,None,No Winter relevance,None,3% avg weekend uplift,2,24,Seasonal factor: No Winter relevance; Inventory issue: Stockout for 2 days - lost 24 units
November,2024,SKU0244,Green Peas Masala 200g,Grocery,Mixes,136,4.5,10744.0,13.3,Regular consumer demand,Normal Trading,Adequate inventory maintained,Stable,None,No Winter relevance,None,1% avg weekend uplift,0,0,Seasonal factor: No Winter relevance; Niche product - irregular demand pattern
November,2024,SKU0014,Groundnut Oil 1L,Grocery,Oil,623,20.8,80367.0,38.4,Diwali demand surge - Oil,Festival - Diwali,Adequate inventory maintained,Moderate Increase,Diwali,No Winter relevance,None,5% avg weekend uplift,0,0,Festival demand: Diwali; Seasonal factor: No Winter relevance
November,2024,SKU0106,Popcorn 100g,Snacks,Chips,591,19.7,24822.0,9.4,Regular consumer demand,Normal Trading,Adequate inventory maintained,Stable,None,No Winter relevance,None,18% avg weekend uplift,0,0,Seasonal factor: No Winter relevance
November,2024,SKU0013,Chana Dal 1kg,Grocery,Pulses,811,27.0,128949.0,12.6,Regular consumer demand,Normal Trading,Adequate inventory maintained,Stable,None,No Winter relevance,None,5% avg weekend uplift,0,0,Seasonal factor: No Winter relevance
November,2024,SKU0029,Pepper Powder 100g,Grocery,Spices,747,24.9,88893.0,18.6,Regular consumer demand,Normal Trading,Adequate inventory maintained,Stable,None,No Winter relevance,None,5% avg weekend uplift,0,0,Seasonal factor: No Winter relevance
November,2024,SKU0218,Umbrella Large,Lifestyle,Rainwear,452,15.1,148708.0,37.0,Electronics and lifestyle deals,Promotion - Black Friday Style,Low stock impact - 38 units missed opportunity,Moderate Increase,None,No Winter relevance,Black Friday Style,7% avg weekend uplift,0,38,Seasonal factor: No Winter relevance; Promotion active: Black Friday Style
November,2024,SKU0287,Festival Sweet Combo 2kg,Snacks,Traditional Sweets,558,18.6,445842.0,86.0,"Diwali demand surge - Sweet, Festival; Winter demand - Sweet",Festival - Diwali,Adequate inventory maintained,Strong Increase,Diwali,Winter demand - Sweet,None,18% avg weekend uplift,0,0,Festival demand: Diwali; Seasonal factor: Winter demand - Sweet; Significant demand spike - review forecast
November,2024,SKU0037,Aval / Poha 1kg,Grocery,Breakfast,767,25.6,47554.0,-5.3,Regular consumer demand,Normal Trading,Adequate inventory maintained,Stable,None,No Winter relevance,None,5% avg weekend uplift,0,0,Seasonal factor: No Winter relevance
November,2024,SKU0127,Plum Cake 500g,Bakery,Bakery,495,16.5,133155.0,-2.9,Regular consumer demand,Normal Trading,Stockout for 2 days - lost 26 units,Stable,None,No Winter relevance,None,10% avg weekend uplift,2,26,Seasonal factor: No Winter relevance; Inventory issue: Stockout for 2 days - lost 26 units
November,2024,SKU0198,Baby Powder 200g,Personal Care,Baby Care,613,20.4,85207.0,2.2,Regular consumer demand,Normal Trading,Adequate inventory maintained,Stable,None,No Winter relevance,None,6% avg weekend uplift,0,0,Seasonal factor: No Winter relevance
November,2024,SKU0028,Rasam Powder 200g,Grocery,Spices,800,26.7,57600.0,-4.8,Regular consumer demand,Normal Trading,Adequate inventory maintained,Stable,None,No Winter relevance,None,5% avg weekend uplift,0,0,Seasonal factor: No Winter relevance
November,2024,SKU0121,Burger Buns 4pcs,Bakery,Bakery,748,24.9,23936.0,24.7,Regular consumer demand,Weekend/Demand Surge,Adequate inventory maintained,Moderate Increase,None,No Winter relevance,None,10% avg weekend uplift,0,0,Seasonal factor: No Winter relevance
November,2024,SKU0269,Hair Gel 100ml,Personal Care,Hair Care,91,3.0,12649.0,1.1,Regular consumer demand,Normal Trading,Adequate inventory maintained,Stable,None,No Winter relevance,None,2% avg weekend uplift,0,0,Seasonal factor: No Winter relevance; Niche product - irregular demand pattern
November,2024,SKU0284,Coconut Scraper Manual,Household,Kitchenware,216,7.2,58104.0,2.9,Regular consumer demand,Normal Trading,Adequate inventory maintained,Stable,None,No Winter relevance,None,1% avg weekend uplift,0,0,Seasonal factor: No Winter relevance; Niche product - irregular demand pattern
November,2024,SKU0135,Ice Cubes 1kg,Frozen Foods,Frozen Foods,737,24.6,30954.0,22.8,Regular consumer demand,Weekend/Demand Surge,Adequate inventory maintained,Moderate Increase,None,No Winter relevance,None,15% avg weekend uplift,0,0,Seasonal factor: No Winter relevance
November,2024,SKU0243,Instant Soup 3 Pack,Grocery,Instant Foods,326,10.9,45314.0,-9.4,Regular consumer demand,Normal Trading,Adequate inventory maintained,Stable,None,No Winter relevance,None,5% avg weekend uplift,0,0,Seasonal factor: No Winter relevance
November,2024,SKU0040,Tamarind 500g,Grocery,Spices,713,23.8,63457.0,-1.0,Regular consumer demand,Normal Trading,Adequate inventory maintained,Stable,None,No Winter relevance,None,5% avg weekend uplift,0,0,Seasonal factor: No Winter relevance
November,2024,SKU0258,Instant Coffee Sachet 10pcs,Beverages,Coffee,850,28.3,52700.0,4.9,Regular consumer demand,Normal Trading,Adequate inventory maintained,Stable,None,No Winter relevance,None,12% avg weekend uplift,0,0,Seasonal factor: No Winter relevance
November,2024,SKU0242,Salt Biscuits 300g,Snacks,Biscuits,661,22.0,40982.0,22.4,Regular consumer demand,Weekend/Demand Surge,Low stock impact - 48 units missed opportunity,Moderate Increase,None,No Winter relevance,None,18% avg weekend uplift,0,48,Seasonal factor: No Winter relevance
November,2024,SKU0112,Sweet Box Assorted 1kg,Snacks,Traditional Sweets,794,26.5,364446.0,76.4,Diwali demand surge - Sweet; Winter demand - Sweet,Festival - Diwali,Adequate inventory maintained,Strong Increase,Diwali,Winter demand - Sweet,None,18% avg weekend uplift,0,0,Festival demand: Diwali; Seasonal factor: Winter demand - Sweet; Significant demand spike - review forecast
November,2024,SKU0211,USB Cable 1m,Electronics,Electronics,81,2.7,18549.0,-10.0,Regular consumer demand,Normal Trading,Adequate inventory maintained,Moderate Decline,None,No Winter relevance,None,2% avg weekend uplift,0,0,Seasonal factor: No Winter relevance; Niche product - irregular demand pattern
November,2024,SKU0273,Vacuum Flask 1L,Household,Kitchenware,263,8.8,110197.0,9.6,Regular consumer demand,Normal Trading,Adequate inventory maintained,Stable,None,No Winter relevance,None,1% avg weekend uplift,0,0,Seasonal factor: No Winter relevance; Niche product - irregular demand pattern
November,2024,SKU0274,Plastic Storage Container Set,Household,Kitchenware,160,5.3,127840.0,-11.1,Regular consumer demand,Normal Trading,Adequate inventory maintained,Moderate Decline,None,No Winter relevance,None,1% avg weekend uplift,0,0,Seasonal factor: No Winter relevance; Niche product - irregular demand pattern
November,2024,SKU0093,Tender Coconut Water 250ml,Beverages,Beverages,83,2.8,3486.0,-7.8,Regular consumer demand,Normal Trading,Adequate inventory maintained,Stable,None,No Winter relevance,None,4% avg weekend uplift,0,0,Seasonal factor: No Winter relevance; Niche product - irregular demand pattern
November,2024,SKU0120,Bread Loaf 400g,Bakery,Bakery,879,29.3,34281.0,8.5,Regular consumer demand,Normal Trading,Adequate inventory maintained,Stable,None,No Winter relevance,None,10% avg weekend uplift,0,0,Seasonal factor: No Winter relevance
November,2024,SKU0228,Christmas Tree Decor Combo,Household,Decorations,639,21.3,510561.0,12.1,Regular consumer demand,Normal Trading,Adequate inventory maintained,Stable,None,No Winter relevance,None,3% avg weekend uplift,0,0,Seasonal factor: No Winter relevance
November,2024,SKU0233,Drinking Water Can 20L,Beverages,Beverages,644,21.5,50876.0,13.0,Regular consumer demand,Normal Trading,Adequate inventory maintained,Stable,None,No Winter relevance,None,12% avg weekend uplift,0,0,Seasonal factor: No Winter relevance
November,2024,SKU0185,Hair Oil 500ml,Personal Care,Hair Care,1027,34.2,142753.0,26.8,Diwali demand surge - Oil,Festival - Diwali,Adequate inventory maintained,Moderate Increase,Diwali,No Winter relevance,None,6% avg weekend uplift,0,0,Festival demand: Diwali; Seasonal factor: No Winter relevance
November,2024,SKU0016,Gingelly Oil 1L,Grocery,Oil,685,22.8,122615.0,14.2,Diwali demand surge - Oil,Festival - Diwali,Low stock impact - 76 units missed opportunity,Stable,Diwali,No Winter relevance,None,5% avg weekend uplift,0,76,Festival demand: Diwali; Seasonal factor: No Winter relevance
November,2024,SKU0110,Dry Fruit Laddu Box 500g,Snacks,Traditional Sweets,772,25.7,284868.0,97.9,Diwali demand surge - Dry Fruit; Winter demand - Dry Fruit,Festival - Diwali,Adequate inventory maintained,Strong Increase,Diwali,Winter demand - Dry Fruit,None,18% avg weekend uplift,0,0,Festival demand: Diwali; Seasonal factor: Winter demand - Dry Fruit; Significant demand spike - review forecast
November,2024,SKU0022,Salt 1kg,Grocery,Salt,470,15.7,12220.0,-2.1,Regular consumer demand,Normal Trading,Adequate inventory maintained,Stable,None,No Winter relevance,None,5% avg weekend uplift,0,0,Seasonal factor: No Winter relevance
November,2024,SKU0153,Orange 1kg,Fruits & Vegetables,Fruits,905,30.2,80545.0,20.7,Regular consumer demand,Weekend/Demand Surge,Adequate inventory maintained,Moderate Increase,None,No Winter relevance,None,9% avg weekend uplift,0,0,Seasonal factor: No Winter relevance
November,2024,SKU0017,Coconut Oil 1L,Grocery,Oil,1285,42.8,178615.0,42.8,Diwali demand surge - Oil,Festival - Diwali,Adequate inventory maintained,Moderate Increase,Diwali,No Winter relevance,None,5% avg weekend uplift,0,0,Festival demand: Diwali; Seasonal factor: No Winter relevance
November,2024,SKU0278,LED Lantern Rechargeable,Electronics,Lighting,409,13.6,171371.0,51.5,Electronics and lifestyle deals,Promotion - Black Friday Style,Adequate inventory maintained,Strong Increase,None,No Winter relevance,Black Friday Style,6% avg weekend uplift,0,0,Seasonal factor: No Winter relevance; Promotion active: Black Friday Style; Significant demand spike - review forecast
November,2024,SKU0179,Banana Leaf Pack 10pcs,Grocery,Religious,680,22.7,53720.0,41.7,Diwali demand surge - Religious,Festival - Diwali,Adequate inventory maintained,Moderate Increase,Diwali,No Winter relevance,None,5% avg weekend uplift,0,0,Festival demand: Diwali; Seasonal factor: No Winter relevance
November,2024,SKU0083,Filter Coffee Powder 500g,Beverages,Coffee,705,23.5,161445.0,2.2,Regular consumer demand,Normal Trading,Adequate inventory maintained,Stable,None,No Winter relevance,None,12% avg weekend uplift,0,0,Seasonal factor: No Winter relevance
November,2024,SKU0237,Hair Dryer 1200W,Electronics,Electronics,148,4.9,177452.0,-1.3,Regular consumer demand,Normal Trading,Adequate inventory maintained,Stable,None,No Winter relevance,None,2% avg weekend uplift,0,0,Seasonal factor: No Winter relevance; Niche product - irregular demand pattern
November,2024,SKU0256,Vermicelli Kheer Mix 200g,Grocery,Mixes,480,16.0,34560.0,6.7,Regular consumer demand,Normal Trading,Adequate inventory maintained,Stable,None,No Winter relevance,None,5% avg weekend uplift,0,0,Seasonal factor: No Winter relevance
November,2024,SKU0197,Baby Soap 100g,Personal Care,Baby Care,504,16.8,39816.0,-6.7,Regular consumer demand,Normal Trading,Adequate inventory maintained,Stable,None,No Winter relevance,None,6% avg weekend uplift,0,0,Seasonal factor: No Winter relevance
November,2024,SKU0262,Protein Shake 400g,Beverages,Health Drinks,100,3.3,41900.0,11.1,Regular consumer demand,Normal Trading,Adequate inventory maintained,Stable,None,No Winter relevance,None,4% avg weekend uplift,0,0,Seasonal factor: No Winter relevance; Niche product - irregular demand pattern
November,2024,SKU0092,Rose Milk 200ml,Beverages,Beverages,213,7.1,6816.0,18.3,Regular consumer demand,Normal Trading,Adequate inventory maintained,Stable,None,No Winter relevance,None,4% avg weekend uplift,0,0,Seasonal factor: No Winter relevance; Niche product - irregular demand pattern
November,2024,SKU0199,Hand Wash 750ml,Personal Care,Hygiene,503,16.8,85007.0,11.8,Regular consumer demand,Normal Trading,Stockout for 2 days - lost 22 units,Stable,None,No Winter relevance,None,6% avg weekend uplift,2,22,Seasonal factor: No Winter relevance; Inventory issue: Stockout for 2 days - lost 22 units
November,2024,SKU0131,Frozen Fries 420g,Frozen Foods,Frozen Foods,895,29.8,124405.0,24.3,Regular consumer demand,Weekend/Demand Surge,Adequate inventory maintained,Moderate Increase,None,No Winter relevance,None,15% avg weekend uplift,0,0,Seasonal factor: No Winter relevance
November,2024,SKU0057,Pasta Sauce 300g,Grocery,Condiments,114,3.8,10146.0,-24.0,Regular consumer demand,Normal Trading,Stockout for 5 days - lost 16 units,Moderate Decline,None,No Winter relevance,None,1% avg weekend uplift,5,16,Seasonal factor: No Winter relevance; Inventory issue: Stockout for 5 days - lost 16 units; Demand below baseline - investigate cause; Niche product - irregular demand pattern
November,2024,SKU0099,Cold Coffee 180ml,Beverages,Beverages,891,29.7,37422.0,23.8,Regular consumer demand,Weekend/Demand Surge,Adequate inventory maintained,Moderate Increase,None,No Winter relevance,None,12% avg weekend uplift,0,0,Seasonal factor: No Winter relevance
November,2024,SKU0051,Organic Brown Rice 5kg,Grocery,Rice,130,4.3,59670.0,8.3,Regular consumer demand,Normal Trading,Adequate inventory maintained,Stable,None,No Winter relevance,None,1% avg weekend uplift,0,0,Seasonal factor: No Winter relevance; Niche product - irregular demand pattern
November,2024,SKU0191,Deodorant Spray 150ml,Personal Care,Deodorants,608,20.3,139232.0,6.7,Regular consumer demand,Normal Trading,Adequate inventory maintained,Stable,None,No Winter relevance,None,6% avg weekend uplift,0,0,Seasonal factor: No Winter relevance
November,2024,SKU0254,Pista Cookies 400g,Snacks,Biscuits,1047,34.9,239763.0,74.5,"Diwali demand surge - Pista, Festival",Festival - Diwali,Adequate inventory maintained,Strong Increase,Diwali,No Winter relevance,None,18% avg weekend uplift,0,0,Festival demand: Diwali; Seasonal factor: No Winter relevance; Significant demand spike - review forecast
November,2024,SKU0205,Printer Paper 500 sheets,Stationery,Stationery,57,1.9,15333.0,-5.0,Regular consumer demand,Normal Trading,Adequate inventory maintained,Stable,None,No Winter relevance,None,1% avg weekend uplift,0,0,Seasonal factor: No Winter relevance
November,2024,SKU0074,Greek Yogurt 400g,Dairy,Dairy,133,4.4,15827.0,-11.3,Regular consumer demand,Normal Trading,Low stock impact - 6 units missed opportunity,Moderate Decline,None,No Winter relevance,None,2% avg weekend uplift,0,6,Seasonal factor: No Winter relevance; Niche product - irregular demand pattern
November,2024,SKU0232,Disposable Plates & Cups 50pcs,Household,Party Supplies,805,26.8,184345.0,57.8,Diwali demand surge - Festival,Festival - Diwali,Adequate inventory maintained,Strong Increase,Diwali,No Winter relevance,None,3% avg weekend uplift,0,0,Festival demand: Diwali; Seasonal factor: No Winter relevance; Significant demand spike - review forecast
November,2024,SKU0168,Fabric Conditioner 860ml,Household,Laundry,206,6.9,32754.0,-1.9,Regular consumer demand,Normal Trading,Adequate inventory maintained,Stable,None,No Winter relevance,None,1% avg weekend uplift,0,0,Seasonal factor: No Winter relevance; Niche product - irregular demand pattern
November,2024,SKU0009,Rava / Sooji 1kg,Grocery,Flour,862,28.7,44824.0,6.4,Regular consumer demand,Normal Trading,Adequate inventory maintained,Stable,None,No Winter relevance,None,5% avg weekend uplift,0,0,Seasonal factor: No Winter relevance
November,2024,SKU0046,Nutella Spread 350g,Grocery,Spreads,96,3.2,25824.0,6.7,Regular consumer demand,Normal Trading,Adequate inventory maintained,Stable,None,No Winter relevance,None,1% avg weekend uplift,0,0,Seasonal factor: No Winter relevance; Niche product - irregular demand pattern
November,2024,SKU0221,Bedsheet Queen Size,Lifestyle,Bedding,845,28.2,675155.0,8.3,Regular consumer demand,Normal Trading,Adequate inventory maintained,Stable,None,No Winter relevance,None,7% avg weekend uplift,0,0,Seasonal factor: No Winter relevance
November,2024,SKU0300,Diwali Gift Hamper,Grocery,Gift Sets,679,22.6,814121.0,13.2,Diwali demand surge - Gift,Festival - Diwali,Low stock impact - 56 units missed opportunity,Stable,Diwali,No Winter relevance,None,5% avg weekend uplift,0,56,Festival demand: Diwali; Seasonal factor: No Winter relevance
November,2024,SKU0114,Nachos 150g,Snacks,Chips,77,2.6,6853.0,-14.4,Regular consumer demand,Normal Trading,Low stock impact - 8 units missed opportunity,Moderate Decline,None,No Winter relevance,None,5% avg weekend uplift,0,8,Seasonal factor: No Winter relevance; Niche product - irregular demand pattern
November,2024,SKU0027,Sambar Powder 500g,Grocery,Spices,1005,33.5,89445.0,19.6,Regular consumer demand,Normal Trading,Adequate inventory maintained,Stable,None,No Winter relevance,None,5% avg weekend uplift,0,0,Seasonal factor: No Winter relevance
November,2024,SKU0236,Trimmer Rechargeable,Electronics,Electronics,310,10.3,247690.0,47.6,Electronics and lifestyle deals,Promotion - Black Friday Style,Adequate inventory maintained,Moderate Increase,None,No Winter relevance,Black Friday Style,2% avg weekend uplift,0,0,Seasonal factor: No Winter relevance; Promotion active: Black Friday Style; Niche product - irregular demand pattern
November,2024,SKU0089,Soda Bottles 750ml,Beverages,Beverages,954,31.8,30528.0,6.0,Regular consumer demand,Normal Trading,Adequate inventory maintained,Stable,None,No Winter relevance,None,12% avg weekend uplift,0,0,Seasonal factor: No Winter relevance
November,2024,SKU0145,Apple 1kg,Fruits & Vegetables,Fruits,688,22.9,116272.0,9.2,Regular consumer demand,Normal Trading,Low stock impact - 67 units missed opportunity,Stable,None,No Winter relevance,None,9% avg weekend uplift,0,67,Seasonal factor: No Winter relevance
November,2024,SKU0202,Ball Pen Pack 10pcs,Stationery,Stationery,434,14.5,26908.0,-3.6,Regular consumer demand,Normal Trading,Adequate inventory maintained,Stable,None,No Winter relevance,None,3% avg weekend uplift,0,0,Seasonal factor: No Winter relevance
November,2024,SKU0250,Coconut Cookies 200g,Snacks,Biscuits,874,29.1,62928.0,32.4,Regular consumer demand,Weekend/Demand Surge,Adequate inventory maintained,Moderate Increase,None,No Winter relevance,None,18% avg weekend uplift,0,0,Seasonal factor: No Winter relevance
November,2024,SKU0172,Mosquito Refill 45ml,Household,Pest Control,597,19.9,82983.0,10.6,Regular consumer demand,Normal Trading,Adequate inventory maintained,Stable,None,No Winter relevance,None,3% avg weekend uplift,0,0,Seasonal factor: No Winter relevance
November,2024,SKU0034,Raisins 250g,Grocery,Nuts,579,19.3,97851.0,1.6,Regular consumer demand,Normal Trading,Adequate inventory maintained,Stable,None,No Winter relevance,None,5% avg weekend uplift,0,0,Seasonal factor: No Winter relevance
November,2024,SKU0148,Mango 1kg,Fruits & Vegetables,Fruits,343,11.4,47677.0,14.3,Regular consumer demand,Normal Trading,Adequate inventory maintained,Stable,None,No Winter relevance,None,9% avg weekend uplift,0,0,Seasonal factor: No Winter relevance
November,2024,SKU0157,Carrot 1kg,Fruits & Vegetables,Vegetables,771,25.7,40092.0,2.8,Regular consumer demand,Normal Trading,Adequate inventory maintained,Stable,None,No Winter relevance,None,9% avg weekend uplift,0,0,Seasonal factor: No Winter relevance
November,2024,SKU0107,Biscuit Pack 300g,Snacks,Biscuits,595,19.8,42840.0,10.2,Regular consumer demand,Normal Trading,Adequate inventory maintained,Stable,None,No Winter relevance,None,18% avg weekend uplift,0,0,Seasonal factor: No Winter relevance
November,2024,SKU0184,Shampoo Bottle 340ml,Personal Care,Hair Care,472,15.7,126968.0,-17.2,Regular consumer demand,Normal Trading,Stockout for 5 days - lost 51 units,Moderate Decline,None,No Winter relevance,None,6% avg weekend uplift,5,51,Seasonal factor: No Winter relevance; Inventory issue: Stockout for 5 days - lost 51 units
November,2024,SKU0196,Baby Lotion 200ml,Personal Care,Baby Care,430,14.3,98470.0,-4.4,Regular consumer demand,Normal Trading,Adequate inventory maintained,Stable,None,No Winter relevance,None,6% avg weekend uplift,0,0,Seasonal factor: No Winter relevance
November,2024,SKU0200,Hand Sanitizer 500ml,Personal Care,Hygiene,713,23.8,113367.0,-1.0,Regular consumer demand,Normal Trading,Adequate inventory maintained,Stable,None,No Winter relevance,None,6% avg weekend uplift,0,0,Seasonal factor: No Winter relevance
November,2024,SKU0208,Extension Box 4 socket,Electronics,Electrical,132,4.4,60588.0,46.7,Electronics and lifestyle deals,Promotion - Black Friday Style,Adequate inventory maintained,Moderate Increase,None,No Winter relevance,Black Friday Style,2% avg weekend uplift,0,0,Seasonal factor: No Winter relevance; Promotion active: Black Friday Style; Niche product - irregular demand pattern
November,2024,SKU0214,Rice Cooker 1.8L,Electronics,Appliances,183,6.1,384117.0,1.7,Regular consumer demand,Normal Trading,Adequate inventory maintained,Stable,None,No Winter relevance,None,2% avg weekend uplift,0,0,Seasonal factor: No Winter relevance; Niche product - irregular demand pattern
November,2024,SKU0289,Pooja Oil 500ml,Grocery,Religious,402,13.4,67938.0,48.9,"Diwali demand surge - Oil, Pooja, Religious",Festival - Diwali,Adequate inventory maintained,Moderate Increase,Diwali,No Winter relevance,None,5% avg weekend uplift,0,0,Festival demand: Diwali; Seasonal factor: No Winter relevance
November,2024,SKU0295,Kids Festive Wear Medium,Lifestyle,Clothing,683,22.8,955517.0,13.8,Diwali demand surge - Festival,Festival - Diwali,Low stock impact - 62 units missed opportunity,Stable,Diwali,No Winter relevance,None,7% avg weekend uplift,0,62,Festival demand: Diwali; Seasonal factor: No Winter relevance
November,2024,SKU0075,Imported Cheese 200g,Dairy,Dairy,108,3.6,24732.0,-10.0,Regular consumer demand,Normal Trading,Adequate inventory maintained,Moderate Decline,None,No Winter relevance,None,2% avg weekend uplift,0,0,Seasonal factor: No Winter relevance; Niche product - irregular demand pattern
November,2024,SKU0235,Smart Watch Standard,Electronics,Electronics,106,3.5,243694.0,-11.7,Regular consumer demand,Normal Trading,Adequate inventory maintained,Moderate Decline,None,No Winter relevance,None,2% avg weekend uplift,0,0,Seasonal factor: No Winter relevance; Niche product - irregular demand pattern
November,2024,SKU0072,Condensed Milk 400g,Dairy,Dairy,346,11.5,48094.0,-3.9,Regular consumer demand,Normal Trading,Adequate inventory maintained,Stable,None,No Winter relevance,None,7% avg weekend uplift,0,0,Seasonal factor: No Winter relevance
November,2024,SKU0117,Energy Bar 6pcs,Snacks,Health Bars,82,2.7,22058.0,-8.9,Regular consumer demand,Normal Trading,Adequate inventory maintained,Stable,None,No Winter relevance,None,5% avg weekend uplift,0,0,Seasonal factor: No Winter relevance; Niche product - irregular demand pattern
November,2024,SKU0067,Cheese Slices 200g,Dairy,Dairy,803,26.8,95557.0,16.4,Regular consumer demand,Normal Trading,Adequate inventory maintained,Stable,None,No Winter relevance,None,7% avg weekend uplift,0,0,Seasonal factor: No Winter relevance
November,2024,SKU0091,Mango Juice 1L,Beverages,Juices,513,17.1,45657.0,6.9,Regular consumer demand,Normal Trading,Adequate inventory maintained,Stable,None,No Winter relevance,None,12% avg weekend uplift,0,0,Seasonal factor: No Winter relevance
November,2024,SKU0227,Dhoti Set XL,Lifestyle,Clothing,464,15.5,370736.0,19.0,Regular consumer demand,Normal Trading,Adequate inventory maintained,Stable,None,No Winter relevance,None,7% avg weekend uplift,0,0,Seasonal factor: No Winter relevance
November,2024,SKU0279,Mobile Power Bank 10000mAh,Electronics,Electronics,222,7.4,310578.0,-7.5,Regular consumer demand,Normal Trading,Adequate inventory maintained,Stable,None,No Winter relevance,None,2% avg weekend uplift,0,0,Seasonal factor: No Winter relevance; Niche product - irregular demand pattern
November,2024,SKU0056,Pasta 500g,Grocery,Pasta,541,18.0,42739.0,6.1,Regular consumer demand,Normal Trading,Adequate inventory maintained,Stable,None,No Winter relevance,None,5% avg weekend uplift,0,0,Seasonal factor: No Winter relevance
November,2024,SKU0177,Steel Tiffin Box 3-tier,Household,Kitchenware,145,4.8,66555.0,-3.3,Regular consumer demand,Normal Trading,Low stock impact - 9 units missed opportunity,Stable,None,No Winter relevance,None,1% avg weekend uplift,0,9,Seasonal factor: No Winter relevance; Niche product - irregular demand pattern
November,2024,SKU0216,Emergency Lamp Rechargeable,Electronics,Lighting,516,17.2,412284.0,56.4,Diwali demand surge - Lamp,Festival - Diwali,Adequate inventory maintained,Strong Increase,Diwali,No Winter relevance,None,6% avg weekend uplift,0,0,Festival demand: Diwali; Seasonal factor: No Winter relevance; Significant demand spike - review forecast
November,2024,SKU0024,Turmeric Powder 200g,Grocery,Spices,626,20.9,38812.0,4.3,Regular consumer demand,Normal Trading,Low stock impact - 35 units missed opportunity,Stable,None,No Winter relevance,None,5% avg weekend uplift,0,35,Seasonal factor: No Winter relevance
November,2024,SKU0162,Decorative Lights 20m,Household,Decorations,693,23.1,318087.0,21.6,Diwali demand surge - Decorative,Festival - Diwali,Adequate inventory maintained,Moderate Increase,Diwali,No Winter relevance,None,3% avg weekend uplift,0,0,Festival demand: Diwali; Seasonal factor: No Winter relevance
November,2024,SKU0163,Rangoli Powder 500g,Household,Decorations,287,9.6,17794.0,6.3,Regular consumer demand,Normal Trading,Adequate inventory maintained,Stable,None,No Winter relevance,None,3% avg weekend uplift,0,0,Seasonal factor: No Winter relevance
November,2024,SKU0064,Curd Cup 400g,Dairy,Dairy,1090,36.3,45780.0,21.1,Regular consumer demand,Weekend/Demand Surge,Adequate inventory maintained,Moderate Increase,None,No Winter relevance,None,7% avg weekend uplift,0,0,Seasonal factor: No Winter relevance
November,2024,SKU0126,Croissants 6pcs,Bakery,Bakery,220,7.3,30580.0,4.8,Regular consumer demand,Normal Trading,Low stock impact - 17 units missed opportunity,Stable,None,No Winter relevance,None,3% avg weekend uplift,0,17,Seasonal factor: No Winter relevance; Niche product - irregular demand pattern
November,2024,SKU0134,Frozen Sweet Corn 500g,Frozen Foods,Frozen Foods,1137,37.9,112563.0,89.5,Diwali demand surge - Sweet; Winter demand - Sweet,Festival - Diwali,Adequate inventory maintained,Strong Increase,Diwali,Winter demand - Sweet,None,15% avg weekend uplift,0,0,Festival demand: Diwali; Seasonal factor: Winter demand - Sweet; Significant demand spike - review forecast
November,2024,SKU0141,Green Chilli 250g,Fruits & Vegetables,Vegetables,1118,37.3,35776.0,24.2,Regular consumer demand,Weekend/Demand Surge,Adequate inventory maintained,Moderate Increase,None,No Winter relevance,None,9% avg weekend uplift,0,0,Seasonal factor: No Winter relevance
November,2024,SKU0025,Chilli Powder 500g,Grocery,Spices,459,15.3,36261.0,-15.0,Regular consumer demand,Normal Trading,Low stock impact - 37 units missed opportunity,Moderate Decline,None,No Winter relevance,None,5% avg weekend uplift,0,37,Seasonal factor: No Winter relevance
November,2024,SKU0297,Temple Coconut Pack 5pcs,Fruits & Vegetables,Fruits,554,18.5,93626.0,42.1,Diwali demand surge - Festival,Festival - Diwali,Adequate inventory maintained,Moderate Increase,Diwali,No Winter relevance,None,9% avg weekend uplift,0,0,Festival demand: Diwali; Seasonal factor: No Winter relevance
November,2024,SKU0018,Ghee 500ml,Grocery,Ghee,1647,54.9,443043.0,103.3,Diwali demand surge - Ghee; Winter demand - Ghee,Festival - Diwali,Adequate inventory maintained,Strong Increase,Diwali,Winter demand - Ghee,None,5% avg weekend uplift,0,0,Festival demand: Diwali; Seasonal factor: Winter demand - Ghee; Significant demand spike - review forecast
November,2024,SKU0174,Pressure Cooker 5L,Household,Cookware,134,4.5,160666.0,-10.7,Regular consumer demand,Normal Trading,Adequate inventory maintained,Moderate Decline,None,No Winter relevance,None,1% avg weekend uplift,0,0,Seasonal factor: No Winter relevance; Niche product - irregular demand pattern
November,2024,SKU0175,Non-Stick Pan 28cm,Household,Cookware,211,7.0,168589.0,0.5,Regular consumer demand,Normal Trading,Adequate inventory maintained,Stable,None,No Winter relevance,None,1% avg weekend uplift,0,0,Seasonal factor: No Winter relevance; Niche product - irregular demand pattern
November,2024,SKU0212,Electric Kettle 1.5L,Electronics,Appliances,181,6.0,217019.0,20.7,Electronics and lifestyle deals,Promotion - Black Friday Style,Adequate inventory maintained,Moderate Increase,None,No Winter relevance,Black Friday Style,2% avg weekend uplift,0,0,Seasonal factor: No Winter relevance; Promotion active: Black Friday Style; Niche product - irregular demand pattern
November,2024,SKU0270,Beard Oil 50ml,Personal Care,Grooming,292,9.7,78548.0,21.7,Diwali demand surge - Oil,Festival - Diwali,Adequate inventory maintained,Moderate Increase,Diwali,No Winter relevance,None,2% avg weekend uplift,0,0,Festival demand: Diwali; Seasonal factor: No Winter relevance; Niche product - irregular demand pattern
November,2024,SKU0033,Pistachios 250g,Grocery,Nuts,298,9.9,124862.0,-0.7,Regular consumer demand,Normal Trading,Adequate inventory maintained,Stable,None,No Winter relevance,None,5% avg weekend uplift,0,0,Seasonal factor: No Winter relevance
November,2024,SKU0048,Chicken Masala 100g,Grocery,Spices,389,13.0,15171.0,-7.4,Regular consumer demand,Normal Trading,Adequate inventory maintained,Stable,None,No Winter relevance,None,5% avg weekend uplift,0,0,Seasonal factor: No Winter relevance
November,2024,SKU0049,Semiya Payasam Mix 200g,Grocery,Mixes,610,20.3,37820.0,13.0,Regular consumer demand,Normal Trading,Low stock impact - 26 units missed opportunity,Stable,None,No Winter relevance,None,5% avg weekend uplift,0,26,Seasonal factor: No Winter relevance
November,2024,SKU0231,Turmeric Plant Bundle,Fruits & Vegetables,Plants,744,24.8,58776.0,24.0,Regular consumer demand,Weekend/Demand Surge,Adequate inventory maintained,Moderate Increase,None,No Winter relevance,None,9% avg weekend uplift,0,0,Seasonal factor: No Winter relevance
November,2024,SKU0154,Grapes 500g,Fruits & Vegetables,Fruits,870,29.0,103530.0,7.4,Regular consumer demand,Normal Trading,Adequate inventory maintained,Stable,None,No Winter relevance,None,9% avg weekend uplift,0,0,Seasonal factor: No Winter relevance
November,2024,SKU0085,Health Drink 500g,Beverages,Health Drinks,662,22.1,105258.0,5.1,Regular consumer demand,Normal Trading,Low stock impact - 56 units missed opportunity,Stable,None,No Winter relevance,None,12% avg weekend uplift,0,56,Seasonal factor: No Winter relevance
November,2024,SKU0100,Electrolyte Drink 500ml,Beverages,Beverages,451,15.0,35629.0,7.4,Regular consumer demand,Normal Trading,Adequate inventory maintained,Stable,None,No Winter relevance,None,12% avg weekend uplift,0,0,Seasonal factor: No Winter relevance
November,2024,SKU0255,Saffron 1g,Grocery,Spices,116,3.9,92684.0,28.9,Diwali demand surge - Festival,Festival - Diwali,Adequate inventory maintained,Moderate Increase,Diwali,No Winter relevance,None,1% avg weekend uplift,0,0,Festival demand: Diwali; Seasonal factor: No Winter relevance; Niche product - irregular demand pattern
November,2024,SKU0073,Fresh Cream 250ml,Dairy,Dairy,658,21.9,51982.0,9.7,Regular consumer demand,Normal Trading,Adequate inventory maintained,Stable,None,No Winter relevance,None,7% avg weekend uplift,0,0,Seasonal factor: No Winter relevance
November,2024,SKU0012,Moong Dal 1kg,Grocery,Pulses,689,23.0,116441.0,-14.9,Regular consumer demand,Normal Trading,Low stock impact - 40 units missed opportunity,Moderate Decline,None,No Winter relevance,None,5% avg weekend uplift,0,40,Seasonal factor: No Winter relevance
November,2024,SKU0186,Toothpaste 200g,Personal Care,Oral Care,738,24.6,65682.0,-8.9,Regular consumer demand,Normal Trading,Adequate inventory maintained,Stable,None,No Winter relevance,None,6% avg weekend uplift,0,0,Seasonal factor: No Winter relevance
November,2024,SKU0068,Buttermilk 200ml,Dairy,Beverages,978,32.6,22494.0,5.2,Regular consumer demand,Normal Trading,Adequate inventory maintained,Stable,None,No Winter relevance,None,7% avg weekend uplift,0,0,Seasonal factor: No Winter relevance
November,2024,SKU0271,Wall Clock Standard,Household,Home Decor,137,4.6,45073.0,14.2,Regular consumer demand,Normal Trading,Adequate inventory maintained,Stable,None,No Winter relevance,None,1% avg weekend uplift,0,0,Seasonal factor: No Winter relevance
November,2024,SKU0282,Hand Blender Standard,Electronics,Appliances,249,8.3,348351.0,38.3,Electronics and lifestyle deals,Promotion - Black Friday Style,Adequate inventory maintained,Moderate Increase,None,No Winter relevance,Black Friday Style,2% avg weekend uplift,0,0,Seasonal factor: No Winter relevance; Promotion active: Black Friday Style; Niche product - irregular demand pattern
November,2024,SKU0071,Ice Cream Cone Pack 6pcs,Dairy,Frozen,460,15.3,54740.0,-14.8,Regular consumer demand,Normal Trading,Low stock impact - 37 units missed opportunity,Moderate Decline,None,No Winter relevance,None,7% avg weekend uplift,0,37,Seasonal factor: No Winter relevance
November,2024,SKU0188,Toothbrush 2pcs,Personal Care,Oral Care,981,32.7,136359.0,21.1,Regular consumer demand,Weekend/Demand Surge,Adequate inventory maintained,Moderate Increase,None,No Winter relevance,None,6% avg weekend uplift,0,0,Seasonal factor: No Winter relevance
November,2024,SKU0266,Toilet Cleaner 1L,Household,Cleaning,717,23.9,121173.0,-8.1,Regular consumer demand,Normal Trading,Adequate inventory maintained,Stable,None,No Winter relevance,None,3% avg weekend uplift,0,0,Seasonal factor: No Winter relevance
November,2024,SKU0125,Rusks 300g,Bakery,Bakery,712,23.7,44144.0,-1.1,Regular consumer demand,Normal Trading,Adequate inventory maintained,Stable,None,No Winter relevance,None,10% avg weekend uplift,0,0,Seasonal factor: No Winter relevance
November,2024,SKU0032,Almonds 500g,Grocery,Nuts,596,19.9,297404.0,4.6,Regular consumer demand,Normal Trading,Adequate inventory maintained,Stable,None,No Winter relevance,None,5% avg weekend uplift,0,0,Seasonal factor: No Winter relevance
November,2024,SKU0053,Chia Seeds 250g,Grocery,Seeds,137,4.6,31373.0,-8.7,Regular consumer demand,Normal Trading,Adequate inventory maintained,Stable,None,No Winter relevance,None,1% avg weekend uplift,0,0,Seasonal factor: No Winter relevance; Niche product - irregular demand pattern
November,2024,SKU0087,Soft Drink Cola 2L,Beverages,Soft Drinks,723,24.1,57117.0,26.8,Regular consumer demand,Weekend/Demand Surge,Adequate inventory maintained,Moderate Increase,None,No Winter relevance,None,12% avg weekend uplift,0,0,Seasonal factor: No Winter relevance
November,2024,SKU0088,Soft Drink Orange 2L,Beverages,Soft Drinks,505,16.8,39895.0,-15.8,Regular consumer demand,Normal Trading,Stockout for 5 days - lost 74 units,Moderate Decline,None,No Winter relevance,None,12% avg weekend uplift,5,74,Seasonal factor: No Winter relevance; Inventory issue: Stockout for 5 days - lost 74 units
November,2024,SKU0102,Magic Masala Chips 75g,Snacks,Chips,885,29.5,28320.0,5.4,Regular consumer demand,Normal Trading,Adequate inventory maintained,Stable,None,No Winter relevance,None,18% avg weekend uplift,0,0,Seasonal factor: No Winter relevance
November,2024,SKU0133,Frozen Peas 500g,Frozen Foods,Frozen Foods,1049,35.0,93361.0,29.5,Regular consumer demand,Weekend/Demand Surge,Adequate inventory maintained,Moderate Increase,None,No Winter relevance,None,15% avg weekend uplift,0,0,Seasonal factor: No Winter relevance
November,2024,SKU0170,Aluminum Foil 9m,Household,Kitchen,548,18.3,48772.0,-3.9,Regular consumer demand,Normal Trading,Adequate inventory maintained,Stable,None,No Winter relevance,None,3% avg weekend uplift,0,0,Seasonal factor: No Winter relevance
November,2024,SKU0204,School Bag Medium,Stationery,Bags,466,15.5,372334.0,11.0,Regular consumer demand,Normal Trading,Adequate inventory maintained,Stable,None,No Winter relevance,None,3% avg weekend uplift,0,0,Seasonal factor: No Winter relevance
November,2024,SKU0209,Mobile Charger 18W,Electronics,Electronics,146,4.9,90374.0,-18.9,Regular consumer demand,Normal Trading,Low stock impact - 16 units missed opportunity,Moderate Decline,None,No Winter relevance,None,2% avg weekend uplift,0,16,Seasonal factor: No Winter relevance; Niche product - irregular demand pattern
November,2024,SKU0288,Prayer Oil Lamp Brass,Household,Religious,598,19.9,250562.0,17.3,"Diwali demand surge - Lamp, Oil, Prayer",Festival - Diwali,Adequate inventory maintained,Stable,Diwali,No Winter relevance,None,3% avg weekend uplift,0,0,Festival demand: Diwali; Seasonal factor: No Winter relevance
November,2024,SKU0146,Pomegranate 1kg,Fruits & Vegetables,Fruits,285,9.5,76665.0,18.8,Regular consumer demand,Normal Trading,Adequate inventory maintained,Stable,None,No Winter relevance,None,9% avg weekend uplift,0,0,Seasonal factor: No Winter relevance
November,2024,SKU0104,Mixture Snacks 500g,Snacks,Traditional Snacks,469,15.6,79261.0,-8.0,Regular consumer demand,Normal Trading,Stockout for 4 days - lost 55 units,Stable,None,No Winter relevance,None,18% avg weekend uplift,4,55,Seasonal factor: No Winter relevance; Inventory issue: Stockout for 4 days - lost 55 units
November,2024,SKU0137,Frozen Momos 500g,Frozen Foods,Frozen Foods,244,8.1,48556.0,1.7,Regular consumer demand,Normal Trading,Adequate inventory maintained,Stable,None,No Winter relevance,None,5% avg weekend uplift,0,0,Seasonal factor: No Winter relevance; Niche product - irregular demand pattern
November,2024,SKU0004,Raw Rice 25kg,Grocery,Rice,537,17.9,804963.0,19.3,Regular consumer demand,Normal Trading,Adequate inventory maintained,Stable,None,No Winter relevance,None,5% avg weekend uplift,0,0,Seasonal factor: No Winter relevance
November,2024,SKU0129,Garlic Bread 200g,Bakery,Bakery,91,3.0,6552.0,1.1,Regular consumer demand,Normal Trading,Adequate inventory maintained,Stable,None,No Winter relevance,None,3% avg weekend uplift,0,0,Seasonal factor: No Winter relevance; Niche product - irregular demand pattern
November,2024,SKU0142,Ginger 250g,Fruits & Vegetables,Vegetables,530,17.7,32860.0,10.4,Regular consumer demand,Normal Trading,Low stock impact - 19 units missed opportunity,Stable,None,No Winter relevance,None,9% avg weekend uplift,0,19,Seasonal factor: No Winter relevance
November,2024,SKU0006,Wheat Flour Atta 5kg,Grocery,Atta,668,22.3,193052.0,-3.2,Regular consumer demand,Normal Trading,Low stock impact - 49 units missed opportunity,Stable,None,No Winter relevance,None,5% avg weekend uplift,0,49,Seasonal factor: No Winter relevance
November,2024,SKU0122,Pizza Base 200g,Bakery,Bakery,110,3.7,6820.0,-8.3,Regular consumer demand,Normal Trading,Adequate inventory maintained,Stable,None,No Winter relevance,None,3% avg weekend uplift,0,0,Seasonal factor: No Winter relevance; Niche product - irregular demand pattern
November,2024,SKU0109,Chocolate Gift Box 500g,Snacks,Chocolates,912,30.4,418608.0,78.8,Diwali demand surge - Gift,Festival - Diwali,Adequate inventory maintained,Strong Increase,Diwali,No Winter relevance,None,18% avg weekend uplift,0,0,Festival demand: Diwali; Seasonal factor: No Winter relevance; Significant demand spike - review forecast
November,2024,SKU0215,Induction Stove 1800W,Electronics,Appliances,233,7.8,722067.0,11.0,Regular consumer demand,Normal Trading,Adequate inventory maintained,Stable,None,No Winter relevance,None,2% avg weekend uplift,0,0,Seasonal factor: No Winter relevance; Niche product - irregular demand pattern
November,2024,SKU0190,Talcum Powder 400g,Personal Care,Skin Care,526,17.5,46814.0,9.6,Regular consumer demand,Normal Trading,Low stock impact - 45 units missed opportunity,Stable,None,No Winter relevance,None,6% avg weekend uplift,0,45,Seasonal factor: No Winter relevance
November,2024,SKU0223,Blanket Double,Lifestyle,Bedding,1436,47.9,1721764.0,181.6,Winter demand - Blanket; Electronics and lifestyle deals,Promotion - Black Friday Style,Adequate inventory maintained,Strong Increase,None,Winter demand - Blanket,Black Friday Style,7% avg weekend uplift,0,0,Seasonal factor: Winter demand - Blanket; Promotion active: Black Friday Style; Significant demand spike - review forecast
November,2024,SKU0180,Kumkum Powder 50g,Household,Religious,661,22.0,27762.0,46.9,"Diwali demand surge - Religious, Kumkum, Festival",Festival - Diwali,Adequate inventory maintained,Moderate Increase,Diwali,No Winter relevance,None,3% avg weekend uplift,0,0,Festival demand: Diwali; Seasonal factor: No Winter relevance
November,2024,SKU0247,Cheese Popcorn 100g,Snacks,Snacks,161,5.4,9982.0,-10.6,Regular consumer demand,Normal Trading,Stockout for 3 days - lost 13 units,Moderate Decline,None,No Winter relevance,None,5% avg weekend uplift,3,13,Seasonal factor: No Winter relevance; Inventory issue: Stockout for 3 days - lost 13 units; Niche product - irregular demand pattern
November,2024,SKU0001,Ponni Rice 25kg,Grocery,Rice,662,22.1,1058538.0,0.3,Regular consumer demand,Normal Trading,Low stock impact - 23 units missed opportunity,Stable,None,No Winter relevance,None,5% avg weekend uplift,0,23,Seasonal factor: No Winter relevance
November,2024,SKU0241,Coconut Biscuits 200g,Snacks,Biscuits,694,23.1,36088.0,10.2,Regular consumer demand,Normal Trading,Adequate inventory maintained,Stable,None,No Winter relevance,None,18% avg weekend uplift,0,0,Seasonal factor: No Winter relevance
November,2024,SKU0248,Fruit Jam 500g,Grocery,Spreads,494,16.5,68666.0,-3.1,Regular consumer demand,Normal Trading,Adequate inventory maintained,Stable,None,No Winter relevance,None,5% avg weekend uplift,0,0,Seasonal factor: No Winter relevance
November,2024,SKU0252,Fruit Cake 300g,Bakery,Bakery,418,13.9,70642.0,26.7,Regular consumer demand,Weekend/Demand Surge,Adequate inventory maintained,Moderate Increase,None,No Winter relevance,None,10% avg weekend uplift,0,0,Seasonal factor: No Winter relevance
November,2024,SKU0159,Agarbathi 100 sticks,Household,Religious,1128,37.6,89112.0,29.7,"Diwali demand surge - Religious, Festival",Festival - Diwali,Low stock impact - 95 units missed opportunity,Moderate Increase,Diwali,No Winter relevance,None,3% avg weekend uplift,0,95,Festival demand: Diwali; Seasonal factor: No Winter relevance
November,2024,SKU0005,Basmati Rice 5kg,Grocery,Rice,913,30.4,756877.0,12.7,Regular consumer demand,Normal Trading,Adequate inventory maintained,Stable,None,No Winter relevance,None,5% avg weekend uplift,0,0,Seasonal factor: No Winter relevance
November,2024,SKU0217,Smart LED Strip Lights 5m,Electronics,Lighting,649,21.6,778151.0,20.2,Regular consumer demand,Weekend/Demand Surge,Adequate inventory maintained,Moderate Increase,None,No Winter relevance,None,6% avg weekend uplift,0,0,Seasonal factor: No Winter relevance
November,2024,SKU0076,Flavored Milk 200ml,Dairy,Beverages,605,20.2,13915.0,6.1,Regular consumer demand,Normal Trading,Adequate inventory maintained,Stable,None,No Winter relevance,None,7% avg weekend uplift,0,0,Seasonal factor: No Winter relevance
November,2024,SKU0101,Lays Chips 50g,Snacks,Chips,707,23.6,13433.0,24.0,Regular consumer demand,Weekend/Demand Surge,Adequate inventory maintained,Moderate Increase,None,No Winter relevance,None,18% avg weekend uplift,0,0,Seasonal factor: No Winter relevance
November,2024,SKU0098,Lemon Juice 600ml,Beverages,Juices,677,22.6,41974.0,18.8,Regular consumer demand,Normal Trading,Adequate inventory maintained,Stable,None,No Winter relevance,None,12% avg weekend uplift,0,0,Seasonal factor: No Winter relevance
November,2024,SKU0015,Sunflower Oil 1L,Grocery,Oil,853,28.4,101507.0,23.6,Diwali demand surge - Oil,Festival - Diwali,Adequate inventory maintained,Moderate Increase,Diwali,No Winter relevance,None,5% avg weekend uplift,0,0,Festival demand: Diwali; Seasonal factor: No Winter relevance
November,2024,SKU0113,Kids Chocolate Pack,Snacks,Chocolates,387,12.9,142803.0,7.5,Regular consumer demand,Normal Trading,Adequate inventory maintained,Stable,None,No Winter relevance,None,18% avg weekend uplift,0,0,Seasonal factor: No Winter relevance
November,2024,SKU0152,Jasmine Flowers 100g,Fruits & Vegetables,Flowers,484,16.1,30008.0,46.7,Diwali demand surge - Festival,Festival - Diwali,Adequate inventory maintained,Moderate Increase,Diwali,No Winter relevance,None,9% avg weekend uplift,0,0,Festival demand: Diwali; Seasonal factor: No Winter relevance
November,2024,SKU0043,Oats 1kg,Grocery,Breakfast,546,18.2,97734.0,1.1,Regular consumer demand,Normal Trading,Adequate inventory maintained,Stable,None,No Winter relevance,None,5% avg weekend uplift,0,0,Seasonal factor: No Winter relevance
November,2024,SKU0219,Raincoat XL,Lifestyle,Rainwear,646,21.5,270674.0,34.6,Electronics and lifestyle deals,Promotion - Black Friday Style,Adequate inventory maintained,Moderate Increase,None,No Winter relevance,Black Friday Style,7% avg weekend uplift,0,0,Seasonal factor: No Winter relevance; Promotion active: Black Friday Style
November,2024,SKU0003,Idly Rice 10kg,Grocery,Rice,631,21.0,756569.0,10.7,Regular consumer demand,Normal Trading,Adequate inventory maintained,Stable,None,No Winter relevance,None,5% avg weekend uplift,0,0,Seasonal factor: No Winter relevance
November,2024,SKU0222,Pillow Cover Pair,Lifestyle,Bedding,662,22.1,151598.0,0.3,Regular consumer demand,Normal Trading,Adequate inventory maintained,Stable,None,No Winter relevance,None,7% avg weekend uplift,0,0,Seasonal factor: No Winter relevance
November,2024,SKU0144,Banana 1 dozen,Fruits & Vegetables,Fruits,745,24.8,31290.0,-0.7,Regular consumer demand,Normal Trading,Low stock impact - 43 units missed opportunity,Stable,None,No Winter relevance,None,9% avg weekend uplift,0,43,Seasonal factor: No Winter relevance
November,2024,SKU0249,Choco Spread 350g,Grocery,Spreads,78,2.6,20982.0,-13.3,Regular consumer demand,Normal Trading,Adequate inventory maintained,Moderate Decline,None,No Winter relevance,None,1% avg weekend uplift,0,0,Seasonal factor: No Winter relevance; Niche product - irregular demand pattern
November,2024,SKU0055,Instant Noodles 12 Pack,Grocery,Instant Foods,706,23.5,98134.0,17.7,Regular consumer demand,Normal Trading,Adequate inventory maintained,Stable,None,No Winter relevance,None,5% avg weekend uplift,0,0,Seasonal factor: No Winter relevance
November,2024,SKU0010,Toor Dal 1kg,Grocery,Pulses,697,23.2,124763.0,-3.2,Regular consumer demand,Normal Trading,Low stock impact - 37 units missed opportunity,Stable,None,No Winter relevance,None,5% avg weekend uplift,0,37,Seasonal factor: No Winter relevance
November,2024,SKU0066,Paneer 200g,Dairy,Dairy,1582,52.7,124978.0,17.2,Regular consumer demand,Normal Trading,Adequate inventory maintained,Stable,None,No Winter relevance,None,7% avg weekend uplift,0,0,Seasonal factor: No Winter relevance
November,2024,SKU0045,Peanut Butter 1kg,Grocery,Spreads,128,4.3,47232.0,-14.7,Regular consumer demand,Normal Trading,Low stock impact - 4 units missed opportunity,Moderate Decline,None,No Winter relevance,None,1% avg weekend uplift,0,4,Seasonal factor: No Winter relevance; Niche product - irregular demand pattern
November,2024,SKU0171,Tissue Paper 200 pulls,Household,Household,891,29.7,55242.0,6.1,Regular consumer demand,Normal Trading,Adequate inventory maintained,Stable,None,No Winter relevance,None,3% avg weekend uplift,0,0,Seasonal factor: No Winter relevance
November,2024,SKU0169,Garbage Bags 30pcs,Household,Household,848,28.3,100912.0,17.8,Regular consumer demand,Normal Trading,Adequate inventory maintained,Stable,None,No Winter relevance,None,3% avg weekend uplift,0,0,Seasonal factor: No Winter relevance
November,2024,SKU0189,Face Wash 100ml,Personal Care,Skin Care,763,25.4,106057.0,-5.8,Regular consumer demand,Normal Trading,Adequate inventory maintained,Stable,None,No Winter relevance,None,6% avg weekend uplift,0,0,Seasonal factor: No Winter relevance
November,2024,SKU0277,Candle Pack 20pcs,Household,Religious,786,26.2,62094.0,37.9,"Diwali demand surge - Candle, Religious",Festival - Diwali,Adequate inventory maintained,Moderate Increase,Diwali,No Winter relevance,None,3% avg weekend uplift,0,0,Festival demand: Diwali; Seasonal factor: No Winter relevance
November,2024,SKU0039,Ready Pongal Mix 500g,Grocery,Mixes,468,15.6,36972.0,-8.2,Regular consumer demand,Normal Trading,Low stock impact - 36 units missed opportunity,Stable,None,No Winter relevance,None,5% avg weekend uplift,0,36,Seasonal factor: No Winter relevance
November,2024,SKU0041,Papad 200g,Grocery,Snacks,534,17.8,22428.0,18.7,Regular consumer demand,Normal Trading,Adequate inventory maintained,Stable,None,No Winter relevance,None,5% avg weekend uplift,0,0,Seasonal factor: No Winter relevance
November,2024,SKU0194,Sanitary Pads XL Pack,Personal Care,Feminine Care,652,21.7,90628.0,-13.1,Regular consumer demand,Normal Trading,Low stock impact - 26 units missed opportunity,Moderate Decline,None,No Winter relevance,None,6% avg weekend uplift,0,26,Seasonal factor: No Winter relevance
November,2024,SKU0201,Notebook A4 200 pages,Stationery,Stationery,63,2.1,4977.0,5.0,Regular consumer demand,Normal Trading,Adequate inventory maintained,Stable,None,No Winter relevance,None,1% avg weekend uplift,0,0,Seasonal factor: No Winter relevance
November,2024,SKU0280,Bluetooth Earbuds TWS,Electronics,Electronics,84,2.8,193116.0,-6.7,Regular consumer demand,Normal Trading,Adequate inventory maintained,Stable,None,No Winter relevance,None,2% avg weekend uplift,0,0,Seasonal factor: No Winter relevance; Niche product - irregular demand pattern
November,2024,SKU0030,Cardamom 50g,Grocery,Spices,382,12.7,102758.0,-2.1,Regular consumer demand,Normal Trading,Adequate inventory maintained,Stable,None,No Winter relevance,None,5% avg weekend uplift,0,0,Seasonal factor: No Winter relevance
November,2024,SKU0038,Millet Mix 1kg,Grocery,Grains,85,2.8,11815.0,-5.6,Regular consumer demand,Normal Trading,Adequate inventory maintained,Stable,None,No Winter relevance,None,1% avg weekend uplift,0,0,Seasonal factor: No Winter relevance; Niche product - irregular demand pattern
November,2024,SKU0220,Travel Bag Medium,Lifestyle,Luggage,246,8.2,344154.0,17.1,Regular consumer demand,Normal Trading,Adequate inventory maintained,Stable,None,No Winter relevance,None,2% avg weekend uplift,0,0,Seasonal factor: No Winter relevance; Niche product - irregular demand pattern
November,2024,SKU0140,Potato 1kg,Fruits & Vegetables,Vegetables,1236,41.2,28428.0,11.4,Regular consumer demand,Normal Trading,Adequate inventory maintained,Stable,None,No Winter relevance,None,9% avg weekend uplift,0,0,Seasonal factor: No Winter relevance
November,2024,SKU0251,Herbal Tea 100g,Beverages,Tea,222,7.4,50838.0,-7.5,Regular consumer demand,Normal Trading,Adequate inventory maintained,Stable,None,No Winter relevance,None,4% avg weekend uplift,0,0,Seasonal factor: No Winter relevance; Niche product - irregular demand pattern
November,2024,SKU0257,Sweet Corn Soup 50g,Grocery,Instant Foods,445,14.8,18690.0,64.8,Diwali demand surge - Sweet; Winter demand - Sweet,Festival - Diwali,Adequate inventory maintained,Strong Increase,Diwali,Winter demand - Sweet,None,5% avg weekend uplift,0,0,Festival demand: Diwali; Seasonal factor: Winter demand - Sweet; Significant demand spike - review forecast
November,2024,SKU0065,Butter 100g,Dairy,Dairy,551,18.4,49039.0,-3.3,Regular consumer demand,Normal Trading,Adequate inventory maintained,Stable,None,No Winter relevance,None,7% avg weekend uplift,0,0,Seasonal factor: No Winter relevance
November,2024,SKU0285,Steel Plates Set 6pcs,Household,Kitchenware,154,5.1,95326.0,-14.4,Regular consumer demand,Normal Trading,Low stock impact - 9 units missed opportunity,Moderate Decline,None,No Winter relevance,None,1% avg weekend uplift,0,9,Seasonal factor: No Winter relevance; Niche product - irregular demand pattern
November,2024,SKU0155,Pineapple Per Piece,Fruits & Vegetables,Fruits,640,21.3,46080.0,-3.0,Regular consumer demand,Normal Trading,Adequate inventory maintained,Stable,None,No Winter relevance,None,9% avg weekend uplift,0,0,Seasonal factor: No Winter relevance
November,2024,SKU0292,Fruit Basket Combo,Fruits & Vegetables,Fruits,466,15.5,195254.0,19.5,Diwali demand surge - Festival,Festival - Diwali,Stockout for 5 days - lost 80 units,Stable,Diwali,No Winter relevance,None,9% avg weekend uplift,5,80,Festival demand: Diwali; Seasonal factor: No Winter relevance; Inventory issue: Stockout for 5 days - lost 80 units
November,2024,SKU0265,Laundry Liquid 1L,Household,Laundry,635,21.2,145415.0,-8.0,Regular consumer demand,Normal Trading,Adequate inventory maintained,Stable,None,No Winter relevance,None,3% avg weekend uplift,0,0,Seasonal factor: No Winter relevance
November,2024,SKU0173,Room Freshener 240ml,Household,Air Freshener,175,5.8,27825.0,-2.8,Regular consumer demand,Normal Trading,Adequate inventory maintained,Stable,None,No Winter relevance,None,1% avg weekend uplift,0,0,Seasonal factor: No Winter relevance; Niche product - irregular demand pattern
November,2024,SKU0151,Betel Leaves 1 Pack,Fruits & Vegetables,Leaves,398,13.3,16716.0,10.6,Regular consumer demand,Normal Trading,Adequate inventory maintained,Stable,None,No Winter relevance,None,9% avg weekend uplift,0,0,Seasonal factor: No Winter relevance
November,2024,SKU0063,Fresh Milk 500ml,Dairy,Milk,1591,53.0,41366.0,20.5,Regular consumer demand,Weekend/Demand Surge,Adequate inventory maintained,Moderate Increase,None,No Winter relevance,None,7% avg weekend uplift,0,0,Seasonal factor: No Winter relevance
November,2024,SKU0240,Herbal Shampoo 400ml,Personal Care,Hair Care,667,22.2,152743.0,17.0,Regular consumer demand,Normal Trading,Adequate inventory maintained,Stable,None,No Winter relevance,None,6% avg weekend uplift,0,0,Seasonal factor: No Winter relevance
November,2024,SKU0224,Towels Bath Size,Lifestyle,Bedding,676,22.5,222404.0,7.3,Regular consumer demand,Normal Trading,Adequate inventory maintained,Stable,None,No Winter relevance,None,7% avg weekend uplift,0,0,Seasonal factor: No Winter relevance
November,2024,SKU0082,Tea Powder 1kg,Beverages,Tea,722,24.1,201438.0,9.4,Regular consumer demand,Normal Trading,Adequate inventory maintained,Stable,None,No Winter relevance,None,12% avg weekend uplift,0,0,Seasonal factor: No Winter relevance
November,2024,SKU0158,Beetroot 1kg,Fruits & Vegetables,Vegetables,857,28.6,35994.0,-4.8,Regular consumer demand,Normal Trading,Adequate inventory maintained,Stable,None,No Winter relevance,None,9% avg weekend uplift,0,0,Seasonal factor: No Winter relevance
November,2024,SKU0296,Puja Flowers Combo,Fruits & Vegetables,Flowers,756,25.2,203364.0,57.5,Diwali demand surge - Festival,Festival - Diwali,Adequate inventory maintained,Strong Increase,Diwali,No Winter relevance,None,9% avg weekend uplift,0,0,Festival demand: Diwali; Seasonal factor: No Winter relevance; Significant demand spike - review forecast
November,2024,SKU0165,Floor Cleaner 1L,Household,Cleaning,762,25.4,128778.0,5.8,Regular consumer demand,Normal Trading,Adequate inventory maintained,Stable,None,No Winter relevance,None,3% avg weekend uplift,0,0,Seasonal factor: No Winter relevance
November,2024,SKU0118,Protein Chips 100g,Snacks,Health Snacks,128,4.3,17792.0,6.7,Regular consumer demand,Normal Trading,Adequate inventory maintained,Stable,None,No Winter relevance,None,5% avg weekend uplift,0,0,Seasonal factor: No Winter relevance; Niche product - irregular demand pattern
November,2024,SKU0136,Frozen Pizza 300g,Frozen Foods,Frozen Foods,212,7.1,35828.0,-11.7,Regular consumer demand,Normal Trading,Low stock impact - 20 units missed opportunity,Moderate Decline,None,No Winter relevance,None,5% avg weekend uplift,0,20,Seasonal factor: No Winter relevance; Niche product - irregular demand pattern
November,2024,SKU0283,Pressure Pan 3L,Household,Cookware,176,5.9,140624.0,-2.2,Regular consumer demand,Normal Trading,Adequate inventory maintained,Stable,None,No Winter relevance,None,1% avg weekend uplift,0,0,Seasonal factor: No Winter relevance; Niche product - irregular demand pattern
November,2024,SKU0058,Tomato Ketchup 1kg,Grocery,Condiments,871,29.0,121069.0,11.7,Regular consumer demand,Normal Trading,Adequate inventory maintained,Stable,None,No Winter relevance,None,5% avg weekend uplift,0,0,Seasonal factor: No Winter relevance
November,2024,SKU0267,Face Cream 200ml,Personal Care,Skin Care,626,20.9,143354.0,-9.3,Regular consumer demand,Normal Trading,Adequate inventory maintained,Stable,None,No Winter relevance,None,6% avg weekend uplift,0,0,Seasonal factor: No Winter relevance
November,2024,SKU0061,Fresh Milk 1L,Dairy,Milk,1026,34.2,53352.0,-7.6,Regular consumer demand,Normal Trading,Adequate inventory maintained,Stable,None,No Winter relevance,None,7% avg weekend uplift,0,0,Seasonal factor: No Winter relevance
November,2024,SKU0080,Chocolate Milk 180ml,Dairy,Beverages,812,27.1,34104.0,8.3,Regular consumer demand,Normal Trading,Adequate inventory maintained,Stable,None,No Winter relevance,None,7% avg weekend uplift,0,0,Seasonal factor: No Winter relevance
November,2024,SKU0207,LED Bulb 9W,Electronics,Lighting,905,30.2,125795.0,16.0,Regular consumer demand,Normal Trading,Adequate inventory maintained,Stable,None,No Winter relevance,None,6% avg weekend uplift,0,0,Seasonal factor: No Winter relevance
November,2024,SKU0195,Baby Diapers 42pcs,Personal Care,Baby Care,877,29.2,700723.0,21.8,Regular consumer demand,Weekend/Demand Surge,Adequate inventory maintained,Moderate Increase,None,No Winter relevance,None,6% avg weekend uplift,0,0,Seasonal factor: No Winter relevance
December,2024,SKU0264,Air Freshener Spray 300ml,Household,Air Freshener,113,3.6,17967.0,-8.9,Regular consumer demand,Normal Trading,Adequate inventory maintained,Stable,None,No Winter relevance,None,1% avg weekend uplift,0,0,Seasonal factor: No Winter relevance; Niche product - irregular demand pattern
December,2024,SKU0176,Water Bottle 1L,Household,Kitchenware,696,22.5,159384.0,12.3,Regular consumer demand,Normal Trading,Adequate inventory maintained,Stable,None,No Winter relevance,None,3% avg weekend uplift,0,0,Seasonal factor: No Winter relevance
December,2024,SKU0060,Black Channa 1kg,Grocery,Pulses,737,23.8,72963.0,18.9,Regular consumer demand,Normal Trading,Adequate inventory maintained,Stable,None,No Winter relevance,None,4% avg weekend uplift,0,0,Seasonal factor: No Winter relevance
December,2024,SKU0094,Energy Drink 250ml,Beverages,Beverages,85,2.7,11815.0,-8.6,Regular consumer demand,Normal Trading,Adequate inventory maintained,Stable,None,No Winter relevance,None,3% avg weekend uplift,0,0,Seasonal factor: No Winter relevance; Niche product - irregular demand pattern
December,2024,SKU0097,Green Tea 100g,Beverages,Tea,87,2.8,14703.0,-6.5,Regular consumer demand,Normal Trading,Adequate inventory maintained,Stable,None,No Winter relevance,None,3% avg weekend uplift,0,0,Seasonal factor: No Winter relevance; Niche product - irregular demand pattern
December,2024,SKU0062,Fresh Milk 1L,Dairy,Milk,1445,46.6,73695.0,16.5,Regular consumer demand,Normal Trading,Adequate inventory maintained,Stable,None,No Winter relevance,None,7% avg weekend uplift,0,0,Seasonal factor: No Winter relevance
December,2024,SKU0138,Tomato 1kg,Fruits & Vegetables,Vegetables,1157,37.3,48594.0,24.4,Regular consumer demand,Weekend/Demand Surge,Adequate inventory maintained,Moderate Increase,None,No Winter relevance,None,9% avg weekend uplift,0,0,Seasonal factor: No Winter relevance
December,2024,SKU0139,Onion 1kg,Fruits & Vegetables,Vegetables,1488,48.0,47616.0,14.3,Regular consumer demand,Normal Trading,Adequate inventory maintained,Stable,None,No Winter relevance,None,9% avg weekend uplift,0,0,Seasonal factor: No Winter relevance
December,2024,SKU0294,Men's Kurta Set XL,Lifestyle,Clothing,424,13.7,889976.0,-2.3,Regular consumer demand,Normal Trading,Low stock impact - 28 units missed opportunity,Stable,None,No Winter relevance,None,7% avg weekend uplift,0,28,Seasonal factor: No Winter relevance
December,2024,SKU0123,Muffins 2pcs,Bakery,Bakery,90,2.9,7110.0,-3.2,Regular consumer demand,Normal Trading,Adequate inventory maintained,Stable,None,No Winter relevance,None,3% avg weekend uplift,0,0,Seasonal factor: No Winter relevance; Niche product - irregular demand pattern
December,2024,SKU0178,Pooja Plate Set,Household,Religious,362,11.7,97378.0,-22.2,Regular consumer demand,Normal Trading,Stockout for 5 days - lost 63 units,Moderate Decline,None,No Winter relevance,None,3% avg weekend uplift,5,63,Seasonal factor: No Winter relevance; Inventory issue: Stockout for 5 days - lost 63 units; Demand below baseline - investigate cause
December,2024,SKU0206,Gift Wrap Paper 5 sheets,Stationery,Gift Wrap,735,23.7,45570.0,39.5,Christmas demand surge - Gift,Festival - Christmas,Adequate inventory maintained,Moderate Increase,Christmas,No Winter relevance,None,3% avg weekend uplift,0,0,Festival demand: Christmas; Seasonal factor: No Winter relevance
December,2024,SKU0021,Sugar 1kg,Grocery,Sweeteners,788,25.4,33096.0,-9.2,Regular consumer demand,Normal Trading,Adequate inventory maintained,Stable,None,No Winter relevance,None,4% avg weekend uplift,0,0,Seasonal factor: No Winter relevance
December,2024,SKU0132,Frozen Nuggets 500g,Frozen Foods,Frozen Foods,136,4.4,31144.0,9.7,Regular consumer demand,Normal Trading,Adequate inventory maintained,Stable,None,No Winter relevance,None,4% avg weekend uplift,0,0,Seasonal factor: No Winter relevance; Niche product - irregular demand pattern
December,2024,SKU0268,Lip Balm 10g,Personal Care,Lip Care,550,17.7,43450.0,-1.4,Regular consumer demand,Normal Trading,Stockout for 4 days - lost 57 units,Stable,None,No Winter relevance,None,6% avg weekend uplift,4,57,Seasonal factor: No Winter relevance; Inventory issue: Stockout for 4 days - lost 57 units
December,2024,SKU0086,Health Drink 1kg,Beverages,Health Drinks,915,29.5,301035.0,-1.6,Regular consumer demand,Normal Trading,Adequate inventory maintained,Stable,None,No Winter relevance,None,12% avg weekend uplift,0,0,Seasonal factor: No Winter relevance
December,2024,SKU0130,Frozen Parotta 400g,Frozen Foods,Frozen Foods,540,17.4,33480.0,2.5,Regular consumer demand,Normal Trading,Adequate inventory maintained,Stable,None,No Winter relevance,None,15% avg weekend uplift,0,0,Seasonal factor: No Winter relevance
December,2024,SKU0081,Tea Powder 1kg,Beverages,Tea,770,24.8,207130.0,3.5,Regular consumer demand,Normal Trading,Adequate inventory maintained,Stable,None,No Winter relevance,None,12% avg weekend uplift,0,0,Seasonal factor: No Winter relevance
December,2024,SKU0084,Instant Coffee 200g,Beverages,Coffee,770,24.8,130130.0,-0.6,Regular consumer demand,Normal Trading,Adequate inventory maintained,Stable,None,No Winter relevance,None,12% avg weekend uplift,0,0,Seasonal factor: No Winter relevance
December,2024,SKU0246,Frozen Chapati 20pcs,Frozen Foods,Frozen Foods,1161,37.5,161379.0,24.8,Regular consumer demand,Weekend/Demand Surge,Adequate inventory maintained,Moderate Increase,None,No Winter relevance,None,15% avg weekend uplift,0,0,Seasonal factor: No Winter relevance
December,2024,SKU0291,Christmas Chocolates 24pcs,Snacks,Chocolates,947,30.5,1324853.0,90.9,Christmas demand surge - Christmas,Festival - Christmas,Adequate inventory maintained,Strong Increase,Christmas,No Winter relevance,None,17% avg weekend uplift,0,0,Festival demand: Christmas; Seasonal factor: No Winter relevance; Significant demand spike - review forecast
December,2024,SKU0026,Coriander Powder 200g,Grocery,Spices,731,23.6,38012.0,17.9,Regular consumer demand,Normal Trading,Adequate inventory maintained,Stable,None,No Winter relevance,None,4% avg weekend uplift,0,0,Seasonal factor: No Winter relevance
December,2024,SKU0036,Vermicelli 500g,Grocery,Pasta,454,14.6,32688.0,-8.5,Regular consumer demand,Normal Trading,Stockout for 3 days - lost 35 units,Stable,None,No Winter relevance,None,4% avg weekend uplift,3,35,Seasonal factor: No Winter relevance; Inventory issue: Stockout for 3 days - lost 35 units
December,2024,SKU0077,Lassi 200ml,Dairy,Beverages,744,24.0,23808.0,0.0,Regular consumer demand,Normal Trading,Low stock impact - 71 units missed opportunity,Stable,None,No Winter relevance,None,7% avg weekend uplift,0,71,Seasonal factor: No Winter relevance
December,2024,SKU0150,Sugarcane Per Stick,Fruits & Vegetables,Fruits,316,10.2,7268.0,1.9,Regular consumer demand,Normal Trading,Adequate inventory maintained,Stable,None,No Winter relevance,None,9% avg weekend uplift,0,0,Seasonal factor: No Winter relevance
December,2024,SKU0210,Earphones Wired,Electronics,Electronics,191,6.2,80029.0,2.7,Regular consumer demand,Normal Trading,Stockout for 2 days - lost 10 units,Stable,None,No Winter relevance,None,2% avg weekend uplift,2,10,Seasonal factor: No Winter relevance; Inventory issue: Stockout for 2 days - lost 10 units; Niche product - irregular demand pattern
December,2024,SKU0119,Bread Loaf 400g,Bakery,Bakery,1027,33.1,43134.0,-5.3,Regular consumer demand,Normal Trading,Adequate inventory maintained,Stable,None,No Winter relevance,None,10% avg weekend uplift,0,0,Seasonal factor: No Winter relevance
December,2024,SKU0161,Diya Lamps 10pcs,Household,Religious,436,14.1,60604.0,17.2,Regular consumer demand,Normal Trading,Adequate inventory maintained,Stable,None,No Winter relevance,None,3% avg weekend uplift,0,0,Seasonal factor: No Winter relevance
December,2024,SKU0261,Cheese Balls 150g,Snacks,Snacks,162,5.2,19278.0,-12.9,Regular consumer demand,Normal Trading,Stockout for 2 days - lost 8 units,Moderate Decline,None,No Winter relevance,None,5% avg weekend uplift,2,8,Seasonal factor: No Winter relevance; Inventory issue: Stockout for 2 days - lost 8 units; Niche product - irregular demand pattern
December,2024,SKU0193,Shaving Razor 2pcs,Personal Care,Grooming,916,29.5,154804.0,1.9,Regular consumer demand,Normal Trading,Adequate inventory maintained,Stable,None,No Winter relevance,None,6% avg weekend uplift,0,0,Seasonal factor: No Winter relevance
December,2024,SKU0011,Urad Dal 1kg,Grocery,Pulses,850,27.4,160650.0,-5.5,Regular consumer demand,Normal Trading,Adequate inventory maintained,Stable,None,No Winter relevance,None,4% avg weekend uplift,0,0,Seasonal factor: No Winter relevance
December,2024,SKU0052,Quinoa 500g,Grocery,Grains,94,3.0,25286.0,1.1,Regular consumer demand,Normal Trading,Low stock impact - 7 units missed opportunity,Stable,None,No Winter relevance,None,1% avg weekend uplift,0,7,Seasonal factor: No Winter relevance; Niche product - irregular demand pattern
December,2024,SKU0020,Jaggery 1kg,Grocery,Sweeteners,709,22.9,56011.0,-8.5,Regular consumer demand,Normal Trading,Low stock impact - 68 units missed opportunity,Stable,None,No Winter relevance,None,4% avg weekend uplift,0,68,Seasonal factor: No Winter relevance
December,2024,SKU0149,Coconut Per Piece,Fruits & Vegetables,Fruits,294,9.5,9408.0,18.5,Regular consumer demand,Normal Trading,Adequate inventory maintained,Stable,None,No Winter relevance,None,9% avg weekend uplift,0,0,Seasonal factor: No Winter relevance
December,2024,SKU0253,Dry Fruit Mix 1kg,Grocery,Nuts,930,30.0,743070.0,57.9,Winter demand - Dry Fruit,Seasonal - Winter,Adequate inventory maintained,Strong Increase,None,Winter demand - Dry Fruit,None,4% avg weekend uplift,0,0,Seasonal factor: Winter demand - Dry Fruit; Significant demand spike - review forecast
December,2024,SKU0031,Cashew Nuts 500g,Grocery,Nuts,326,10.5,130074.0,5.2,Regular consumer demand,Normal Trading,Adequate inventory maintained,Stable,None,No Winter relevance,None,4% avg weekend uplift,0,0,Seasonal factor: No Winter relevance
December,2024,SKU0213,Mixer Grinder 750W,Electronics,Appliances,285,9.2,769215.0,14.9,Regular consumer demand,Normal Trading,Adequate inventory maintained,Stable,None,No Winter relevance,None,2% avg weekend uplift,0,0,Seasonal factor: No Winter relevance; Niche product - irregular demand pattern
December,2024,SKU0245,Instant Upma Mix 500g,Grocery,Mixes,749,24.2,66661.0,15.1,Regular consumer demand,Normal Trading,Adequate inventory maintained,Stable,None,No Winter relevance,None,4% avg weekend uplift,0,0,Seasonal factor: No Winter relevance
December,2024,SKU0181,Bath Soap 150g,Personal Care,Bath Soaps,893,28.8,37506.0,20.0,Regular consumer demand,Normal Trading,Adequate inventory maintained,Moderate Increase,None,No Winter relevance,None,6% avg weekend uplift,0,0,Seasonal factor: No Winter relevance
December,2024,SKU0143,Garlic 250g,Fruits & Vegetables,Vegetables,780,25.2,40560.0,-3.2,Regular consumer demand,Normal Trading,Stockout for 5 days - lost 85 units,Stable,None,No Winter relevance,None,9% avg weekend uplift,5,85,Seasonal factor: No Winter relevance; Inventory issue: Stockout for 5 days - lost 85 units
December,2024,SKU0044,Cornflakes 500g,Grocery,Breakfast,818,26.4,130062.0,-9.0,Regular consumer demand,Normal Trading,Adequate inventory maintained,Stable,None,No Winter relevance,None,4% avg weekend uplift,0,0,Seasonal factor: No Winter relevance
December,2024,SKU0290,Decorative Candles 6pcs,Household,Decorations,897,28.9,124683.0,52.3,"Christmas demand surge - Decorative, Christmas",Festival - Christmas,Adequate inventory maintained,Strong Increase,Christmas,No Winter relevance,None,3% avg weekend uplift,0,0,Festival demand: Christmas; Seasonal factor: No Winter relevance; Significant demand spike - review forecast
December,2024,SKU0234,Bluetooth Speaker Portable,Electronics,Electronics,114,3.7,159486.0,-8.1,Regular consumer demand,Normal Trading,Adequate inventory maintained,Stable,None,No Winter relevance,None,2% avg weekend uplift,0,0,Seasonal factor: No Winter relevance; Niche product - irregular demand pattern
December,2024,SKU0230,Pongal Pot Set,Household,Religious,426,13.7,195534.0,5.7,Regular consumer demand,Normal Trading,Adequate inventory maintained,Stable,None,No Winter relevance,None,3% avg weekend uplift,0,0,Seasonal factor: No Winter relevance
December,2024,SKU0115,Salted Peanuts 200g,Snacks,Nuts,950,30.6,75050.0,22.6,Regular consumer demand,Weekend/Demand Surge,Adequate inventory maintained,Moderate Increase,None,No Winter relevance,None,17% avg weekend uplift,0,0,Seasonal factor: No Winter relevance
December,2024,SKU0090,Mineral Water 1L,Beverages,Beverages,754,24.3,14326.0,15.8,Regular consumer demand,Normal Trading,Adequate inventory maintained,Stable,None,No Winter relevance,None,12% avg weekend uplift,0,0,Seasonal factor: No Winter relevance
December,2024,SKU0108,Chocolate Cookies 200g,Snacks,Biscuits,953,30.7,75287.0,92.1,Christmas demand surge - Chocolate,Festival - Christmas,Adequate inventory maintained,Strong Increase,Christmas,No Winter relevance,None,17% avg weekend uplift,0,0,Festival demand: Christmas; Seasonal factor: No Winter relevance; Significant demand spike - review forecast
December,2024,SKU0229,Santa Cap Free Size,Lifestyle,Clothing,1089,35.1,151371.0,84.9,"Christmas demand surge - Christmas, Santa",Festival - Christmas,Low stock impact - 47 units missed opportunity,Strong Increase,Christmas,No Winter relevance,None,7% avg weekend uplift,0,47,Festival demand: Christmas; Seasonal factor: No Winter relevance; Significant demand spike - review forecast
December,2024,SKU0225,Plastic Chairs Single,Lifestyle,Furniture,183,5.9,113277.0,-1.6,Regular consumer demand,Normal Trading,Stockout for 5 days - lost 27 units,Stable,None,No Winter relevance,None,2% avg weekend uplift,5,27,Seasonal factor: No Winter relevance; Inventory issue: Stockout for 5 days - lost 27 units; Niche product - irregular demand pattern
December,2024,SKU0259,Fresh Lime Soda 250ml,Beverages,Beverages,602,19.4,25284.0,7.9,Regular consumer demand,Normal Trading,Adequate inventory maintained,Stable,None,No Winter relevance,None,12% avg weekend uplift,0,0,Seasonal factor: No Winter relevance
December,2024,SKU0059,Green Gram 1kg,Grocery,Pulses,821,26.5,73069.0,15.1,Regular consumer demand,Normal Trading,Adequate inventory maintained,Stable,None,No Winter relevance,None,4% avg weekend uplift,0,0,Seasonal factor: No Winter relevance
December,2024,SKU0293,Silk Saree Combo Festival Pack,Lifestyle,Clothing,567,18.3,2097333.0,21.9,Regular consumer demand,Weekend/Demand Surge,Adequate inventory maintained,Moderate Increase,None,No Winter relevance,None,7% avg weekend uplift,0,0,Seasonal factor: No Winter relevance
December,2024,SKU0124,Birthday Cake 1kg,Bakery,Bakery,210,6.8,96390.0,35.5,Christmas demand surge - Cake,Festival - Christmas,Low stock impact - 23 units missed opportunity,Moderate Increase,Christmas,No Winter relevance,None,3% avg weekend uplift,0,23,Festival demand: Christmas; Seasonal factor: No Winter relevance; Niche product - irregular demand pattern
December,2024,SKU0260,Sports Drink 250ml,Beverages,Beverages,442,14.3,22984.0,-4.9,Regular consumer demand,Normal Trading,Adequate inventory maintained,Stable,None,No Winter relevance,None,12% avg weekend uplift,0,0,Seasonal factor: No Winter relevance
December,2024,SKU0103,Murukku 250g,Snacks,Traditional Snacks,568,18.3,67592.0,14.5,Regular consumer demand,Normal Trading,Adequate inventory maintained,Stable,None,No Winter relevance,None,17% avg weekend uplift,0,0,Seasonal factor: No Winter relevance
December,2024,SKU0166,Detergent Powder 2kg,Household,Laundry,575,18.5,131675.0,-11.7,Regular consumer demand,Normal Trading,Adequate inventory maintained,Moderate Decline,None,No Winter relevance,None,3% avg weekend uplift,0,0,Seasonal factor: No Winter relevance
December,2024,SKU0164,Dishwash Liquid 750ml,Household,Cleaning,541,17.5,75199.0,2.7,Regular consumer demand,Normal Trading,Adequate inventory maintained,Stable,None,No Winter relevance,None,3% avg weekend uplift,0,0,Seasonal factor: No Winter relevance
December,2024,SKU0167,Detergent Powder 2kg,Household,Laundry,681,22.0,183189.0,4.6,Regular consumer demand,Normal Trading,Low stock impact - 42 units missed opportunity,Stable,None,No Winter relevance,None,3% avg weekend uplift,0,42,Seasonal factor: No Winter relevance
December,2024,SKU0105,Banana Chips 250g,Snacks,Chips,897,28.9,79833.0,-0.2,Regular consumer demand,Normal Trading,Adequate inventory maintained,Stable,None,No Winter relevance,None,17% avg weekend uplift,0,0,Seasonal factor: No Winter relevance
December,2024,SKU0035,Dates Premium 500g,Grocery,Nuts,495,16.0,133155.0,6.5,Regular consumer demand,Normal Trading,Low stock impact - 40 units missed opportunity,Stable,None,No Winter relevance,None,4% avg weekend uplift,0,40,Seasonal factor: No Winter relevance
December,2024,SKU0042,Pickle Jar 500g,Grocery,Condiments,501,16.2,59619.0,7.7,Regular consumer demand,Normal Trading,Adequate inventory maintained,Stable,None,No Winter relevance,None,4% avg weekend uplift,0,0,Seasonal factor: No Winter relevance
December,2024,SKU0095,Badam Milk 180ml,Beverages,Beverages,620,20.0,26040.0,11.1,Regular consumer demand,Normal Trading,Low stock impact - 60 units missed opportunity,Stable,None,No Winter relevance,None,12% avg weekend uplift,0,60,Seasonal factor: No Winter relevance
December,2024,SKU0203,Pencil Box 10pcs,Stationery,Stationery,55,1.8,7645.0,-11.3,Regular consumer demand,Normal Trading,Adequate inventory maintained,Moderate Decline,None,No Winter relevance,None,1% avg weekend uplift,0,0,Seasonal factor: No Winter relevance
December,2024,SKU0111,Halwa Pack 500g,Snacks,Traditional Sweets,791,25.5,212779.0,27.6,Regular consumer demand,Weekend/Demand Surge,Adequate inventory maintained,Moderate Increase,None,No Winter relevance,None,17% avg weekend uplift,0,0,Seasonal factor: No Winter relevance
December,2024,SKU0156,Cucumber 1kg,Fruits & Vegetables,Vegetables,882,28.5,28224.0,1.6,Regular consumer demand,Normal Trading,Adequate inventory maintained,Stable,None,No Winter relevance,None,9% avg weekend uplift,0,0,Seasonal factor: No Winter relevance
December,2024,SKU0023,Rock Salt 500g,Grocery,Salt,657,21.2,21024.0,11.5,Regular consumer demand,Normal Trading,Adequate inventory maintained,Stable,None,No Winter relevance,None,4% avg weekend uplift,0,0,Seasonal factor: No Winter relevance
December,2024,SKU0002,Ponni Rice 10kg,Grocery,Rice,655,21.1,850845.0,-8.1,Regular consumer demand,Normal Trading,Adequate inventory maintained,Stable,None,No Winter relevance,None,4% avg weekend uplift,0,0,Seasonal factor: No Winter relevance
December,2024,SKU0187,Toothpaste 150g,Personal Care,Oral Care,751,24.2,54072.0,-6.8,Regular consumer demand,Normal Trading,Adequate inventory maintained,Stable,None,No Winter relevance,None,6% avg weekend uplift,0,0,Seasonal factor: No Winter relevance
December,2024,SKU0275,Kitchen Towels 2 Rolls,Household,Kitchenware,846,27.3,100674.0,-2.5,Regular consumer demand,Normal Trading,Adequate inventory maintained,Stable,None,No Winter relevance,None,3% avg weekend uplift,0,0,Seasonal factor: No Winter relevance
December,2024,SKU0192,Perfume Gift Set,Personal Care,Fragrances,683,22.0,545717.0,46.9,Christmas demand surge - Gift,Festival - Christmas,Adequate inventory maintained,Moderate Increase,Christmas,No Winter relevance,None,6% avg weekend uplift,0,0,Festival demand: Christmas; Seasonal factor: No Winter relevance
December,2024,SKU0008,Maida Flour 1kg,Grocery,Flour,593,19.1,24906.0,-8.9,Regular consumer demand,Normal Trading,Low stock impact - 42 units missed opportunity,Stable,None,No Winter relevance,None,4% avg weekend uplift,0,42,Seasonal factor: No Winter relevance
December,2024,SKU0239,Vitamin Supplements 30 tabs,Personal Care,Health,716,23.1,235564.0,5.0,Regular consumer demand,Normal Trading,Adequate inventory maintained,Stable,None,No Winter relevance,None,6% avg weekend uplift,0,0,Seasonal factor: No Winter relevance
December,2024,SKU0160,Camphor 100g,Household,Religious,231,7.5,20559.0,-6.9,Regular consumer demand,Normal Trading,Adequate inventory maintained,Stable,None,No Winter relevance,None,3% avg weekend uplift,0,0,Seasonal factor: No Winter relevance
December,2024,SKU0298,Pongal Sugar Pack 2kg,Grocery,Sweeteners,312,10.1,52728.0,11.8,Regular consumer demand,Normal Trading,Adequate inventory maintained,Stable,None,No Winter relevance,None,4% avg weekend uplift,0,0,Seasonal factor: No Winter relevance
December,2024,SKU0054,Honey 500g,Grocery,Sweeteners,829,26.7,131811.0,-10.9,Regular consumer demand,Normal Trading,Low stock impact - 47 units missed opportunity,Moderate Decline,None,No Winter relevance,None,4% avg weekend uplift,0,47,Seasonal factor: No Winter relevance
December,2024,SKU0263,Frozen Veg Burger Patty 400g,Frozen Foods,Frozen Foods,180,5.8,35820.0,16.1,Regular consumer demand,Normal Trading,Adequate inventory maintained,Stable,None,No Winter relevance,None,4% avg weekend uplift,0,0,Seasonal factor: No Winter relevance; Niche product - irregular demand pattern
December,2024,SKU0019,Ghee 1L,Grocery,Ghee,1065,34.4,552735.0,43.1,Winter demand - Ghee,Seasonal - Winter,Adequate inventory maintained,Moderate Increase,None,Winter demand - Ghee,None,4% avg weekend uplift,0,0,Seasonal factor: Winter demand - Ghee
December,2024,SKU0070,Ice Cream Family Pack 1L,Dairy,Frozen,1058,34.1,178802.0,70.6,"Christmas demand surge - Ice Cream, Christmas",Festival - Christmas,Adequate inventory maintained,Strong Increase,Christmas,No Winter relevance,None,7% avg weekend uplift,0,0,Festival demand: Christmas; Seasonal factor: No Winter relevance; Significant demand spike - review forecast
December,2024,SKU0147,Watermelon Per Piece,Fruits & Vegetables,Fruits,351,11.3,21762.0,-5.6,Regular consumer demand,Normal Trading,Stockout for 3 days - lost 30 units,Stable,None,No Winter relevance,None,9% avg weekend uplift,3,30,Seasonal factor: No Winter relevance; Inventory issue: Stockout for 3 days - lost 30 units
December,2024,SKU0286,Dry Fruit Gift Hamper Combo,Grocery,Gift Sets,596,19.2,714604.0,113.6,Christmas demand surge - Gift; Winter demand - Dry Fruit,Festival - Christmas,Adequate inventory maintained,Strong Increase,Christmas,Winter demand - Dry Fruit,None,4% avg weekend uplift,0,0,Festival demand: Christmas; Seasonal factor: Winter demand - Dry Fruit; Significant demand spike - review forecast
December,2024,SKU0047,Biryani Masala 100g,Grocery,Spices,594,19.2,24948.0,6.5,Regular consumer demand,Normal Trading,Adequate inventory maintained,Stable,None,No Winter relevance,None,4% avg weekend uplift,0,0,Seasonal factor: No Winter relevance
December,2024,SKU0182,Bath Soap 125g,Personal Care,Bath Soaps,450,14.5,27900.0,-9.3,Regular consumer demand,Normal Trading,Low stock impact - 22 units missed opportunity,Stable,None,No Winter relevance,None,6% avg weekend uplift,0,22,Seasonal factor: No Winter relevance
December,2024,SKU0183,Shampoo Sachet 6ml,Personal Care,Hair Care,996,32.1,4980.0,19.0,Regular consumer demand,Normal Trading,Adequate inventory maintained,Stable,None,No Winter relevance,None,6% avg weekend uplift,0,0,Seasonal factor: No Winter relevance
December,2024,SKU0069,Flavored Yogurt 90g,Dairy,Dairy,199,6.4,8358.0,7.0,Regular consumer demand,Normal Trading,Adequate inventory maintained,Stable,None,No Winter relevance,None,2% avg weekend uplift,0,0,Seasonal factor: No Winter relevance; Niche product - irregular demand pattern
December,2024,SKU0007,Wheat Flour Atta 5kg,Grocery,Atta,565,18.2,168935.0,7.2,Regular consumer demand,Normal Trading,Adequate inventory maintained,Stable,None,No Winter relevance,None,4% avg weekend uplift,0,0,Seasonal factor: No Winter relevance
December,2024,SKU0276,Match Box 10pcs,Household,Household,840,27.1,19320.0,-3.2,Regular consumer demand,Normal Trading,Adequate inventory maintained,Stable,None,No Winter relevance,None,3% avg weekend uplift,0,0,Seasonal factor: No Winter relevance
December,2024,SKU0096,Fruit Syrup 750ml,Beverages,Syrups,403,13.0,64077.0,18.2,Regular consumer demand,Normal Trading,Adequate inventory maintained,Stable,None,No Winter relevance,None,12% avg weekend uplift,0,0,Seasonal factor: No Winter relevance
December,2024,SKU0079,Probiotic Drink 5pcs,Dairy,Beverages,119,3.8,14161.0,-4.0,Regular consumer demand,Normal Trading,Adequate inventory maintained,Stable,None,No Winter relevance,None,2% avg weekend uplift,0,0,Seasonal factor: No Winter relevance; Niche product - irregular demand pattern
December,2024,SKU0078,Dairy Whitener 400g,Dairy,Dairy,864,27.9,120096.0,-0.5,Regular consumer demand,Normal Trading,Adequate inventory maintained,Stable,None,No Winter relevance,None,7% avg weekend uplift,0,0,Seasonal factor: No Winter relevance
December,2024,SKU0116,Namkeen Mix 400g,Snacks,Traditional Snacks,660,21.3,91740.0,6.5,Regular consumer demand,Normal Trading,Adequate inventory maintained,Stable,None,No Winter relevance,None,17% avg weekend uplift,0,0,Seasonal factor: No Winter relevance
December,2024,SKU0281,Mosquito Bat Rechargeable,Household,Pest Control,641,20.7,210889.0,8.8,Regular consumer demand,Normal Trading,Adequate inventory maintained,Stable,None,No Winter relevance,None,3% avg weekend uplift,0,0,Seasonal factor: No Winter relevance
December,2024,SKU0226,Saree Gift Pack Silk Blend,Lifestyle,Clothing,422,13.6,1138978.0,51.3,Christmas demand surge - Gift,Festival - Christmas,Adequate inventory maintained,Strong Increase,Christmas,No Winter relevance,None,7% avg weekend uplift,0,0,Festival demand: Christmas; Seasonal factor: No Winter relevance; Significant demand spike - review forecast
December,2024,SKU0238,Face Mask Pack 3pcs,Personal Care,Beauty,203,6.5,46487.0,-6.5,Regular consumer demand,Normal Trading,Adequate inventory maintained,Stable,None,No Winter relevance,None,2% avg weekend uplift,0,0,Seasonal factor: No Winter relevance; Niche product - irregular demand pattern
December,2024,SKU0299,Ramadan Combo Kit,Grocery,Gift Sets,914,29.5,730286.0,47.4,Christmas demand surge - Gift,Festival - Christmas,Adequate inventory maintained,Moderate Increase,Christmas,No Winter relevance,None,4% avg weekend uplift,0,0,Festival demand: Christmas; Seasonal factor: No Winter relevance
December,2024,SKU0050,Sugar Candy 250g,Grocery,Sweeteners,418,13.5,30096.0,-10.1,Regular consumer demand,Normal Trading,Adequate inventory maintained,Moderate Decline,None,No Winter relevance,None,4% avg weekend uplift,0,0,Seasonal factor: No Winter relevance
December,2024,SKU0128,Donuts 2pcs,Bakery,Bakery,192,6.2,22848.0,-11.5,Regular consumer demand,Normal Trading,Adequate inventory maintained,Moderate Decline,None,No Winter relevance,None,3% avg weekend uplift,0,0,Seasonal factor: No Winter relevance; Niche product - irregular demand pattern
December,2024,SKU0272,Lunch Box Medium,Household,Kitchenware,639,20.6,171891.0,3.1,Regular consumer demand,Normal Trading,Low stock impact - 47 units missed opportunity,Stable,None,No Winter relevance,None,3% avg weekend uplift,0,47,Seasonal factor: No Winter relevance
December,2024,SKU0244,Green Peas Masala 200g,Grocery,Mixes,185,6.0,14615.0,-0.5,Regular consumer demand,Normal Trading,Adequate inventory maintained,Stable,None,No Winter relevance,None,1% avg weekend uplift,0,0,Seasonal factor: No Winter relevance; Niche product - irregular demand pattern
December,2024,SKU0014,Groundnut Oil 1L,Grocery,Oil,447,14.4,57663.0,-3.9,Regular consumer demand,Normal Trading,Adequate inventory maintained,Stable,None,No Winter relevance,None,4% avg weekend uplift,0,0,Seasonal factor: No Winter relevance
December,2024,SKU0106,Popcorn 100g,Snacks,Chips,682,22.0,28644.0,15.8,Regular consumer demand,Normal Trading,Stockout for 4 days - lost 73 units,Stable,None,No Winter relevance,None,17% avg weekend uplift,4,73,Seasonal factor: No Winter relevance; Inventory issue: Stockout for 4 days - lost 73 units
December,2024,SKU0013,Chana Dal 1kg,Grocery,Pulses,827,26.7,131493.0,-4.7,Regular consumer demand,Normal Trading,Low stock impact - 34 units missed opportunity,Stable,None,No Winter relevance,None,4% avg weekend uplift,0,34,Seasonal factor: No Winter relevance
December,2024,SKU0029,Pepper Powder 100g,Grocery,Spices,1040,33.5,123760.0,15.7,Regular consumer demand,Normal Trading,Adequate inventory maintained,Stable,None,No Winter relevance,None,4% avg weekend uplift,0,0,Seasonal factor: No Winter relevance
December,2024,SKU0218,Umbrella Large,Lifestyle,Rainwear,365,11.8,120085.0,17.7,Regular consumer demand,Normal Trading,Adequate inventory maintained,Stable,None,No Winter relevance,None,7% avg weekend uplift,0,0,Seasonal factor: No Winter relevance
December,2024,SKU0287,Festival Sweet Combo 2kg,Snacks,Traditional Sweets,443,14.3,353957.0,58.8,Winter demand - Sweet,Seasonal - Winter,Adequate inventory maintained,Strong Increase,None,Winter demand - Sweet,None,17% avg weekend uplift,0,0,Seasonal factor: Winter demand - Sweet; Significant demand spike - review forecast
December,2024,SKU0037,Aval / Poha 1kg,Grocery,Breakfast,709,22.9,43958.0,-8.5,Regular consumer demand,Normal Trading,Adequate inventory maintained,Stable,None,No Winter relevance,None,4% avg weekend uplift,0,0,Seasonal factor: No Winter relevance
December,2024,SKU0127,Plum Cake 500g,Bakery,Bakery,679,21.9,182651.0,68.5,"Christmas demand surge - Cake, Plum, Christmas",Festival - Christmas,Adequate inventory maintained,Strong Increase,Christmas,No Winter relevance,None,10% avg weekend uplift,0,0,Festival demand: Christmas; Seasonal factor: No Winter relevance; Significant demand spike - review forecast
December,2024,SKU0198,Baby Powder 200g,Personal Care,Baby Care,909,29.3,126351.0,-2.3,Regular consumer demand,Normal Trading,Adequate inventory maintained,Stable,None,No Winter relevance,None,6% avg weekend uplift,0,0,Seasonal factor: No Winter relevance
December,2024,SKU0028,Rasam Powder 200g,Grocery,Spices,715,23.1,51480.0,-3.9,Regular consumer demand,Normal Trading,Adequate inventory maintained,Stable,None,No Winter relevance,None,4% avg weekend uplift,0,0,Seasonal factor: No Winter relevance
December,2024,SKU0121,Burger Buns 4pcs,Bakery,Bakery,888,28.6,28416.0,6.1,Regular consumer demand,Normal Trading,Low stock impact - 88 units missed opportunity,Stable,None,No Winter relevance,None,10% avg weekend uplift,0,88,Seasonal factor: No Winter relevance
December,2024,SKU0269,Hair Gel 100ml,Personal Care,Hair Care,229,7.4,31831.0,-7.7,Regular consumer demand,Normal Trading,Adequate inventory maintained,Stable,None,No Winter relevance,None,2% avg weekend uplift,0,0,Seasonal factor: No Winter relevance; Niche product - irregular demand pattern
December,2024,SKU0284,Coconut Scraper Manual,Household,Kitchenware,89,2.9,23941.0,-4.3,Regular consumer demand,Normal Trading,Adequate inventory maintained,Stable,None,No Winter relevance,None,1% avg weekend uplift,0,0,Seasonal factor: No Winter relevance; Niche product - irregular demand pattern
December,2024,SKU0135,Ice Cubes 1kg,Frozen Foods,Frozen Foods,319,10.3,13398.0,14.3,Regular consumer demand,Normal Trading,Adequate inventory maintained,Stable,None,No Winter relevance,None,15% avg weekend uplift,0,0,Seasonal factor: No Winter relevance
December,2024,SKU0243,Instant Soup 3 Pack,Grocery,Instant Foods,485,15.6,67415.0,4.3,Regular consumer demand,Normal Trading,Adequate inventory maintained,Stable,None,No Winter relevance,None,4% avg weekend uplift,0,0,Seasonal factor: No Winter relevance
December,2024,SKU0040,Tamarind 500g,Grocery,Spices,672,21.7,59808.0,-5.8,Regular consumer demand,Normal Trading,Adequate inventory maintained,Stable,None,No Winter relevance,None,4% avg weekend uplift,0,0,Seasonal factor: No Winter relevance
December,2024,SKU0258,Instant Coffee Sachet 10pcs,Beverages,Coffee,687,22.2,42594.0,16.6,Regular consumer demand,Normal Trading,Adequate inventory maintained,Stable,None,No Winter relevance,None,12% avg weekend uplift,0,0,Seasonal factor: No Winter relevance
December,2024,SKU0242,Salt Biscuits 300g,Snacks,Biscuits,690,22.3,42780.0,6.0,Regular consumer demand,Normal Trading,Adequate inventory maintained,Stable,None,No Winter relevance,None,17% avg weekend uplift,0,0,Seasonal factor: No Winter relevance
December,2024,SKU0112,Sweet Box Assorted 1kg,Snacks,Traditional Sweets,930,30.0,426870.0,50.0,Winter demand - Sweet,Seasonal - Winter,Low stock impact - 73 units missed opportunity,Moderate Increase,None,Winter demand - Sweet,None,17% avg weekend uplift,0,73,Seasonal factor: Winter demand - Sweet
December,2024,SKU0211,USB Cable 1m,Electronics,Electronics,98,3.2,22442.0,5.4,Regular consumer demand,Normal Trading,Low stock impact - 5 units missed opportunity,Stable,None,No Winter relevance,None,2% avg weekend uplift,0,5,Seasonal factor: No Winter relevance; Niche product - irregular demand pattern
December,2024,SKU0273,Vacuum Flask 1L,Household,Kitchenware,168,5.4,70392.0,8.4,Regular consumer demand,Normal Trading,Adequate inventory maintained,Stable,None,No Winter relevance,None,1% avg weekend uplift,0,0,Seasonal factor: No Winter relevance; Niche product - irregular demand pattern
December,2024,SKU0274,Plastic Storage Container Set,Household,Kitchenware,90,2.9,71910.0,-3.2,Regular consumer demand,Normal Trading,Stockout for 5 days - lost 9 units,Stable,None,No Winter relevance,None,1% avg weekend uplift,5,9,Seasonal factor: No Winter relevance; Inventory issue: Stockout for 5 days - lost 9 units; Niche product - irregular demand pattern
December,2024,SKU0093,Tender Coconut Water 250ml,Beverages,Beverages,202,6.5,8484.0,8.6,Regular consumer demand,Normal Trading,Adequate inventory maintained,Stable,None,No Winter relevance,None,3% avg weekend uplift,0,0,Seasonal factor: No Winter relevance; Niche product - irregular demand pattern
December,2024,SKU0120,Bread Loaf 400g,Bakery,Bakery,1667,53.8,65013.0,22.2,Regular consumer demand,Weekend/Demand Surge,Adequate inventory maintained,Moderate Increase,None,No Winter relevance,None,10% avg weekend uplift,0,0,Seasonal factor: No Winter relevance
December,2024,SKU0228,Christmas Tree Decor Combo,Household,Decorations,884,28.5,706316.0,67.7,Christmas demand surge - Christmas,Festival - Christmas,Low stock impact - 38 units missed opportunity,Strong Increase,Christmas,No Winter relevance,None,3% avg weekend uplift,0,38,Festival demand: Christmas; Seasonal factor: No Winter relevance; Significant demand spike - review forecast
December,2024,SKU0233,Drinking Water Can 20L,Beverages,Beverages,730,23.5,57670.0,23.9,Regular consumer demand,Weekend/Demand Surge,Adequate inventory maintained,Moderate Increase,None,No Winter relevance,None,12% avg weekend uplift,0,0,Seasonal factor: No Winter relevance
December,2024,SKU0185,Hair Oil 500ml,Personal Care,Hair Care,594,19.2,82566.0,0.8,Regular consumer demand,Normal Trading,Adequate inventory maintained,Stable,None,No Winter relevance,None,6% avg weekend uplift,0,0,Seasonal factor: No Winter relevance
December,2024,SKU0016,Gingelly Oil 1L,Grocery,Oil,579,18.7,103641.0,16.7,Regular consumer demand,Normal Trading,Adequate inventory maintained,Stable,None,No Winter relevance,None,4% avg weekend uplift,0,0,Seasonal factor: No Winter relevance
December,2024,SKU0110,Dry Fruit Laddu Box 500g,Snacks,Traditional Sweets,881,28.4,325089.0,67.2,Winter demand - Dry Fruit,Seasonal - Winter,Low stock impact - 75 units missed opportunity,Strong Increase,None,Winter demand - Dry Fruit,None,17% avg weekend uplift,0,75,Seasonal factor: Winter demand - Dry Fruit; Significant demand spike - review forecast
December,2024,SKU0022,Salt 1kg,Grocery,Salt,717,23.1,18642.0,0.6,Regular consumer demand,Normal Trading,Adequate inventory maintained,Stable,None,No Winter relevance,None,4% avg weekend uplift,0,0,Seasonal factor: No Winter relevance
December,2024,SKU0153,Orange 1kg,Fruits & Vegetables,Fruits,894,28.8,79566.0,20.2,Regular consumer demand,Weekend/Demand Surge,Adequate inventory maintained,Moderate Increase,None,No Winter relevance,None,9% avg weekend uplift,0,0,Seasonal factor: No Winter relevance
December,2024,SKU0017,Coconut Oil 1L,Grocery,Oil,1059,34.2,147201.0,13.9,Regular consumer demand,Normal Trading,Adequate inventory maintained,Stable,None,No Winter relevance,None,4% avg weekend uplift,0,0,Seasonal factor: No Winter relevance
December,2024,SKU0278,LED Lantern Rechargeable,Electronics,Lighting,469,15.1,196511.0,16.4,Regular consumer demand,Normal Trading,Adequate inventory maintained,Stable,None,No Winter relevance,None,6% avg weekend uplift,0,0,Seasonal factor: No Winter relevance
December,2024,SKU0179,Banana Leaf Pack 10pcs,Grocery,Religious,267,8.6,21093.0,-4.3,Regular consumer demand,Normal Trading,Adequate inventory maintained,Stable,None,No Winter relevance,None,4% avg weekend uplift,0,0,Seasonal factor: No Winter relevance
December,2024,SKU0083,Filter Coffee Powder 500g,Beverages,Coffee,822,26.5,188238.0,26.3,Regular consumer demand,Weekend/Demand Surge,Adequate inventory maintained,Moderate Increase,None,No Winter relevance,None,12% avg weekend uplift,0,0,Seasonal factor: No Winter relevance
December,2024,SKU0237,Hair Dryer 1200W,Electronics,Electronics,109,3.5,130691.0,-12.1,Regular consumer demand,Normal Trading,Adequate inventory maintained,Moderate Decline,None,No Winter relevance,None,2% avg weekend uplift,0,0,Seasonal factor: No Winter relevance; Niche product - irregular demand pattern
December,2024,SKU0256,Vermicelli Kheer Mix 200g,Grocery,Mixes,283,9.1,20376.0,-8.7,Regular consumer demand,Normal Trading,Adequate inventory maintained,Stable,None,No Winter relevance,None,4% avg weekend uplift,0,0,Seasonal factor: No Winter relevance
December,2024,SKU0197,Baby Soap 100g,Personal Care,Baby Care,839,27.1,66281.0,4.1,Regular consumer demand,Normal Trading,Stockout for 4 days - lost 80 units,Stable,None,No Winter relevance,None,6% avg weekend uplift,4,80,Seasonal factor: No Winter relevance; Inventory issue: Stockout for 4 days - lost 80 units
December,2024,SKU0262,Protein Shake 400g,Beverages,Health Drinks,221,7.1,92599.0,1.8,Regular consumer demand,Normal Trading,Adequate inventory maintained,Stable,None,No Winter relevance,None,3% avg weekend uplift,0,0,Seasonal factor: No Winter relevance; Niche product - irregular demand pattern
December,2024,SKU0092,Rose Milk 200ml,Beverages,Beverages,88,2.8,2816.0,-5.4,Regular consumer demand,Normal Trading,Adequate inventory maintained,Stable,None,No Winter relevance,None,3% avg weekend uplift,0,0,Seasonal factor: No Winter relevance; Niche product - irregular demand pattern
December,2024,SKU0199,Hand Wash 750ml,Personal Care,Hygiene,557,18.0,94133.0,12.3,Regular consumer demand,Normal Trading,Adequate inventory maintained,Stable,None,No Winter relevance,None,6% avg weekend uplift,0,0,Seasonal factor: No Winter relevance
December,2024,SKU0131,Frozen Fries 420g,Frozen Foods,Frozen Foods,856,27.6,118984.0,-1.4,Regular consumer demand,Normal Trading,Adequate inventory maintained,Stable,None,No Winter relevance,None,15% avg weekend uplift,0,0,Seasonal factor: No Winter relevance
December,2024,SKU0057,Pasta Sauce 300g,Grocery,Condiments,233,7.5,20737.0,-6.0,Regular consumer demand,Normal Trading,Adequate inventory maintained,Stable,None,No Winter relevance,None,1% avg weekend uplift,0,0,Seasonal factor: No Winter relevance; Niche product - irregular demand pattern
December,2024,SKU0099,Cold Coffee 180ml,Beverages,Beverages,584,18.8,24528.0,-0.8,Regular consumer demand,Normal Trading,Adequate inventory maintained,Stable,None,No Winter relevance,None,12% avg weekend uplift,0,0,Seasonal factor: No Winter relevance
December,2024,SKU0051,Organic Brown Rice 5kg,Grocery,Rice,197,6.4,90423.0,-9.2,Regular consumer demand,Normal Trading,Adequate inventory maintained,Stable,None,No Winter relevance,None,1% avg weekend uplift,0,0,Seasonal factor: No Winter relevance; Niche product - irregular demand pattern
December,2024,SKU0191,Deodorant Spray 150ml,Personal Care,Deodorants,771,24.9,176559.0,-4.3,Regular consumer demand,Normal Trading,Adequate inventory maintained,Stable,None,No Winter relevance,None,6% avg weekend uplift,0,0,Seasonal factor: No Winter relevance
December,2024,SKU0254,Pista Cookies 400g,Snacks,Biscuits,336,10.8,76944.0,8.4,Regular consumer demand,Normal Trading,Adequate inventory maintained,Stable,None,No Winter relevance,None,17% avg weekend uplift,0,0,Seasonal factor: No Winter relevance
December,2024,SKU0205,Printer Paper 500 sheets,Stationery,Stationery,98,3.2,26362.0,5.4,Regular consumer demand,Normal Trading,Adequate inventory maintained,Stable,None,No Winter relevance,None,1% avg weekend uplift,0,0,Seasonal factor: No Winter relevance
December,2024,SKU0074,Greek Yogurt 400g,Dairy,Dairy,253,8.2,30107.0,2.0,Regular consumer demand,Normal Trading,Adequate inventory maintained,Stable,None,No Winter relevance,None,2% avg weekend uplift,0,0,Seasonal factor: No Winter relevance; Niche product - irregular demand pattern
December,2024,SKU0232,Disposable Plates & Cups 50pcs,Household,Party Supplies,456,14.7,104424.0,-8.1,Regular consumer demand,Normal Trading,Adequate inventory maintained,Stable,None,No Winter relevance,None,3% avg weekend uplift,0,0,Seasonal factor: No Winter relevance
December,2024,SKU0168,Fabric Conditioner 860ml,Household,Laundry,84,2.7,13356.0,-9.7,Regular consumer demand,Normal Trading,Adequate inventory maintained,Stable,None,No Winter relevance,None,1% avg weekend uplift,0,0,Seasonal factor: No Winter relevance; Niche product - irregular demand pattern
December,2024,SKU0009,Rava / Sooji 1kg,Grocery,Flour,513,16.5,26676.0,-2.7,Regular consumer demand,Normal Trading,Adequate inventory maintained,Stable,None,No Winter relevance,None,4% avg weekend uplift,0,0,Seasonal factor: No Winter relevance
December,2024,SKU0046,Nutella Spread 350g,Grocery,Spreads,220,7.1,59180.0,1.4,Regular consumer demand,Normal Trading,Adequate inventory maintained,Stable,None,No Winter relevance,None,1% avg weekend uplift,0,0,Seasonal factor: No Winter relevance; Niche product - irregular demand pattern
December,2024,SKU0221,Bedsheet Queen Size,Lifestyle,Bedding,531,17.1,424269.0,7.1,Regular consumer demand,Normal Trading,Adequate inventory maintained,Stable,None,No Winter relevance,None,7% avg weekend uplift,0,0,Seasonal factor: No Winter relevance
December,2024,SKU0300,Diwali Gift Hamper,Grocery,Gift Sets,718,23.2,860882.0,54.4,Christmas demand surge - Gift,Festival - Christmas,Low stock impact - 35 units missed opportunity,Strong Increase,Christmas,No Winter relevance,None,4% avg weekend uplift,0,35,Festival demand: Christmas; Seasonal factor: No Winter relevance; Significant demand spike - review forecast
December,2024,SKU0114,Nachos 150g,Snacks,Chips,140,4.5,12460.0,-9.7,Regular consumer demand,Normal Trading,Adequate inventory maintained,Stable,None,No Winter relevance,None,5% avg weekend uplift,0,0,Seasonal factor: No Winter relevance; Niche product - irregular demand pattern
December,2024,SKU0027,Sambar Powder 500g,Grocery,Spices,871,28.1,77519.0,8.1,Regular consumer demand,Normal Trading,Adequate inventory maintained,Stable,None,No Winter relevance,None,4% avg weekend uplift,0,0,Seasonal factor: No Winter relevance
December,2024,SKU0236,Trimmer Rechargeable,Electronics,Electronics,81,2.6,64719.0,-12.9,Regular consumer demand,Normal Trading,Adequate inventory maintained,Moderate Decline,None,No Winter relevance,None,2% avg weekend uplift,0,0,Seasonal factor: No Winter relevance; Niche product - irregular demand pattern
December,2024,SKU0089,Soda Bottles 750ml,Beverages,Beverages,684,22.1,21888.0,0.3,Regular consumer demand,Normal Trading,Adequate inventory maintained,Stable,None,No Winter relevance,None,12% avg weekend uplift,0,0,Seasonal factor: No Winter relevance
December,2024,SKU0145,Apple 1kg,Fruits & Vegetables,Fruits,528,17.0,89232.0,-5.4,Regular consumer demand,Normal Trading,Adequate inventory maintained,Stable,None,No Winter relevance,None,9% avg weekend uplift,0,0,Seasonal factor: No Winter relevance
December,2024,SKU0202,Ball Pen Pack 10pcs,Stationery,Stationery,641,20.7,39742.0,3.4,Regular consumer demand,Normal Trading,Adequate inventory maintained,Stable,None,No Winter relevance,None,3% avg weekend uplift,0,0,Seasonal factor: No Winter relevance
December,2024,SKU0250,Coconut Cookies 200g,Snacks,Biscuits,884,28.5,63648.0,18.8,Regular consumer demand,Normal Trading,Adequate inventory maintained,Stable,None,No Winter relevance,None,17% avg weekend uplift,0,0,Seasonal factor: No Winter relevance
December,2024,SKU0172,Mosquito Refill 45ml,Household,Pest Control,731,23.6,101609.0,-5.7,Regular consumer demand,Normal Trading,Adequate inventory maintained,Stable,None,No Winter relevance,None,3% avg weekend uplift,0,0,Seasonal factor: No Winter relevance
December,2024,SKU0034,Raisins 250g,Grocery,Nuts,701,22.6,118469.0,13.1,Regular consumer demand,Normal Trading,Adequate inventory maintained,Stable,None,No Winter relevance,None,4% avg weekend uplift,0,0,Seasonal factor: No Winter relevance
December,2024,SKU0148,Mango 1kg,Fruits & Vegetables,Fruits,370,11.9,51430.0,8.5,Regular consumer demand,Normal Trading,Adequate inventory maintained,Stable,None,No Winter relevance,None,9% avg weekend uplift,0,0,Seasonal factor: No Winter relevance
December,2024,SKU0157,Carrot 1kg,Fruits & Vegetables,Vegetables,751,24.2,39052.0,-3.1,Regular consumer demand,Normal Trading,Low stock impact - 33 units missed opportunity,Stable,None,No Winter relevance,None,9% avg weekend uplift,0,33,Seasonal factor: No Winter relevance
December,2024,SKU0107,Biscuit Pack 300g,Snacks,Biscuits,680,21.9,48960.0,15.4,Regular consumer demand,Normal Trading,Adequate inventory maintained,Stable,None,No Winter relevance,None,17% avg weekend uplift,0,0,Seasonal factor: No Winter relevance
December,2024,SKU0184,Shampoo Bottle 340ml,Personal Care,Hair Care,625,20.2,168125.0,12.0,Regular consumer demand,Normal Trading,Adequate inventory maintained,Stable,None,No Winter relevance,None,6% avg weekend uplift,0,0,Seasonal factor: No Winter relevance
December,2024,SKU0196,Baby Lotion 200ml,Personal Care,Baby Care,1023,33.0,234267.0,10.0,Regular consumer demand,Normal Trading,Adequate inventory maintained,Stable,None,No Winter relevance,None,6% avg weekend uplift,0,0,Seasonal factor: No Winter relevance
December,2024,SKU0200,Hand Sanitizer 500ml,Personal Care,Hygiene,569,18.4,90471.0,14.7,Regular consumer demand,Normal Trading,Adequate inventory maintained,Stable,None,No Winter relevance,None,6% avg weekend uplift,0,0,Seasonal factor: No Winter relevance
December,2024,SKU0208,Extension Box 4 socket,Electronics,Electrical,120,3.9,55080.0,-3.2,Regular consumer demand,Normal Trading,Adequate inventory maintained,Stable,None,No Winter relevance,None,2% avg weekend uplift,0,0,Seasonal factor: No Winter relevance; Niche product - irregular demand pattern
December,2024,SKU0214,Rice Cooker 1.8L,Electronics,Appliances,123,4.0,258177.0,-0.8,Regular consumer demand,Normal Trading,Adequate inventory maintained,Stable,None,No Winter relevance,None,2% avg weekend uplift,0,0,Seasonal factor: No Winter relevance; Niche product - irregular demand pattern
December,2024,SKU0289,Pooja Oil 500ml,Grocery,Religious,473,15.3,79937.0,-10.2,Regular consumer demand,Normal Trading,Adequate inventory maintained,Moderate Decline,None,No Winter relevance,None,4% avg weekend uplift,0,0,Seasonal factor: No Winter relevance
December,2024,SKU0295,Kids Festive Wear Medium,Lifestyle,Clothing,668,21.5,934532.0,13.4,Regular consumer demand,Normal Trading,Low stock impact - 51 units missed opportunity,Stable,None,No Winter relevance,None,7% avg weekend uplift,0,51,Seasonal factor: No Winter relevance
December,2024,SKU0075,Imported Cheese 200g,Dairy,Dairy,144,4.6,32976.0,-7.1,Regular consumer demand,Normal Trading,Adequate inventory maintained,Stable,None,No Winter relevance,None,2% avg weekend uplift,0,0,Seasonal factor: No Winter relevance; Niche product - irregular demand pattern
December,2024,SKU0235,Smart Watch Standard,Electronics,Electronics,127,4.1,291973.0,2.4,Regular consumer demand,Normal Trading,Adequate inventory maintained,Stable,None,No Winter relevance,None,2% avg weekend uplift,0,0,Seasonal factor: No Winter relevance; Niche product - irregular demand pattern
December,2024,SKU0072,Condensed Milk 400g,Dairy,Dairy,521,16.8,72419.0,52.8,Christmas demand surge - Christmas,Festival - Christmas,Low stock impact - 51 units missed opportunity,Strong Increase,Christmas,No Winter relevance,None,7% avg weekend uplift,0,51,Festival demand: Christmas; Seasonal factor: No Winter relevance; Significant demand spike - review forecast
December,2024,SKU0117,Energy Bar 6pcs,Snacks,Health Bars,137,4.4,36853.0,-11.6,Regular consumer demand,Normal Trading,Stockout for 3 days - lost 13 units,Moderate Decline,None,No Winter relevance,None,5% avg weekend uplift,3,13,Seasonal factor: No Winter relevance; Inventory issue: Stockout for 3 days - lost 13 units; Niche product - irregular demand pattern
December,2024,SKU0067,Cheese Slices 200g,Dairy,Dairy,988,31.9,117572.0,9.9,Regular consumer demand,Normal Trading,Adequate inventory maintained,Stable,None,No Winter relevance,None,7% avg weekend uplift,0,0,Seasonal factor: No Winter relevance
December,2024,SKU0091,Mango Juice 1L,Beverages,Juices,964,31.1,85796.0,11.1,Regular consumer demand,Normal Trading,Adequate inventory maintained,Stable,None,No Winter relevance,None,12% avg weekend uplift,0,0,Seasonal factor: No Winter relevance
December,2024,SKU0227,Dhoti Set XL,Lifestyle,Clothing,438,14.1,349962.0,0.9,Regular consumer demand,Normal Trading,Adequate inventory maintained,Stable,None,No Winter relevance,None,7% avg weekend uplift,0,0,Seasonal factor: No Winter relevance
December,2024,SKU0279,Mobile Power Bank 10000mAh,Electronics,Electronics,146,4.7,204254.0,-5.8,Regular consumer demand,Normal Trading,Low stock impact - 15 units missed opportunity,Stable,None,No Winter relevance,None,2% avg weekend uplift,0,15,Seasonal factor: No Winter relevance; Niche product - irregular demand pattern
December,2024,SKU0056,Pasta 500g,Grocery,Pasta,585,18.9,46215.0,4.8,Regular consumer demand,Normal Trading,Adequate inventory maintained,Stable,None,No Winter relevance,None,4% avg weekend uplift,0,0,Seasonal factor: No Winter relevance
December,2024,SKU0177,Steel Tiffin Box 3-tier,Household,Kitchenware,90,2.9,41310.0,-3.2,Regular consumer demand,Normal Trading,Adequate inventory maintained,Stable,None,No Winter relevance,None,1% avg weekend uplift,0,0,Seasonal factor: No Winter relevance; Niche product - irregular demand pattern
December,2024,SKU0216,Emergency Lamp Rechargeable,Electronics,Lighting,452,14.6,361148.0,-8.9,Regular consumer demand,Normal Trading,Low stock impact - 14 units missed opportunity,Stable,None,No Winter relevance,None,6% avg weekend uplift,0,14,Seasonal factor: No Winter relevance
December,2024,SKU0024,Turmeric Powder 200g,Grocery,Spices,883,28.5,54746.0,1.7,Regular consumer demand,Normal Trading,Adequate inventory maintained,Stable,None,No Winter relevance,None,4% avg weekend uplift,0,0,Seasonal factor: No Winter relevance
December,2024,SKU0162,Decorative Lights 20m,Household,Decorations,378,12.2,173502.0,52.4,Christmas demand surge - Decorative,Festival - Christmas,Adequate inventory maintained,Strong Increase,Christmas,No Winter relevance,None,3% avg weekend uplift,0,0,Festival demand: Christmas; Seasonal factor: No Winter relevance; Significant demand spike - review forecast
December,2024,SKU0163,Rangoli Powder 500g,Household,Decorations,598,19.3,37076.0,7.2,Regular consumer demand,Normal Trading,Low stock impact - 29 units missed opportunity,Stable,None,No Winter relevance,None,3% avg weekend uplift,0,29,Seasonal factor: No Winter relevance
December,2024,SKU0064,Curd Cup 400g,Dairy,Dairy,1157,37.3,48594.0,-6.7,Regular consumer demand,Normal Trading,Adequate inventory maintained,Stable,None,No Winter relevance,None,7% avg weekend uplift,0,0,Seasonal factor: No Winter relevance
December,2024,SKU0126,Croissants 6pcs,Bakery,Bakery,128,4.1,17792.0,3.2,Regular consumer demand,Normal Trading,Low stock impact - 4 units missed opportunity,Stable,None,No Winter relevance,None,3% avg weekend uplift,0,4,Seasonal factor: No Winter relevance; Niche product - irregular demand pattern
December,2024,SKU0134,Frozen Sweet Corn 500g,Frozen Foods,Frozen Foods,1027,33.1,101673.0,44.0,Winter demand - Sweet,Seasonal - Winter,Adequate inventory maintained,Moderate Increase,None,Winter demand - Sweet,None,15% avg weekend uplift,0,0,Seasonal factor: Winter demand - Sweet
December,2024,SKU0141,Green Chilli 250g,Fruits & Vegetables,Vegetables,881,28.4,28192.0,1.5,Regular consumer demand,Normal Trading,Stockout for 2 days - lost 39 units,Stable,None,No Winter relevance,None,9% avg weekend uplift,2,39,Seasonal factor: No Winter relevance; Inventory issue: Stockout for 2 days - lost 39 units
December,2024,SKU0025,Chilli Powder 500g,Grocery,Spices,621,20.0,49059.0,17.8,Regular consumer demand,Normal Trading,Adequate inventory maintained,Stable,None,No Winter relevance,None,4% avg weekend uplift,0,0,Seasonal factor: No Winter relevance
December,2024,SKU0297,Temple Coconut Pack 5pcs,Fruits & Vegetables,Fruits,510,16.5,86190.0,2.8,Regular consumer demand,Normal Trading,Adequate inventory maintained,Stable,None,No Winter relevance,None,9% avg weekend uplift,0,0,Seasonal factor: No Winter relevance
December,2024,SKU0018,Ghee 500ml,Grocery,Ghee,1034,33.4,278146.0,19.1,Winter demand - Ghee,Seasonal - Winter,Adequate inventory maintained,Stable,None,Winter demand - Ghee,None,4% avg weekend uplift,0,0,Seasonal factor: Winter demand - Ghee
December,2024,SKU0174,Pressure Cooker 5L,Household,Cookware,85,2.7,101915.0,-8.6,Regular consumer demand,Normal Trading,Adequate inventory maintained,Stable,None,No Winter relevance,None,1% avg weekend uplift,0,0,Seasonal factor: No Winter relevance; Niche product - irregular demand pattern
December,2024,SKU0175,Non-Stick Pan 28cm,Household,Cookware,215,6.9,171785.0,15.6,Regular consumer demand,Normal Trading,Adequate inventory maintained,Stable,None,No Winter relevance,None,1% avg weekend uplift,0,0,Seasonal factor: No Winter relevance; Niche product - irregular demand pattern
December,2024,SKU0212,Electric Kettle 1.5L,Electronics,Appliances,201,6.5,240999.0,8.1,Regular consumer demand,Normal Trading,Adequate inventory maintained,Stable,None,No Winter relevance,None,2% avg weekend uplift,0,0,Seasonal factor: No Winter relevance; Niche product - irregular demand pattern
December,2024,SKU0270,Beard Oil 50ml,Personal Care,Grooming,163,5.3,43847.0,5.2,Regular consumer demand,Normal Trading,Adequate inventory maintained,Stable,None,No Winter relevance,None,2% avg weekend uplift,0,0,Seasonal factor: No Winter relevance; Niche product - irregular demand pattern
December,2024,SKU0033,Pistachios 250g,Grocery,Nuts,350,11.3,146650.0,-5.9,Regular consumer demand,Normal Trading,Adequate inventory maintained,Stable,None,No Winter relevance,None,4% avg weekend uplift,0,0,Seasonal factor: No Winter relevance
December,2024,SKU0048,Chicken Masala 100g,Grocery,Spices,246,7.9,9594.0,-0.8,Regular consumer demand,Normal Trading,Adequate inventory maintained,Stable,None,No Winter relevance,None,4% avg weekend uplift,0,0,Seasonal factor: No Winter relevance
December,2024,SKU0049,Semiya Payasam Mix 200g,Grocery,Mixes,354,11.4,21948.0,3.8,Regular consumer demand,Normal Trading,Adequate inventory maintained,Stable,None,No Winter relevance,None,4% avg weekend uplift,0,0,Seasonal factor: No Winter relevance
December,2024,SKU0231,Turmeric Plant Bundle,Fruits & Vegetables,Plants,721,23.3,56959.0,22.4,Regular consumer demand,Weekend/Demand Surge,Adequate inventory maintained,Moderate Increase,None,No Winter relevance,None,9% avg weekend uplift,0,0,Seasonal factor: No Winter relevance
December,2024,SKU0154,Grapes 500g,Fruits & Vegetables,Fruits,727,23.5,86513.0,17.3,Regular consumer demand,Normal Trading,Adequate inventory maintained,Stable,None,No Winter relevance,None,9% avg weekend uplift,0,0,Seasonal factor: No Winter relevance
December,2024,SKU0085,Health Drink 500g,Beverages,Health Drinks,668,21.5,106212.0,13.4,Regular consumer demand,Normal Trading,Low stock impact - 52 units missed opportunity,Stable,None,No Winter relevance,None,12% avg weekend uplift,0,52,Seasonal factor: No Winter relevance
December,2024,SKU0100,Electrolyte Drink 500ml,Beverages,Beverages,597,19.3,47163.0,13.3,Regular consumer demand,Normal Trading,Adequate inventory maintained,Stable,None,No Winter relevance,None,12% avg weekend uplift,0,0,Seasonal factor: No Winter relevance
December,2024,SKU0255,Saffron 1g,Grocery,Spices,101,3.3,80699.0,8.6,Regular consumer demand,Normal Trading,Adequate inventory maintained,Stable,None,No Winter relevance,None,1% avg weekend uplift,0,0,Seasonal factor: No Winter relevance; Niche product - irregular demand pattern
December,2024,SKU0073,Fresh Cream 250ml,Dairy,Dairy,911,29.4,71969.0,63.3,Christmas demand surge - Christmas,Festival - Christmas,Adequate inventory maintained,Strong Increase,Christmas,No Winter relevance,None,7% avg weekend uplift,0,0,Festival demand: Christmas; Seasonal factor: No Winter relevance; Significant demand spike - review forecast
December,2024,SKU0012,Moong Dal 1kg,Grocery,Pulses,661,21.3,111709.0,18.5,Regular consumer demand,Normal Trading,Adequate inventory maintained,Stable,None,No Winter relevance,None,4% avg weekend uplift,0,0,Seasonal factor: No Winter relevance
December,2024,SKU0186,Toothpaste 200g,Personal Care,Oral Care,496,16.0,44144.0,-15.8,Regular consumer demand,Normal Trading,Stockout for 4 days - lost 63 units,Moderate Decline,None,No Winter relevance,None,6% avg weekend uplift,4,63,Seasonal factor: No Winter relevance; Inventory issue: Stockout for 4 days - lost 63 units
December,2024,SKU0068,Buttermilk 200ml,Dairy,Beverages,1179,38.0,27117.0,18.9,Regular consumer demand,Normal Trading,Adequate inventory maintained,Stable,None,No Winter relevance,None,7% avg weekend uplift,0,0,Seasonal factor: No Winter relevance
December,2024,SKU0271,Wall Clock Standard,Household,Home Decor,130,4.2,42770.0,4.8,Regular consumer demand,Normal Trading,Adequate inventory maintained,Stable,None,No Winter relevance,None,1% avg weekend uplift,0,0,Seasonal factor: No Winter relevance
December,2024,SKU0282,Hand Blender Standard,Electronics,Appliances,205,6.6,286795.0,-5.5,Regular consumer demand,Normal Trading,Adequate inventory maintained,Stable,None,No Winter relevance,None,2% avg weekend uplift,0,0,Seasonal factor: No Winter relevance; Niche product - irregular demand pattern
December,2024,SKU0071,Ice Cream Cone Pack 6pcs,Dairy,Frozen,557,18.0,66283.0,49.7,Christmas demand surge - Ice Cream,Festival - Christmas,Adequate inventory maintained,Moderate Increase,Christmas,No Winter relevance,None,7% avg weekend uplift,0,0,Festival demand: Christmas; Seasonal factor: No Winter relevance
December,2024,SKU0188,Toothbrush 2pcs,Personal Care,Oral Care,578,18.6,80342.0,-6.8,Regular consumer demand,Normal Trading,Adequate inventory maintained,Stable,None,No Winter relevance,None,6% avg weekend uplift,0,0,Seasonal factor: No Winter relevance
December,2024,SKU0266,Toilet Cleaner 1L,Household,Cleaning,479,15.5,80951.0,-3.4,Regular consumer demand,Normal Trading,Adequate inventory maintained,Stable,None,No Winter relevance,None,3% avg weekend uplift,0,0,Seasonal factor: No Winter relevance
December,2024,SKU0125,Rusks 300g,Bakery,Bakery,684,22.1,42408.0,-8.1,Regular consumer demand,Normal Trading,Low stock impact - 28 units missed opportunity,Stable,None,No Winter relevance,None,10% avg weekend uplift,0,28,Seasonal factor: No Winter relevance
December,2024,SKU0032,Almonds 500g,Grocery,Nuts,476,15.4,237524.0,-4.0,Regular consumer demand,Normal Trading,Adequate inventory maintained,Stable,None,No Winter relevance,None,4% avg weekend uplift,0,0,Seasonal factor: No Winter relevance
December,2024,SKU0053,Chia Seeds 250g,Grocery,Seeds,206,6.6,47174.0,10.8,Regular consumer demand,Normal Trading,Adequate inventory maintained,Stable,None,No Winter relevance,None,1% avg weekend uplift,0,0,Seasonal factor: No Winter relevance; Niche product - irregular demand pattern
December,2024,SKU0087,Soft Drink Cola 2L,Beverages,Soft Drinks,446,14.4,35234.0,59.9,Christmas demand surge - Soft Drink,Festival - Christmas,Adequate inventory maintained,Strong Increase,Christmas,No Winter relevance,None,12% avg weekend uplift,0,0,Festival demand: Christmas; Seasonal factor: No Winter relevance; Significant demand spike - review forecast
December,2024,SKU0088,Soft Drink Orange 2L,Beverages,Soft Drinks,519,16.7,41001.0,52.2,Christmas demand surge - Soft Drink,Festival - Christmas,Adequate inventory maintained,Strong Increase,Christmas,No Winter relevance,None,12% avg weekend uplift,0,0,Festival demand: Christmas; Seasonal factor: No Winter relevance; Significant demand spike - review forecast
December,2024,SKU0102,Magic Masala Chips 75g,Snacks,Chips,877,28.3,28064.0,13.2,Regular consumer demand,Normal Trading,Adequate inventory maintained,Stable,None,No Winter relevance,None,17% avg weekend uplift,0,0,Seasonal factor: No Winter relevance
December,2024,SKU0133,Frozen Peas 500g,Frozen Foods,Frozen Foods,684,22.1,60876.0,0.3,Regular consumer demand,Normal Trading,Adequate inventory maintained,Stable,None,No Winter relevance,None,15% avg weekend uplift,0,0,Seasonal factor: No Winter relevance
December,2024,SKU0170,Aluminum Foil 9m,Household,Kitchen,786,25.4,69954.0,5.6,Regular consumer demand,Normal Trading,Adequate inventory maintained,Stable,None,No Winter relevance,None,3% avg weekend uplift,0,0,Seasonal factor: No Winter relevance
December,2024,SKU0204,School Bag Medium,Stationery,Bags,394,12.7,314806.0,5.9,Regular consumer demand,Normal Trading,Adequate inventory maintained,Stable,None,No Winter relevance,None,3% avg weekend uplift,0,0,Seasonal factor: No Winter relevance
December,2024,SKU0209,Mobile Charger 18W,Electronics,Electronics,264,8.5,163416.0,6.5,Regular consumer demand,Normal Trading,Adequate inventory maintained,Stable,None,No Winter relevance,None,2% avg weekend uplift,0,0,Seasonal factor: No Winter relevance; Niche product - irregular demand pattern
December,2024,SKU0288,Prayer Oil Lamp Brass,Household,Religious,457,14.7,191483.0,-1.7,Regular consumer demand,Normal Trading,Low stock impact - 40 units missed opportunity,Stable,None,No Winter relevance,None,3% avg weekend uplift,0,40,Seasonal factor: No Winter relevance
December,2024,SKU0146,Pomegranate 1kg,Fruits & Vegetables,Fruits,505,16.3,135845.0,1.8,Regular consumer demand,Normal Trading,Adequate inventory maintained,Stable,None,No Winter relevance,None,9% avg weekend uplift,0,0,Seasonal factor: No Winter relevance
December,2024,SKU0104,Mixture Snacks 500g,Snacks,Traditional Snacks,630,20.3,106470.0,19.5,Regular consumer demand,Normal Trading,Adequate inventory maintained,Stable,None,No Winter relevance,None,17% avg weekend uplift,0,0,Seasonal factor: No Winter relevance
December,2024,SKU0137,Frozen Momos 500g,Frozen Foods,Frozen Foods,89,2.9,17711.0,-4.3,Regular consumer demand,Normal Trading,Adequate inventory maintained,Stable,None,No Winter relevance,None,4% avg weekend uplift,0,0,Seasonal factor: No Winter relevance; Niche product - irregular demand pattern
December,2024,SKU0004,Raw Rice 25kg,Grocery,Rice,491,15.8,736009.0,-6.8,Regular consumer demand,Normal Trading,Adequate inventory maintained,Stable,None,No Winter relevance,None,4% avg weekend uplift,0,0,Seasonal factor: No Winter relevance
December,2024,SKU0129,Garlic Bread 200g,Bakery,Bakery,95,3.1,6840.0,2.2,Regular consumer demand,Normal Trading,Adequate inventory maintained,Stable,None,No Winter relevance,None,3% avg weekend uplift,0,0,Seasonal factor: No Winter relevance; Niche product - irregular demand pattern
December,2024,SKU0142,Ginger 250g,Fruits & Vegetables,Vegetables,950,30.6,58900.0,5.7,Regular consumer demand,Normal Trading,Adequate inventory maintained,Stable,None,No Winter relevance,None,9% avg weekend uplift,0,0,Seasonal factor: No Winter relevance
December,2024,SKU0006,Wheat Flour Atta 5kg,Grocery,Atta,655,21.1,189295.0,-8.1,Regular consumer demand,Normal Trading,Adequate inventory maintained,Stable,None,No Winter relevance,None,4% avg weekend uplift,0,0,Seasonal factor: No Winter relevance
December,2024,SKU0122,Pizza Base 200g,Bakery,Bakery,93,3.0,5766.0,0.0,Regular consumer demand,Normal Trading,Adequate inventory maintained,Stable,None,No Winter relevance,None,3% avg weekend uplift,0,0,Seasonal factor: No Winter relevance; Niche product - irregular demand pattern
December,2024,SKU0109,Chocolate Gift Box 500g,Snacks,Chocolates,749,24.2,343791.0,61.1,"Christmas demand surge - Chocolate, Gift, Christmas",Festival - Christmas,Adequate inventory maintained,Strong Increase,Christmas,No Winter relevance,None,17% avg weekend uplift,0,0,Festival demand: Christmas; Seasonal factor: No Winter relevance; Significant demand spike - review forecast
December,2024,SKU0215,Induction Stove 1800W,Electronics,Appliances,108,3.5,334692.0,-12.9,Regular consumer demand,Normal Trading,Adequate inventory maintained,Moderate Decline,None,No Winter relevance,None,2% avg weekend uplift,0,0,Seasonal factor: No Winter relevance; Niche product - irregular demand pattern
December,2024,SKU0190,Talcum Powder 400g,Personal Care,Skin Care,530,17.1,47170.0,-5.0,Regular consumer demand,Normal Trading,Adequate inventory maintained,Stable,None,No Winter relevance,None,6% avg weekend uplift,0,0,Seasonal factor: No Winter relevance
December,2024,SKU0223,Blanket Double,Lifestyle,Bedding,1329,42.9,1593471.0,138.2,Winter demand - Blanket,Seasonal - Winter,Adequate inventory maintained,Strong Increase,None,Winter demand - Blanket,None,7% avg weekend uplift,0,0,Seasonal factor: Winter demand - Blanket; Significant demand spike - review forecast
December,2024,SKU0180,Kumkum Powder 50g,Household,Religious,645,20.8,27090.0,15.6,Regular consumer demand,Normal Trading,Adequate inventory maintained,Stable,None,No Winter relevance,None,3% avg weekend uplift,0,0,Seasonal factor: No Winter relevance
December,2024,SKU0247,Cheese Popcorn 100g,Snacks,Snacks,124,4.0,7688.0,0.0,Regular consumer demand,Normal Trading,Adequate inventory maintained,Stable,None,No Winter relevance,None,5% avg weekend uplift,0,0,Seasonal factor: No Winter relevance; Niche product - irregular demand pattern
December,2024,SKU0001,Ponni Rice 25kg,Grocery,Rice,528,17.0,844272.0,-10.4,Regular consumer demand,Normal Trading,Adequate inventory maintained,Moderate Decline,None,No Winter relevance,None,4% avg weekend uplift,0,0,Seasonal factor: No Winter relevance
December,2024,SKU0241,Coconut Biscuits 200g,Snacks,Biscuits,729,23.5,37908.0,23.8,Regular consumer demand,Weekend/Demand Surge,Adequate inventory maintained,Moderate Increase,None,No Winter relevance,None,17% avg weekend uplift,0,0,Seasonal factor: No Winter relevance
December,2024,SKU0248,Fruit Jam 500g,Grocery,Spreads,671,21.6,93269.0,-5.9,Regular consumer demand,Normal Trading,Adequate inventory maintained,Stable,None,No Winter relevance,None,4% avg weekend uplift,0,0,Seasonal factor: No Winter relevance
December,2024,SKU0252,Fruit Cake 300g,Bakery,Bakery,763,24.6,128947.0,64.1,"Christmas demand surge - Cake, Christmas",Festival - Christmas,Adequate inventory maintained,Strong Increase,Christmas,No Winter relevance,None,10% avg weekend uplift,0,0,Festival demand: Christmas; Seasonal factor: No Winter relevance; Significant demand spike - review forecast
December,2024,SKU0159,Agarbathi 100 sticks,Household,Religious,779,25.1,61541.0,14.2,Regular consumer demand,Normal Trading,Adequate inventory maintained,Stable,None,No Winter relevance,None,3% avg weekend uplift,0,0,Seasonal factor: No Winter relevance
December,2024,SKU0005,Basmati Rice 5kg,Grocery,Rice,1015,32.7,841435.0,9.1,Regular consumer demand,Normal Trading,Adequate inventory maintained,Stable,None,No Winter relevance,None,4% avg weekend uplift,0,0,Seasonal factor: No Winter relevance
December,2024,SKU0217,Smart LED Strip Lights 5m,Electronics,Lighting,565,18.2,677435.0,-4.1,Regular consumer demand,Normal Trading,Adequate inventory maintained,Stable,None,No Winter relevance,None,6% avg weekend uplift,0,0,Seasonal factor: No Winter relevance
December,2024,SKU0076,Flavored Milk 200ml,Dairy,Beverages,501,16.2,11523.0,-4.9,Regular consumer demand,Normal Trading,Stockout for 2 days - lost 28 units,Stable,None,No Winter relevance,None,7% avg weekend uplift,2,28,Seasonal factor: No Winter relevance; Inventory issue: Stockout for 2 days - lost 28 units
December,2024,SKU0101,Lays Chips 50g,Snacks,Chips,847,27.3,16093.0,13.8,Regular consumer demand,Normal Trading,Adequate inventory maintained,Stable,None,No Winter relevance,None,17% avg weekend uplift,0,0,Seasonal factor: No Winter relevance
December,2024,SKU0098,Lemon Juice 600ml,Beverages,Juices,707,22.8,43834.0,20.0,Regular consumer demand,Normal Trading,Adequate inventory maintained,Moderate Increase,None,No Winter relevance,None,12% avg weekend uplift,0,0,Seasonal factor: No Winter relevance
December,2024,SKU0015,Sunflower Oil 1L,Grocery,Oil,753,24.3,89607.0,1.2,Regular consumer demand,Normal Trading,Adequate inventory maintained,Stable,None,No Winter relevance,None,4% avg weekend uplift,0,0,Seasonal factor: No Winter relevance
December,2024,SKU0113,Kids Chocolate Pack,Snacks,Chocolates,727,23.5,268263.0,95.4,"Christmas demand surge - Chocolate, Christmas",Festival - Christmas,Adequate inventory maintained,Strong Increase,Christmas,No Winter relevance,None,17% avg weekend uplift,0,0,Festival demand: Christmas; Seasonal factor: No Winter relevance; Significant demand spike - review forecast
December,2024,SKU0152,Jasmine Flowers 100g,Fruits & Vegetables,Flowers,312,10.1,19344.0,11.8,Regular consumer demand,Normal Trading,Adequate inventory maintained,Stable,None,No Winter relevance,None,9% avg weekend uplift,0,0,Seasonal factor: No Winter relevance
December,2024,SKU0043,Oats 1kg,Grocery,Breakfast,780,25.2,139620.0,4.8,Regular consumer demand,Normal Trading,Adequate inventory maintained,Stable,None,No Winter relevance,None,4% avg weekend uplift,0,0,Seasonal factor: No Winter relevance
December,2024,SKU0219,Raincoat XL,Lifestyle,Rainwear,296,9.5,124024.0,-4.5,Regular consumer demand,Normal Trading,Adequate inventory maintained,Stable,None,No Winter relevance,None,7% avg weekend uplift,0,0,Seasonal factor: No Winter relevance
December,2024,SKU0003,Idly Rice 10kg,Grocery,Rice,637,20.5,763763.0,2.7,Regular consumer demand,Normal Trading,Low stock impact - 34 units missed opportunity,Stable,None,No Winter relevance,None,4% avg weekend uplift,0,34,Seasonal factor: No Winter relevance
December,2024,SKU0222,Pillow Cover Pair,Lifestyle,Bedding,561,18.1,128469.0,-4.8,Regular consumer demand,Normal Trading,Low stock impact - 40 units missed opportunity,Stable,None,No Winter relevance,None,7% avg weekend uplift,0,40,Seasonal factor: No Winter relevance
December,2024,SKU0144,Banana 1 dozen,Fruits & Vegetables,Fruits,885,28.5,37170.0,9.8,Regular consumer demand,Normal Trading,Adequate inventory maintained,Stable,None,No Winter relevance,None,9% avg weekend uplift,0,0,Seasonal factor: No Winter relevance
December,2024,SKU0249,Choco Spread 350g,Grocery,Spreads,199,6.4,53531.0,-19.8,Regular consumer demand,Normal Trading,Low stock impact - 23 units missed opportunity,Moderate Decline,None,No Winter relevance,None,1% avg weekend uplift,0,23,Seasonal factor: No Winter relevance; Niche product - irregular demand pattern
December,2024,SKU0055,Instant Noodles 12 Pack,Grocery,Instant Foods,601,19.4,83539.0,-7.7,Regular consumer demand,Normal Trading,Adequate inventory maintained,Stable,None,No Winter relevance,None,4% avg weekend uplift,0,0,Seasonal factor: No Winter relevance
December,2024,SKU0010,Toor Dal 1kg,Grocery,Pulses,543,17.5,97197.0,3.0,Regular consumer demand,Normal Trading,Adequate inventory maintained,Stable,None,No Winter relevance,None,4% avg weekend uplift,0,0,Seasonal factor: No Winter relevance
December,2024,SKU0066,Paneer 200g,Dairy,Dairy,1044,33.7,82476.0,-6.5,Regular consumer demand,Normal Trading,Low stock impact - 107 units missed opportunity,Stable,None,No Winter relevance,None,7% avg weekend uplift,0,107,Seasonal factor: No Winter relevance
December,2024,SKU0045,Peanut Butter 1kg,Grocery,Spreads,193,6.2,71217.0,3.8,Regular consumer demand,Normal Trading,Adequate inventory maintained,Stable,None,No Winter relevance,None,1% avg weekend uplift,0,0,Seasonal factor: No Winter relevance; Niche product - irregular demand pattern
December,2024,SKU0171,Tissue Paper 200 pulls,Household,Household,473,15.3,29326.0,-10.2,Regular consumer demand,Normal Trading,Adequate inventory maintained,Moderate Decline,None,No Winter relevance,None,3% avg weekend uplift,0,0,Seasonal factor: No Winter relevance
December,2024,SKU0169,Garbage Bags 30pcs,Household,Household,748,24.1,89012.0,-3.5,Regular consumer demand,Normal Trading,Adequate inventory maintained,Stable,None,No Winter relevance,None,3% avg weekend uplift,0,0,Seasonal factor: No Winter relevance
December,2024,SKU0189,Face Wash 100ml,Personal Care,Skin Care,847,27.3,117733.0,13.8,Regular consumer demand,Normal Trading,Adequate inventory maintained,Stable,None,No Winter relevance,None,6% avg weekend uplift,0,0,Seasonal factor: No Winter relevance
December,2024,SKU0277,Candle Pack 20pcs,Household,Religious,353,11.4,27887.0,13.9,Regular consumer demand,Normal Trading,Adequate inventory maintained,Stable,None,No Winter relevance,None,3% avg weekend uplift,0,0,Seasonal factor: No Winter relevance
December,2024,SKU0039,Ready Pongal Mix 500g,Grocery,Mixes,522,16.8,41238.0,-11.4,Regular consumer demand,Normal Trading,Adequate inventory maintained,Moderate Decline,None,No Winter relevance,None,4% avg weekend uplift,0,0,Seasonal factor: No Winter relevance
December,2024,SKU0041,Papad 200g,Grocery,Snacks,1027,33.1,43134.0,14.2,Regular consumer demand,Normal Trading,Adequate inventory maintained,Stable,None,No Winter relevance,None,4% avg weekend uplift,0,0,Seasonal factor: No Winter relevance
December,2024,SKU0194,Sanitary Pads XL Pack,Personal Care,Feminine Care,914,29.5,127046.0,5.3,Regular consumer demand,Normal Trading,Low stock impact - 66 units missed opportunity,Stable,None,No Winter relevance,None,6% avg weekend uplift,0,66,Seasonal factor: No Winter relevance
December,2024,SKU0201,Notebook A4 200 pages,Stationery,Stationery,107,3.5,8453.0,-13.7,Regular consumer demand,Normal Trading,Adequate inventory maintained,Moderate Decline,None,No Winter relevance,None,1% avg weekend uplift,0,0,Seasonal factor: No Winter relevance
December,2024,SKU0280,Bluetooth Earbuds TWS,Electronics,Electronics,99,3.2,227601.0,6.5,Regular consumer demand,Normal Trading,Adequate inventory maintained,Stable,None,No Winter relevance,None,2% avg weekend uplift,0,0,Seasonal factor: No Winter relevance; Niche product - irregular demand pattern
December,2024,SKU0030,Cardamom 50g,Grocery,Spices,519,16.7,139611.0,-1.5,Regular consumer demand,Normal Trading,Adequate inventory maintained,Stable,None,No Winter relevance,None,4% avg weekend uplift,0,0,Seasonal factor: No Winter relevance
December,2024,SKU0038,Millet Mix 1kg,Grocery,Grains,204,6.6,28356.0,-6.0,Regular consumer demand,Normal Trading,Adequate inventory maintained,Stable,None,No Winter relevance,None,1% avg weekend uplift,0,0,Seasonal factor: No Winter relevance; Niche product - irregular demand pattern
December,2024,SKU0220,Travel Bag Medium,Lifestyle,Luggage,191,6.2,267209.0,-12.0,Regular consumer demand,Normal Trading,Stockout for 3 days - lost 15 units,Moderate Decline,None,No Winter relevance,None,2% avg weekend uplift,3,15,Seasonal factor: No Winter relevance; Inventory issue: Stockout for 3 days - lost 15 units; Niche product - irregular demand pattern
December,2024,SKU0140,Potato 1kg,Fruits & Vegetables,Vegetables,1057,34.1,24311.0,3.3,Regular consumer demand,Normal Trading,Adequate inventory maintained,Stable,None,No Winter relevance,None,9% avg weekend uplift,0,0,Seasonal factor: No Winter relevance
December,2024,SKU0251,Herbal Tea 100g,Beverages,Tea,120,3.9,27480.0,-3.2,Regular consumer demand,Normal Trading,Adequate inventory maintained,Stable,None,No Winter relevance,None,3% avg weekend uplift,0,0,Seasonal factor: No Winter relevance; Niche product - irregular demand pattern
December,2024,SKU0257,Sweet Corn Soup 50g,Grocery,Instant Foods,438,14.1,18396.0,41.3,Winter demand - Sweet,Seasonal - Winter,Adequate inventory maintained,Moderate Increase,None,Winter demand - Sweet,None,4% avg weekend uplift,0,0,Seasonal factor: Winter demand - Sweet
December,2024,SKU0065,Butter 100g,Dairy,Dairy,725,23.4,64525.0,-6.5,Regular consumer demand,Normal Trading,Adequate inventory maintained,Stable,None,No Winter relevance,None,7% avg weekend uplift,0,0,Seasonal factor: No Winter relevance
December,2024,SKU0285,Steel Plates Set 6pcs,Household,Kitchenware,156,5.0,96564.0,0.6,Regular consumer demand,Normal Trading,Adequate inventory maintained,Stable,None,No Winter relevance,None,1% avg weekend uplift,0,0,Seasonal factor: No Winter relevance; Niche product - irregular demand pattern
December,2024,SKU0155,Pineapple Per Piece,Fruits & Vegetables,Fruits,1020,32.9,73440.0,13.5,Regular consumer demand,Normal Trading,Low stock impact - 100 units missed opportunity,Stable,None,No Winter relevance,None,9% avg weekend uplift,0,100,Seasonal factor: No Winter relevance
December,2024,SKU0292,Fruit Basket Combo,Fruits & Vegetables,Fruits,475,15.3,199025.0,2.2,Regular consumer demand,Normal Trading,Adequate inventory maintained,Stable,None,No Winter relevance,None,9% avg weekend uplift,0,0,Seasonal factor: No Winter relevance
December,2024,SKU0265,Laundry Liquid 1L,Household,Laundry,570,18.4,130530.0,-8.1,Regular consumer demand,Normal Trading,Adequate inventory maintained,Stable,None,No Winter relevance,None,3% avg weekend uplift,0,0,Seasonal factor: No Winter relevance
December,2024,SKU0173,Room Freshener 240ml,Household,Air Freshener,218,7.0,34662.0,0.5,Regular consumer demand,Normal Trading,Adequate inventory maintained,Stable,None,No Winter relevance,None,1% avg weekend uplift,0,0,Seasonal factor: No Winter relevance; Niche product - irregular demand pattern
December,2024,SKU0151,Betel Leaves 1 Pack,Fruits & Vegetables,Leaves,401,12.9,16842.0,-0.5,Regular consumer demand,Normal Trading,Adequate inventory maintained,Stable,None,No Winter relevance,None,9% avg weekend uplift,0,0,Seasonal factor: No Winter relevance
December,2024,SKU0063,Fresh Milk 500ml,Dairy,Milk,1030,33.2,26780.0,10.8,Regular consumer demand,Normal Trading,Adequate inventory maintained,Stable,None,No Winter relevance,None,7% avg weekend uplift,0,0,Seasonal factor: No Winter relevance
December,2024,SKU0240,Herbal Shampoo 400ml,Personal Care,Hair Care,992,32.0,227168.0,18.5,Regular consumer demand,Normal Trading,Adequate inventory maintained,Stable,None,No Winter relevance,None,6% avg weekend uplift,0,0,Seasonal factor: No Winter relevance
December,2024,SKU0224,Towels Bath Size,Lifestyle,Bedding,505,16.3,166145.0,8.6,Regular consumer demand,Normal Trading,Low stock impact - 48 units missed opportunity,Stable,None,No Winter relevance,None,7% avg weekend uplift,0,48,Seasonal factor: No Winter relevance
December,2024,SKU0082,Tea Powder 1kg,Beverages,Tea,616,19.9,171864.0,-5.4,Regular consumer demand,Normal Trading,Stockout for 5 days - lost 83 units,Stable,None,No Winter relevance,None,12% avg weekend uplift,5,83,Seasonal factor: No Winter relevance; Inventory issue: Stockout for 5 days - lost 83 units
December,2024,SKU0158,Beetroot 1kg,Fruits & Vegetables,Vegetables,932,30.1,39144.0,15.6,Regular consumer demand,Normal Trading,Adequate inventory maintained,Stable,None,No Winter relevance,None,9% avg weekend uplift,0,0,Seasonal factor: No Winter relevance
December,2024,SKU0296,Puja Flowers Combo,Fruits & Vegetables,Flowers,410,13.2,110290.0,1.7,Regular consumer demand,Normal Trading,Adequate inventory maintained,Stable,None,No Winter relevance,None,9% avg weekend uplift,0,0,Seasonal factor: No Winter relevance
December,2024,SKU0165,Floor Cleaner 1L,Household,Cleaning,439,14.2,74191.0,-5.6,Regular consumer demand,Normal Trading,Adequate inventory maintained,Stable,None,No Winter relevance,None,3% avg weekend uplift,0,0,Seasonal factor: No Winter relevance
December,2024,SKU0118,Protein Chips 100g,Snacks,Health Snacks,112,3.6,15568.0,-9.7,Regular consumer demand,Normal Trading,Adequate inventory maintained,Stable,None,No Winter relevance,None,5% avg weekend uplift,0,0,Seasonal factor: No Winter relevance; Niche product - irregular demand pattern
December,2024,SKU0136,Frozen Pizza 300g,Frozen Foods,Frozen Foods,215,6.9,36335.0,15.6,Regular consumer demand,Normal Trading,Adequate inventory maintained,Stable,None,No Winter relevance,None,4% avg weekend uplift,0,0,Seasonal factor: No Winter relevance; Niche product - irregular demand pattern
December,2024,SKU0283,Pressure Pan 3L,Household,Cookware,225,7.3,179775.0,3.7,Regular consumer demand,Normal Trading,Adequate inventory maintained,Stable,None,No Winter relevance,None,1% avg weekend uplift,0,0,Seasonal factor: No Winter relevance; Niche product - irregular demand pattern
December,2024,SKU0058,Tomato Ketchup 1kg,Grocery,Condiments,805,26.0,111895.0,-13.4,Regular consumer demand,Normal Trading,Low stock impact - 30 units missed opportunity,Moderate Decline,None,No Winter relevance,None,4% avg weekend uplift,0,30,Seasonal factor: No Winter relevance
December,2024,SKU0267,Face Cream 200ml,Personal Care,Skin Care,621,20.0,142209.0,-8.9,Regular consumer demand,Normal Trading,Adequate inventory maintained,Stable,None,No Winter relevance,None,6% avg weekend uplift,0,0,Seasonal factor: No Winter relevance
December,2024,SKU0061,Fresh Milk 1L,Dairy,Milk,911,29.4,47372.0,8.8,Regular consumer demand,Normal Trading,Adequate inventory maintained,Stable,None,No Winter relevance,None,7% avg weekend uplift,0,0,Seasonal factor: No Winter relevance
December,2024,SKU0080,Chocolate Milk 180ml,Dairy,Beverages,1262,40.7,53004.0,62.8,Christmas demand surge - Chocolate,Festival - Christmas,Stockout for 4 days - lost 125 units,Strong Increase,Christmas,No Winter relevance,None,7% avg weekend uplift,4,125,Festival demand: Christmas; Seasonal factor: No Winter relevance; Inventory issue: Stockout for 4 days - lost 125 units; Significant demand spike - review forecast
December,2024,SKU0207,LED Bulb 9W,Electronics,Lighting,982,31.7,136498.0,13.1,Regular consumer demand,Normal Trading,Adequate inventory maintained,Stable,None,No Winter relevance,None,6% avg weekend uplift,0,0,Seasonal factor: No Winter relevance
December,2024,SKU0195,Baby Diapers 42pcs,Personal Care,Baby Care,706,22.8,564094.0,13.9,Regular consumer demand,Normal Trading,Adequate inventory maintained,Stable,None,No Winter relevance,None,6% avg weekend uplift,0,0,Seasonal factor: No Winter relevance
